transaction_id,timestamp,sender_address,receiver_address,amount,transaction_fee,gas_used,block_number,confirmation_time
5feceb66ffc86f38,2024-03-22 01:39:00,0x38b2d03f3256502b1e9db02b2d12aa27a46033ff,0x2858dcd1057d3eae7f7d5f782167e24b61153c01,23.4634,0.034938,78134,1474112,298
6b86b273ff34fce1,2024-01-19 05:05:00,0x41cfc0d1f2d127b04555b7246d84019b4d27710a,0x83f814f7a92e365cbd79f9addceed185761a8d38,150.5061,0.026851,41491,1170102,173
d4735e3a265e16ee,2024-07-19 06:29:00,0x8acc23987b8960d83c44541f9f0eb46454cea080,0x718127812c05853f0bec61582a4a3840b1c844fe,65.8373,0.015545,22341,1394274,104
4e07408562bedb8b,2024-06-27 07:47:00,0xb98880883fd8d975260f1807fa46a5156fcc4cc8,0xfa4ddf29f41b575377ce14a7900d1e26b669163c,45.6471,0.040708,65623,1217285,119
4b227777d4dd1fc6,2024-06-11 12:53:00,0xeaa0689a095d4394a05fb51b84b0175a47f68221,0x13671077b66a29874a2578b5240319092ef2a104,8.4812,0.034268,21338,1338404,345
ef2d127de37b942b,2024-04-11 14:36:00,0x16badfc6202cb3f8889e0f2779b19218af4cbb73,0x5538e771949ffec150f6e8260b2e3801236c7373,8.4798,0.008215,92431,1159476,247
e7f6c011776e8db7,2024-03-15 15:13:00,0x826e27285307a923759de350de081d6218a04f4c,0x9cfd3c755be26b4e1645918e2a64a26e3d851ede,2.9919,0.045555,33254,1758842,390
7902699be42c8a8e,2024-03-04 07:21:00,0x7acc684a848a9b954959fdd22493f48cf44eed02,0x4a30a219a9d7663fdd35c0a5df49c8d55018f13a,100.5615,0.041145,72860,1160928,445
2c624232cdd22177,2024-11-03 05:37:00,0x6aac0cf87a32e631536122c3f2f9a2df215f56f2,0x6a97982dccf77dd3dafa27fcbdf75c017301f730,45.9541,0.047495,32344,1664560,492
19581e27de7ced00,2024-01-24 03:26:00,0x0e78437805639c14d6413de94c031fd1babdb561,0x2e00b312b0a9681bef09f9085a4e918b8fceb0c0,61.5625,0.036313,22750,1850610,34
4a44dc15364204a8,2024-01-22 16:44:00,0xfa88d374b9cf5e059fad4a2fe406feae4c49cbf4,0xdcb5d6e69e4ded78464ae2843f509daf65c9ca09,1.04,0.030709,75756,1296141,126
4fc82b26aecb47d2,2024-03-09 05:26:00,0xb98880883fd8d975260f1807fa46a5156fcc4cc8,0x0f8ef3377b30fc47f96b48247f463a726a802f62,175.1779,0.02097,88957,1943115,491
6b51d431df5d7f14,2024-06-08 04:58:00,0xa0d177b4967a6d99f4ff117defe1c0d23d4e78ca,0x624b60c58c9d8bfb6ff1886c2fd605d2adeb6ea4,89.3215,0.046643,79053,1643561,401
3fdba35f04dc8c46,2024-06-18 10:02:00,0x0fbc9039145b6449a7765dcc00d3bd8377d93ac8,0x864995ea35b82212a9a2d456a3f89833f24651c4,11.9344,0.043317,91855,1696595,546
8527a891e2241369,2024-01-20 07:44:00,0x0aa598c735f77296910c9b61658e9411d38061dc,0xed0b853bd9c28435b6aa98fb0780ca80d7d6f723,10.0339,0.002356,36896,1248500,88
e629fa6598d73276,2024-05-24 18:56:00,0x929f003731a97f915d11893c6652bbc7db0b3611,0x1b3c33580f2e2094cbde0bfd58f8008ee6e29c06,10.1306,0.001416,76761,1690417,589
b17ef6d19c7a5b1e,2024-11-01 11:38:00,0x98f1f17f9a73ccfe3e25940add8d9ce9bf055131,0xbc57590a33fe355e174396df60ac503f8e997637,18.1377,0.018886,83552,1132311,182
4523540f1504cd17,2024-06-09 12:28:00,0x7c252ab334fb8fd88e8242c4972c21db9c7ce0b4,0x37c20f19f3272b5ccc3a5d80587eb9deb3f4afcf,37.1964,0.040547,98454,1759034,21
4ec9599fc203d176,2024-11-23 02:29:00,0x3097fc802d49355a0a256d4b07ab9f7257fcf350,0x30e4c02268d49ca010e3c62fcc2615da2fad4cf0,28.2769,0.049365,48935,1245546,137
9400f1b21cb527d7,2024-07-21 13:44:00,0x44c8031cb036a7350d8b9b8603af662a4b9cdbd2,0x3d3286f7cd19074f04e514b0c6c237e757513fb3,17.2111,0.007606,58641,1196733,101
f5ca38f748a1d6ea,2024-01-05 17:34:00,0xd4679c618f1af07ee8570edd4b931e2e68e1c2d4,0x156091ee0884f36de9836d58b6f05f357ec6ef06,47.3185,0.029747,50711,1651233,552
6f4b6612125fb3a0,2024-04-26 06:14:00,0xf5ca38f748a1d6eaf726b8a42fb575c3c71f1864,0x236b565af6b512826fd89dbbde2e88b94465f780,7.5117,0.019106,91342,1569560,541
785f3ec7eb32f30b,2024-11-03 17:43:00,0xf7b856c054de7ccced087ad4f9413380ec494e40,0xe629fa6598d732768f7c726b4b621285f9c3b853,17.2758,0.048499,33182,1875825,456
535fa30d7e25dd8a,2024-09-04 18:18:00,0xd40fbd13d527595c47eacbf0d7c87d256139d9d4,0xc57727d64e318e2ea42af2b4c3360999ced13440,22.8139,0.042122,77276,1847644,399
c2356069e9d1e79c,2024-07-21 08:09:00,0x2fca346db656187102ce806ac732e06a62df0dbb,0x4c8d5b6c695d265fb63dd73f275a21043a5887b3,30.4467,0.041933,40541,1146470,52
b7a56873cd771f2c,2024-04-23 05:12:00,0x0aa598c735f77296910c9b61658e9411d38061dc,0x7b1a278f5abe8e9da907fc9c29dfd432d60dc76e,76.8968,0.023488,65813,1644318,263
5f9c4ab08cac7457,2024-06-05 18:52:00,0x9197e4844abed2fea3569a2acf7b0d584c979c33,0x138d9e809e386a7b800791d1f664f56d1c55f3d1,11.1368,0.020799,58198,1318647,139
670671cd97404156,2024-09-02 02:24:00,0xa0eaec5a55dc2f5b2ba523018adc485ff620b9d8,0xee9d527a0a6108477fc5c98cf2a00f65d38c8e85,36.1015,0.013743,29820,1924142,69
59e19706d51d39f6,2024-03-15 10:15:00,0xc7e616822f366fb1b5e0756af498cc11d2c0862e,0xb064bdba191139689139124101c1c39926326a9b,44.8752,0.002913,45070,1006570,476
35135aaa6cc23891,2024-03-08 12:51:00,0x7f2253d7e228b22a08bda1f09c516f6fead81df6,0x2ac878b0e2180616993b4b6aa71e61166fdc86c2,2.3782,0.04325,90768,1330929,296
624b60c58c9d8bfb,2024-10-03 15:42:00,0x1a1cf797fabe7f95836fabeca626907c77b3e6c9,0x3a8f6d79cd434dc10588606993976b7b2bc038ff,46.7667,0.040664,32122,1533398,526
eb1e33e8a81b697b,2024-03-11 10:14:00,0xaaf5060b9517ba4f550ee34a7f3ed7b05b6e5100,0xce7d916f3b5c6edb421222b8e3b4c69f21bcdd5c,9.3481,0.049986,94543,1499115,476
e29c9c180c6279b0,2024-09-18 09:37:00,0x6f81082badfd007354ac6ebb78adaa04bfedf9a1,0x89aa1e580023722db67646e8149eb246c748e180,3.3632,0.049832,62786,1079141,354
c6f3ac57944a5314,2024-09-07 11:03:00,0x73475cb40a568e8da8a045ced110137e159f890a,0x09eac95eb995b821f45353054da3c7eec5f5171f,148.6844,0.027816,27737,1012115,391
86e5014965866131,2024-07-11 14:50:00,0xd15e7843961ed4bfa3e08a80b882c74670e9e934,0x7fc81a57656ec055615121454cb5343aaf3db93c,168.5315,0.038472,57062,1039062,262
9f14025af0065b30,2024-02-01 15:21:00,0xe29c9c180c6279b0b02abd6a1801c7c04082cf48,0x7ed8f0f3b707956d9fb1e889e11153e0aa0a8549,82.6166,0.047244,75237,1809343,65
76a50887d8f1c2e9,2024-11-30 13:01:00,0xc24cf8d31cf7e596ba052b7ed00f169b1c2bafb9,0x2c69bc9b34fb0800a44a702e45019c107dfdc827,18.1644,0.042497,72571,1628349,472
7a61b53701befdae,2024-03-31 21:29:00,0x9512d95d00d61bdec03d2b99d6ecc455ee5644ae,0xfbb2a73b0bacf3953186a92029e3e9b130373a9f,5.1389,0.012443,46510,1294700,466
aea92132c4cbeb26,2024-10-02 15:22:00,0xf8809aff4d69bece79dabe35be0c708b890d7eaf,0xc2a181d8178a9f753b013fc4bb892ceeb5dc5bcb,57.6375,0.022582,40426,1995635,92
0b918943df0962bc,2024-02-27 09:07:00,0x02f99d2002c703f1669e358989f1663e1e38e962,0x308831041ea4863c3f87d222c31f759411898c87,29.0045,0.006545,58265,1390479,108
d59eced1ded07f84,2024-08-01 11:39:00,0x6f4b6612125fb3a0daecd2799dfd6c9c299424fd,0xa9346b0068335c634304afa5de1d51232a809667,6.5076,0.047707,38850,1526257,158
3d914f9348c9cc0f,2024-09-20 08:01:00,0xbda584056eb9957d6c681e00079eff36fec289e2,0x07e46896ba89f88776fed50a1b7895129f9b9af7,34.1774,0.030348,87150,1830185,338
73475cb40a568e8d,2024-05-20 00:29:00,0xc75de23d89df36ba921287616ee8edb4c986e328,0x7f0a22117f8fe0172cf9209ff622b64a51aaeda2,1.7497,0.011509,95910,1397686,165
44cb730c420480a0,2024-02-20 15:33:00,0x011af72a910ac4acf367eef9e6b761e0980842c3,0x9be3da431e0a833d2b07781de97ebbd0b14c274d,120.0211,0.033618,73375,1121863,199
71ee45a3c0db9a98,2024-02-03 08:50:00,0x38d66d9692ac590000a91b03a88da1c88d51fab2,0x3097fc802d49355a0a256d4b07ab9f7257fcf350,14.9729,0.030945,56435,1796657,503
811786ad1ae74adf,2024-06-14 22:48:00,0x5844a72aee9269a68da28cae55c706d824b02ffb,0xac1270c5058af65025e5b2a3e3014cea69460e7d,54.3128,0.017972,78132,1501076,272
25fc0e7096fc6537,2024-07-29 17:25:00,0x162753c27c8b32975a0edf5e89ab4ed8e2f06f02,0xa42e815c58f3977fe531a80ffd4659121c3b9f87,18.6773,0.005767,99945,1647296,89
31489056e0916d59,2024-02-28 02:27:00,0x85daaf6f7055cd5736287faed9603d712920092c,0x1e472b39b105d349bcd069c4a711b44a2fffb8e2,36.7055,0.033612,23983,1500726,409
98010bd9270f9b10,2024-06-18 12:18:00,0xb2cc86ae48fd3b8775335b586b3549e53af3d749,0x1e5ee5e58c8f490ae68e7e91b1575ebefc2bf6c2,39.5612,0.026063,41662,1678556,269
0e17daca5f3e175f,2024-03-14 13:07:00,0x98964da49d0a98402ed3d2d37b3350cf0aa346f5,0x236b565af6b512826fd89dbbde2e88b94465f780,10.2194,0.038639,44510,1630111,561
1a6562590ef19d10,2024-10-03 19:11:00,0x84a5092e4a5b6fe968fd523fb2fc917dbffae441,0x05ada863a4cf9660fd8c68e2295f1d35b2264815,174.6404,0.026056,99187,1800101,110
031b4af5197ec30a,2024-07-21 09:56:00,0x6e82b8197ce29396936a07b1eb951c88650a2fc0,0x99a0b871c9047c4f5555fcf062e0623174bae387,74.6123,0.042624,61998,1954884,368
41cfc0d1f2d127b0,2024-11-26 03:55:00,0xd536a8c1664fec0bc85615cf3cb2645871e8b293,0xb4bbe448fde336bb6a7d7d765f36d3327c772b84,140.2547,0.02764,77846,1910830,389
2858dcd1057d3eae,2024-09-22 15:54:00,0x4be84111a613654b362415e563cb7607df7b203b,0x6d094db49a6e224278dd87d28835b66af6d2db25,112.6076,0.028091,27640,1634965,230
2fca346db6561871,2024-04-28 10:35:00,0x87c7965a1cc6c11a653b210aaef95e381b95afdd,0xfa7aec4efb728534ef32c172197c9560097c6d0e,45.5527,0.043845,65547,1771246,429
02d20bbd7e394ad5,2024-09-26 13:22:00,0x21ef779311a43f0e067d0f4f600bb5451a8a7e09,0x72933e3b31f0070af6478edc3becf96e1ee59917,127.4718,0.020234,75620,1048320,133
7688b6ef52555962,2024-09-15 16:48:00,0x68519a9eca55c68c72658a2a1716aac3788c2898,0xa67063986e67b7ddd107229ba9d480ee3a02f9d5,4.6328,0.006787,36317,1964918,431
c837649cce43f272,2024-06-01 13:24:00,0x90b0ce469fbd8e30a2862bb24d562dc641c534a9,0xfa88d374b9cf5e059fad4a2fe406feae4c49cbf4,10.9067,0.001536,28564,1496758,240
6208ef0f7750c111,2024-07-13 09:46:00,0xfc47b34e36f4032acd1ca2192a7b9b097011ccbf,0xdbae772db29058a88f9bd830e957c695347c41b6,2.3141,0.037781,48345,1146649,72
3e1e967e9b793e90,2024-02-21 23:50:00,0x55c8079ac96c6a4f6a94e3460c79e4006d62374c,0x3bd625f07792e885b5a4b5f0b9005a5b53a56a61,19.6766,0.031053,95859,1125354,494
39fa9ec190eee7b6,2024-05-04 14:51:00,0x04222ea3e14cb1209b9726defe3efce5196b7afa,0x8722616204217eddb39e7df969e0698aed8e599b,24.6065,0.035234,95038,1612297,583
d029fa3a95e174a1,2024-06-27 06:22:00,0x2b9449f314bf93145f8122906d8dc56c4ca1f116,0xe0850a775c17a87060c0cf6efad1020e0cbef5a4,15.828,0.010727,73393,1781725,492
81b8a03f97e8787c,2024-04-28 23:39:00,0x85daaf6f7055cd5736287faed9603d712920092c,0x74332c78b10e3ee51ac4a3c18ccc15c1b6c9807b,88.2279,0.006905,87081,1448625,528
da4ea2a5506f2693,2024-12-02 14:34:00,0xf7abf2a084c3668c7b90654bf01205085e5d0219,0x0b06d2ffebd5c025cf444cb95a73e1fff0465692,22.0613,0.000826,50430,1028625,164
a68b412c4282555f,2024-10-03 07:27:00,0x7f3ee9fe1fbf452b0c242614e1cad18b6dce034e,0xc63efd61a70d0f6b7e5de2b9e0c36adfae6d7606,16.4901,0.017594,96532,1736400,101
108c995b953c8a35,2024-07-15 13:40:00,0x80c3cd40fa35f9088b8741bd8be6153de05f661c,0x0dfcddb0440e967f05bb68ca09a5e2188b8abc36,39.1204,0.029537,48788,1286233,535
3ada92f28b4ceda3,2024-06-08 22:03:00,0xba9c5622470525f1bbed5f36077631df5089db3a,0x72ba187b05e705de2dced5824d716a71872dedcc,7.5949,0.019673,69543,1036487,464
49d180ecf5613281,2024-08-24 03:15:00,0x156091ee0884f36de9836d58b6f05f357ec6ef06,0x46d4c7c3285e2d04cbf9d55aa79142a277c48372,81.0242,0.02193,34919,1459054,519
a21855da08cb102d,2024-02-10 17:35:00,0xf6e0a1e2ac41945a9aa7ff8a8aaa0cebc12a3bcc,0xfce86e339dc3131c489202ec3b6c8d4319c61f15,3.8738,0.045218,90346,1228071,192
c75cb66ae28d8ebc,2024-06-15 18:54:00,0xd4e33e2934280979f580a63f992daa7d0de2cd64,0x0b35b06a22779418f775a804f36485f7bc978071,216.7073,0.017478,60974,1896880,395
ff5a1ae012afa5d4,2024-01-24 08:59:00,0x670671cd97404156226e507973f2ab8330d3022c,0x718127812c05853f0bec61582a4a3840b1c844fe,73.9742,0.025748,37371,1488011,583
7f2253d7e228b22a,2024-08-17 16:56:00,0xad8fa913d25b3970c6efa8ca504da8ba670ce2a9,0x7125e777a6b199fc4e8c2a0d024215e393c06bf7,11.077,0.039204,66084,1312282,414
8722616204217edd,2024-10-19 02:51:00,0x88820462180e5c893eff2ed73f4ec33e205d1cd5,0x4e07408562bedb8b60ce05c1decfe3ad16b72230,0.2769,0.019887,50629,1173895,255
96061e92f58e4bdc,2024-07-13 23:06:00,0xe6fcc0253ed7a328a10eb6e2e1ad6abcad60c374,0x09895de0407bcb0386733daa14bdb5dfa5445055,84.4948,0.031142,72184,1430424,480
eb624dbe56eb6620,2024-02-18 04:43:00,0xa6c2a2325dfd588f202a240a06ccb2b037854e70,0xa15faf6f6c7e4c11d7956175f4a1c01edffff6e1,61.3548,0.043132,82916,1316205,432
f369cb89fc627e66,2024-06-02 15:11:00,0xbff3992c1d4f9aa5a7945023e32989d83c60ae06,0x38b83caefa1ef26940f1d07bd4ec94c60809b0f8,65.2831,0.047481,94972,1948163,74
f74efabef12ea619,2024-08-17 03:23:00,0xdff17949eb4f9ecd9361bb97c38a9404f3d03456,0x8e46760943785a93c7bbfd1b0e733299b05f4d9f,73.7607,0.007439,83187,1101376,22
a88a7902cb4ef697,2024-06-03 19:55:00,0x131b0c35e2d7edef9dd63f48eff39341ef0a5f77,0xaee4848a8580f31102073d34012cb3700fee3e61,3.8465,0.046337,33984,1425106,222
349c41201b62db85,2024-12-29 12:41:00,0xa5abb1500bdeaef41e2edd598c015edfaa467930,0xe2fa8f5b4364b8ef4dd1f26ab47105d908d06ec8,22.1946,0.024657,54039,1865566,251
98a3ab7c340e8a03,2024-10-15 02:10:00,0x2f1d593cd98cb5bf81eb9d880221122342784ac5,0x63db0204e2f34aaadace364d046ef5d7614b8cb2,6.1575,0.012986,79606,1833487,502
48449a14a4ff7d79,2024-11-30 03:01:00,0x367461e6dd07bdb57342cb64b2a8d8e0fa13c538,0x5344c4110f483793dc352c388e67776724c36b4b,99.4265,0.023011,31616,1767629,222
5316ca1c5ddca8e6,2024-04-14 00:51:00,0xfc56dbc6d4652b315b86b71c8d688c1ccdea9c5f,0xbe4b2f45069c180ef309521f6770146920df18e6,48.8151,0.049004,71072,1281652,347
a46e37632fa6ca51,2024-07-11 21:06:00,0x349c41201b62db851192665c504b350ff98c6b45,0x620c9c332101a5bae955c66ae72268fbcd397276,20.0909,0.024682,45574,1959791,182
bbb965ab0c80d653,2024-04-11 16:13:00,0x67eab6db6703cdf9acf656bbb09640fcde2ff197,0xad21a2b810af49a8b9241e10dfce3a016987441c,3.2834,0.016505,24430,1472132,173
44c8031cb036a735,2024-06-28 14:07:00,0x1706be6c293444756e72b05e4afa9eb1038e552a,0xcc6bb91d4a9aec9fe2e20ae49fd18166f522a791,18.6244,0.031707,33676,1158056,474
b4944c6ff08dc6f4,2024-07-10 07:44:00,0x6ffbae9aaff664bd4739f51a6c7883a2c3ce74e9,0x35bbce4007c5cd57a4c6dcabbdf5b347c9557ec1,19.6657,0.012083,31816,1634457,506
434c9b5ae514646b,2024-11-07 23:25:00,0x62e66f3e9936906923febd26f9d2536edf389369,0x09a1b036b82baba3177d83c27c1f7d0beacaac6d,65.3938,0.003886,53733,1794557,404
bdd2d3af3a5a1213,2024-10-17 20:01:00,0x9f484139a27415ae2e8612bf6c65a8101a18eb5e,0x524b2d27a1e7fbc3a1614fa661e2dcad68462352,50.7445,0.006531,23050,1560347,317
8b940be7fb78aaa6,2024-09-20 14:20:00,0x1253e9373e781b7500266caa55150e08e210bc8c,0xc57727d64e318e2ea42af2b4c3360999ced13440,109.1126,0.006489,54933,1462785,192
cd70bea023f752a0,2024-06-08 16:54:00,0xc66bbe9d118f554bfdba35a609848b9ab2d9c22e,0x3da6ee6699da1eb52d358aa59b8e1cf6b5d77db2,31.9533,0.00768,45951,1627697,519
69f59c273b6e669a,2024-04-10 17:31:00,0x74332c78b10e3ee51ac4a3c18ccc15c1b6c9807b,0x5fbc314fb0b511345465b5b907ec6961328e5e39,6.3686,0.007027,53413,1934591,555
1da51b8d8ff98f6a,2024-12-25 08:48:00,0x43c727ee4fc7250574d2ef90cfa16626388a10e1,0x25dac95b8f595046bc435139636b0e2f1ff6e0ea,62.4563,0.03208,55801,1499653,573
8241649609f88ccd,2024-03-07 04:45:00,0x062f50753b9095ee2eff40f888d93e61f2ffeb66,0xe078af3026edb42cc26b32784baa142a79970078,71.5196,0.009176,76619,1529992,236
6e4001871c0cf27c,2024-02-04 07:25:00,0x290a0b92873bdf4e47986dc5208037bad7527653,0xfbb2a73b0bacf3953186a92029e3e9b130373a9f,41.1944,0.017349,53913,1978080,445
e3d6c4d4599e0088,2024-03-20 20:15:00,0x3de8392541ace28284aca7f2724273739fcf4cf7,0x5426d2ca50f244fb43fe9eafc82da08f33f3b4f8,73.6945,0.04485,61600,1728744,431
ad48ff99415b2f00,2024-04-21 07:05:00,0x10e4e7caf8b078429bb1c80b1a10118ac6f963ef,0xd7be6321b3d940822dd195bcc86cca411cd9d95f,34.0407,0.023751,78775,1742488,563
7b1a278f5abe8e9d,2024-04-26 11:53:00,0x6affdae3b3c1aa6aa7689e9b6a7b3225a636aa1a,0x7559ca4a957c8c82ba04781cd66a68d6022229fc,36.9839,0.033411,56400,1635567,30
d6d824abba4afde8,2024-11-03 09:46:00,0x96bb293aaa330ef307ee004448b92b75ffdc25ad,0x35c71bd7eaf4607047bb7c186d17251942204229,27.8907,0.008699,25494,1989964,563
29db0c6782dbd500,2024-02-16 06:13:00,0xde0023e398111d43424845aaeee2e119249cc056,0x011af72a910ac4acf367eef9e6b761e0980842c3,1.2874,0.009695,95691,1682568,406
8c1f1046219ddd21,2024-10-07 04:17:00,0x477f4b2cdd3fe2b9fdd7dfb887f98252ef26cecf,0x219de1387a6743e583e805aad3bf0ffc69dc2107,5.7084,0.002139,64001,1642804,114
ad57366865126e55,2024-10-04 21:16:00,0x44cb730c420480a0477b505ae68af508fb90f96c,0x99a0b871c9047c4f5555fcf062e0623174bae387,1.5967,0.00853,88364,1522828,201
16dc368a89b428b2,2024-12-06 19:45:00,0x03a3d955b8799a90f1ff5a39479fde8e618f8ca3,0x6af1f692e9496c6d0b668316eccb93276ae6b677,50.5865,0.014002,66028,1478366,26
37834f2f25762f23,2024-07-02 01:46:00,0x6fc8f95bc6465849249d974d53eecc56c00ffda0,0x30e26cef13a6dbbf0e3035f8c16f55670f4e468e,18.8698,0.008933,58573,1721384,129
454f63ac30c83229,2024-01-09 08:38:00,0x050a010ce24d0896056e9a36a1940738d38f469d,0xc032851ed192d8ac0a3ad04b0ef3060b44d1f6d6,35.5219,0.004526,21806,1957386,402
5ef6fdf32513aa7c,2024-03-24 09:56:00,0xcebe3d9d614ba5c19f633566104315854a11353a,0x5092c37bcbc9f0fb33cb0f9cab7aa5ae94ed0f12,119.0633,0.00612,77638,1419139,434
1253e9373e781b75,2024-07-13 07:06:00,0x2af4dd48399a5cf64c23fc7933e11aaf6171d800,0x811786ad1ae74adfdd20dd0372abaaebc6246e34,14.3369,0.023093,50757,1519777,138
482d9673cfee5de3,2024-09-04 16:59:00,0x7f2253d7e228b22a08bda1f09c516f6fead81df6,0xa4e987d17584557e2fbed011cddf66dc5185338b,26.4141,0.010396,55636,1376188,139
3346f2bbf6c34bd2,2024-03-22 05:30:00,0x0cce0bd361c46fcde41daebc801da75e21320763,0xdf56bc061e91023bff33c6ba0d49d166a60e3aa9,70.4375,0.018277,69280,1232549,581
9537f32ec7599e1a,2024-08-01 17:17:00,0x09eac95eb995b821f45353054da3c7eec5f5171f,0x5844a72aee9269a68da28cae55c706d824b02ffb,12.9903,0.025221,45262,1553453,569
0fd42b3f73c448b3,2024-11-12 14:04:00,0xdeeeb5df3f2cee6bf4e597a8a3a878a6ce49b932,0x07e46896ba89f88776fed50a1b7895129f9b9af7,4.0052,0.034551,83211,1591491,38
9bdb2af6799204a2,2024-04-25 04:00:00,0x3fdba35f04dc8c462986c992bcf8755462571130,0xf53f2fb9b99180ea02b1f345b6c862e6bdde16e3,17.107,0.002062,75842,1484965,106
f6e0a1e2ac41945a,2024-11-26 09:23:00,0x8a9a02d73aeefd97306a08c30969a9e8d5ef0396,0x209eb5f20ab018ff6f1e42b98e5b57921aa4e2b7,8.7904,0.039991,77979,1790546,19
b1556dea32e9d0cd,2024-01-03 08:42:00,0x0a1f1256f9bac68e806442aa76455bb761af5414,0xa934c244755c66aebb0d6f9f5687038ffae8f00b,132.7475,0.031432,59197,1982469,251
6c658ee83fb7e812,2024-07-10 19:03:00,0x55e8ab098d48f8be5578e3d3708496d152a27c4c,0x3c1b7053f0edd447b778edbc0ad8359b0fa892d6,82.5444,0.00418,62844,1036321,241
9f1f9dce319c4700,2024-12-30 12:22:00,0x5344c4110f483793dc352c388e67776724c36b4b,0xa4c6af0cb6f02dff01ba174e4cf11f24f73d9ed1,50.1747,0.043692,85754,1335441,293
28dae7c8bde2f3ca,2024-05-10 02:10:00,0x0fd42b3f73c448b34940b339f87d07adf116b05c,0x313c938e0103b56b43632b702e3e63447fab1f90,102.576,0.046052,55157,1883084,209
e5b861a6d8a966df,2024-03-18 11:39:00,0x3538a1ef2e113da64249eea7bd068b585ec7ce5d,0x7125e777a6b199fc4e8c2a0d024215e393c06bf7,81.3984,0.003148,98129,1885736,88
2ac878b0e2180616,2024-08-05 07:42:00,0x72805ff7c0f210f3aa6e66f3f208974437611c64,0x6f81082badfd007354ac6ebb78adaa04bfedf9a1,10.3248,0.013916,61042,1245014,182
85daaf6f7055cd57,2024-05-24 20:13:00,0x9b15fed64ef16980f625aeed46ab4cd2c4986905,0x0fecf9247f3ddc84db8a804fa3065c013baf6b7c,111.5407,0.040329,82665,1156498,476
3038bfb575bee6a0,2024-04-21 07:03:00,0xe9ad42e2c3f4805614f568186b0282219cf7350b,0xecac903ea62dc1d5446a88330af0a17ce89c7787,38.755,0.037438,48376,1017772,590
2abaca4911e68fa9,2024-09-29 06:37:00,0x1bee34b6262a7777362f96e3dd5635764e820f97,0xba9c5622470525f1bbed5f36077631df5089db3a,82.3674,0.009308,76554,1890186,425
89aa1e580023722d,2024-04-27 15:16:00,0x12e967ca0f368d0d8511518c58c6929146650bb1,0xaea92132c4cbeb263e6ac2bf6c183b5d81737f17,113.2121,0.010547,35199,1790144,458
1be00341082e25c4,2024-01-01 09:59:00,0x064c3e311ef63912b0cc91db9681ce2d301c3e76,0x38d66d9692ac590000a91b03a88da1c88d51fab2,19.1365,0.018587,71948,1394583,96
a665a45920422f9d,2024-08-24 01:02:00,0x5c3e9040008c91509e2d28e5308034b677d4e2cc,0xd4b9aead1dd10a596542d1d8211a5021b9c3e894,5.8296,0.024278,94781,1238389,110
6affdae3b3c1aa6a,2024-12-21 19:00:00,0xc75de23d89df36ba921287616ee8edb4c986e328,0x926a7fc32c08e49183ba9969eb0fe284d7572a79,12.9343,0.030951,93750,1639430,17
0f8ef3377b30fc47,2024-01-15 04:22:00,0x75c3e223190bf1a1fa2af808d1dfcdffe33727d5,0x90b5bc7f03c840b2efddb22ffdfc37dd12cb391b,27.8529,0.018509,87262,1616024,209
65a699905c026193,2024-03-22 11:01:00,0x580811fa95269f3ecd4f22d176e079d360935736,0x9644294ac4ffb3091eef01219b3fe4fe467f0589,85.1915,0.02318,67600,1051924,514
922c7954216ccfe7,2024-09-21 07:32:00,0x8b80f49ec2822cb3cdbe97d9405e39ae40ba418b,0xd7be6321b3d940822dd195bcc86cca411cd9d95f,98.5672,0.037399,97898,1528014,96
2747b7c718564ba5,2024-08-11 22:11:00,0x20ca98162ba780883712eb701c84e4c06f73aba7,0x454f63ac30c8322997ef025edff6abd23e0dbe7b,0.3488,0.00193,83483,1351296,52
6566230e3a3ce377,2024-06-23 08:43:00,0x926a7fc32c08e49183ba9969eb0fe284d7572a79,0x62f6d46c48c7d9ff3d09a408d0ec880f167a5dc9,35.7438,0.012697,39297,1027723,394
38d66d9692ac5900,2024-02-12 04:18:00,0x8b5551ea922dd24625c45051c64adb50fdff91fe,0x80c39b8ca01cdfda142928ba683d503173017d52,27.0137,0.035696,51448,1913401,444
eeca91fd439b6d5e,2024-06-24 09:32:00,0x27d719c754aacd492a6dc8a1b76619355abcf5ef,0xcaa1aedb2a6ce96b39b9fde1a49e1ebcb431b6da,12.5584,0.044771,47172,1758470,417
dbb1ded63bc70732,2024-02-27 08:22:00,0x7b81eb727ed48055fa55c5e03aaa43f27b01bd9b,0x454f63ac30c8322997ef025edff6abd23e0dbe7b,6.384,0.025633,63874,1886926,492
d2f483672c0239f6,2024-03-03 08:54:00,0x43d244581aa23a744de9d775979165eb226a80e2,0x5109a4e14cbbfda6b4512fc17ff13814ff9427f7,20.5954,0.026652,28657,1664468,26
5d389f5e2e34c6b0,2024-12-19 21:17:00,0x68e1e435db6ab43fd38ae5df6c6a03b50a5c9c62,0xee1a7173778d6b708b4e532f6b997fcd54053fad,143.1561,0.005448,46425,1208786,157
13671077b66a2987,2024-02-20 09:34:00,0xcc6bb91d4a9aec9fe2e20ae49fd18166f522a791,0x1e5ee5e58c8f490ae68e7e91b1575ebefc2bf6c2,19.5192,0.022426,47685,1559931,286
36ebe205bcdfc499,2024-04-01 13:49:00,0x5283f1b4e66467616feca1e0162c7d37e4e30462,0xb17ef6d19c7a5b1ee83b907c595526dcb1eb06db,36.5726,0.026678,45578,1686684,241
d80eae6e96d148b3,2024-04-03 11:48:00,0x35bbce4007c5cd57a4c6dcabbdf5b347c9557ec1,0x234666d765f4c0a26cf4d96eced9155888477cb9,60.7043,0.012199,49831,1890328,375
d6a4031733610bb0,2024-12-12 02:09:00,0x6e82b8197ce29396936a07b1eb951c88650a2fc0,0xec2e990b934dde55cb87300629cedfc21b15cd28,22.5987,0.013535,28906,1214432,237
8d27ba37c5d81010,2024-04-30 05:48:00,0xc498f3fe97c0df55ee8dea01a72572059b93f42d,0xdb55da3fc3098e9c42311c6013304ff36b19ef73,178.3899,0.018926,82413,1139999,445
dbae772db29058a8,2024-07-12 00:12:00,0x6cb6d4b2fa122bf8bd63280061e4a230565fdec3,0x46db1ca7f3598c26c3e6c8d99e3ed95d2b1c76db,164.1005,0.001102,75028,1880112,408
2c7d5490e6050836,2024-11-04 02:52:00,0x6165d33e490f91dbf808b194904d4f07c550d5e3,0x00bebc5be79d19e1b8b3f250dc39aebfa9a054ba,14.5031,0.016172,28287,1358690,220
d4ee9f58e5860574,2024-06-03 05:26:00,0x67eab6db6703cdf9acf656bbb09640fcde2ff197,0x8c004c94eb689b3765ccb51f03e1aa3392f46c68,34.383,0.010651,54660,1939947,400
d6f0c71ef0c88e45,2024-05-26 11:22:00,0x3a1dfb05d7257530e6349233688c3e121945c5de,0xff2ccb6ba423d356bd549ed4bfb76e96976a0dcd,17.8965,0.016442,96758,1079973,508
5ec1a0c99d428601,2024-08-14 23:38:00,0x0bba869d7f392cbcaca6b8935ddc7fc3a8c50846,0xa88a7902cb4ef697ba0b6759c50e8c10297ff58f,16.7625,0.006076,81504,1849881,549
be47addbcb8f6056,2024-10-17 12:53:00,0x46f9d22816179479bd27b0036854788327eedf3f,0x51d089cdaf0c968c94b80671489d22b6f79b1c57,1.8792,0.044537,80720,1634122,572
0a5b046d07f6f971,2024-09-28 21:59:00,0xd6e5a20b30f87216b2c758f5e7a23c437dbc3dfa,0x096012b7ebcaf56d1d63b2784d2b2bbdeae080d7,47.0246,0.02972,55701,1760674,500
1d28c120568c10e1,2024-11-15 00:21:00,0x6ffbae9aaff664bd4739f51a6c7883a2c3ce74e9,0x40fb7164e459a38813f304e3b45db2b074be1498,34.926,0.033987,38674,1994247,451
ec2e990b934dde55,2024-11-24 18:17:00,0xdebc96817a3523d6f3cde58b00abaf6480477744,0x1c6c0bb2c7ecdc3be8e134f79b9de45155258c1f,2.6426,0.03948,44874,1453449,270
05ada863a4cf9660,2024-03-29 02:42:00,0xcd70bea023f752a0564abb6ed08d42c1440f2e33,0x2289b221b39605c3494e7290856218e931c00af5,16.3313,0.024972,64642,1287681,359
9ae2bdd7beedc2e7,2024-06-29 12:27:00,0x00328ce57bbc14b33bd6695bc8eb32cdf2fb5f3a,0x2cfd4b162e427e8e59a2fedf7d5d138eb696d08b,119.443,0.004437,86160,1494509,361
8e612bd1f5d132a3,2024-06-12 14:52:00,0xa2cc73deb383356e2c51d5616631e0071bdf5fab,0x4ec24a2d7f1dfae1f98882eabf0400cd9483dd2d,13.693,0.026902,38602,1864008,529
043066daf2109523,2024-02-16 14:56:00,0xda4d43f295ce92630829272fad6d2e7237c6248e,0xe6f47e008cc58b38596e6fdf2f50a0fea93fd105,7.8265,0.029383,46931,1631810,329
620c9c332101a5ba,2024-09-03 04:28:00,0x1e472b39b105d349bcd069c4a711b44a2fffb8e2,0xc7e616822f366fb1b5e0756af498cc11d2c0862e,33.6136,0.037297,50192,1546900,147
1d0ebea552eb43d0,2024-01-16 07:36:00,0xafa472a961fbcb09314e81b2c3eb19cd2d9fd752,0xbbb965ab0c80d6538cf2184babad2a564a010376,212.2018,0.02164,67542,1225049,559
210e3b160c355818,2024-06-16 13:32:00,0xe73cb135243c08ab2c2adc333b150b9237093315,0x46f9d22816179479bd27b0036854788327eedf3f,13.8572,0.006466,63520,1268615,377
0fecf9247f3ddc84,2024-06-09 08:34:00,0x085bcb597bbd610a7f0f955301d0fe3734b92a71,0x8ede6b26343305e05c3c0029f4e830d4e8c20168,55.7578,0.01426,85772,1166703,229
c75de23d89df36ba,2024-01-06 05:40:00,0xad723f42c7aba316d944f19f340ce47d8e0c6fb3,0x46f9d22816179479bd27b0036854788327eedf3f,71.6944,0.018218,79762,1764357,346
7ed8f0f3b707956d,2024-02-21 16:41:00,0xbb9b8ef813475d1e0ad84e2505af6656d16c990b,0x809e63d5c8aa03af112d17361058d0d8955f6d8e,13.5667,0.032331,71106,1747419,232
ff2ccb6ba423d356,2024-02-12 20:53:00,0xb98880883fd8d975260f1807fa46a5156fcc4cc8,0x52efd2aad05d27e3eac3665b82f2bffa6da52351,65.1374,0.028582,46559,1031348,369
a512db2741cd2069,2024-06-15 17:02:00,0xda70dfa4d9f95ac979f921e8e623358236313f33,0xfadb19bfbddde11ed6828a22e742cc97f5589ce4,22.9261,0.017869,54742,1195804,338
bb668ca955632160,2024-02-19 01:54:00,0x624b60c58c9d8bfb6ff1886c2fd605d2adeb6ea4,0x48a1a756f2d83f1dc57bbf14052b70a6f40d0fce,50.0252,0.049327,90669,1787609,472
79d6eaa2676189eb,2024-01-23 20:58:00,0xa435270b90e9b7091c77f478df0b8f78dddd3207,0x759b87b87ba0c0c701d14eb2e6e31560929e9359,50.1919,0.030328,42754,1135832,570
3d3286f7cd19074f,2024-08-28 14:39:00,0xb543b2a3edcc48cc0f9d7159522673384b34fbce,0x9e11c362bc3d3572970b973d5cd86c073da358b6,38.3693,0.011938,24972,1294923,391
3f9807cb9ae9fb6c,2024-02-21 14:19:00,0x556d7dc3a115356350f1f9910b1af1ab0e312d4b,0x68fcd1eb684859a314bbf7f7c99037cead480f5b,4.7315,0.005179,91831,1283780,599
bc52dd634277c4a3,2024-06-22 07:25:00,0x38b2d03f3256502b1e9db02b2d12aa27a46033ff,0x2b9449f314bf93145f8122906d8dc56c4ca1f116,90.1822,0.007728,62873,1606177,178
e0f05da93a0f5a86,2024-07-21 18:44:00,0x0604cd3138feed202ef293e062da2f4720f77a05,0xb123f95a5578ac2ffb571adb3fd60b023e925128,19.3405,0.012373,30903,1053551,226
73d3f1ba062585bc,2024-12-19 11:13:00,0x5966abd0cbfc86f98a186531b2b4ee5f6e910120,0x93411f44e228b5004bdec50f32b6c646819eebd0,10.3216,0.008118,24020,1404772,387
80c3cd40fa35f908,2024-06-05 00:03:00,0xb3dfdc6efe322a6feccb0d081e88ffac20b0f28e,0x0604cd3138feed202ef293e062da2f4720f77a05,2.0815,0.00941,62755,1945102,128
f57e5cb1f4532c00,2024-04-06 08:19:00,0x7b2c21ead1522776414b5a256722903b465fd0c8,0xeaa1938017b2d55e02387d0837e1b56bc124ae8a,44.6889,0.014326,66648,1666923,199
734d0759cdb4e0d0,2024-12-10 04:31:00,0x768b84ef05f655d57fe22d488451f075365f6cd1,0x91a73fd806ab2c005c13b4dc19130a884e909dea,56.5926,0.008751,30516,1571107,379
284de502c9847342,2024-06-25 22:41:00,0x72ba187b05e705de2dced5824d716a71872dedcc,0x7a61b53701befdae0eeeffaecc73f14e20b537bb,0.8363,0.044849,23396,1335914,158
68519a9eca55c68c,2024-12-10 09:48:00,0xd7cdaa5ca0582076c8e772cce739e32c5077cfd2,0xb6b1b469ea43c90a602e7ae3bdea001b11f66c17,35.8815,0.004104,40129,1420182,497
4a8596a7790b5ca9,2024-10-23 09:53:00,0x6a97982dccf77dd3dafa27fcbdf75c017301f730,0x7f2253d7e228b22a08bda1f09c516f6fead81df6,12.8412,0.026273,22591,1212781,383
41e521adf8ae7a0f,2024-05-18 15:39:00,0x97623535a9ed79620c0c749a7c0a785de0f8a895,0x749fc650cacb0f06547520d53c31505c8156e0a3,51.8062,0.020579,32303,1453105,169
dac53c17c250fd4d,2024-03-09 16:27:00,0x02837c1944876b4fa860432c13f2d9b11a7fd94d,0x86bc00bf176c8b99e9cbdd89afdd2492de002c1d,9.5802,0.049121,51561,1682347,360
cba28b89eb859497,2024-03-11 13:59:00,0x6a97982dccf77dd3dafa27fcbdf75c017301f730,0x290a0b92873bdf4e47986dc5208037bad7527653,58.7106,0.005691,92719,1865146,297
8cd2510271575d84,2024-11-09 21:09:00,0xe0850a775c17a87060c0cf6efad1020e0cbef5a4,0x6d094db49a6e224278dd87d28835b66af6d2db25,24.4479,0.019953,28314,1713708,297
01d54579da446ae1,2024-09-14 23:47:00,0x085b2a38876eeddc33e3fbf612912d3d52a45c37,0x9cfd3c755be26b4e1645918e2a64a26e3d851ede,138.0172,0.048477,40623,1548884,235
3068430da9e4b7a6,2024-11-04 10:34:00,0x4fc82b26aecb47d2868c4efbe3581732a3e7cbcc,0xc0509a487a18b003ba05e505419ebb63e57a2915,7.3972,0.043289,88675,1950678,532
7b69759630f869f2,2024-10-26 08:31:00,0x87e29676d583c04a1682dbd5bc0d989f8311c888,0xa67063986e67b7ddd107229ba9d480ee3a02f9d5,20.8566,0.040872,86082,1850538,531
580811fa95269f3e,2024-12-06 01:50:00,0x98964da49d0a98402ed3d2d37b3350cf0aa346f5,0x6e4001871c0cf27c7634ef1dc478408f642410fd,6.0222,0.012969,54130,1987471,282
bfa7634640c53da7,2024-02-09 10:42:00,0xb4bbe448fde336bb6a7d7d765f36d3327c772b84,0x0e12831a7047f759733b21f028525039607350b1,129.3095,0.008627,72756,1059182,411
b8aed072d29403ec,2024-03-12 15:58:00,0x8b940be7fb78aaa6b6567dd7a3987996947460df,0x16dc368a89b428b2485484313ba67a3912ca03f2,104.9167,0.033465,47292,1349307,192
52f11620e397f867,2024-02-14 03:16:00,0x766cb53c753baedac5dc782593e04694b3bae3ae,0x87a4a78ecb6deb2dee9ddd0678d03800141864a0,14.9164,0.046476,90274,1301454,497
61a229bae1e90331,2024-10-20 04:19:00,0x102624ac0a714fa26aa0f8569b1aa0f0f80c4b34,0x5480ab857f30bc9abdc0d88179b66cb30b6a2940,53.9381,0.027882,23469,1318232,133
2811745d7b8d8874,2024-09-04 01:44:00,0xafcf8bc077e68eb94dfe783205f32cabdeead61f,0x74de057f768beb42de17ffc4b8a56100f0bed859,84.9742,0.028623,74947,1653091,423
38b2d03f3256502b,2024-03-20 13:36:00,0x1158e7e12c5e7362318e5e3c2e1f2f1ab49578ab,0xeaa1938017b2d55e02387d0837e1b56bc124ae8a,40.5066,0.014071,43534,1139978,181
d6061bbee6cf13bd,2024-06-30 01:35:00,0xc7ce483fd1cc5fd498e7e2a09851c65f89a33a68,0x454f63ac30c8322997ef025edff6abd23e0dbe7b,37.714,0.038498,84620,1823346,297
7045d16ae7f043ec,2024-05-19 12:16:00,0xeaf89db7108470dc3f6b23ea90618264b3e8f8b6,0xf626051bc94422f26f4b774a2bca105e122df36a,13.8439,0.009433,69874,1896782,444
2397346b45823e07,2024-05-18 12:08:00,0x396f804443825586c1283a27fdcadf74abb82008,0x284de502c9847342318c17d474733ef468fbdbe2,4.8863,0.016252,70708,1569667,122
70260742c2952154,2024-11-22 16:05:00,0x1706be6c293444756e72b05e4afa9eb1038e552a,0x2499d690642faa4da2a67b078236d1c031217f3c,113.7562,0.021329,95553,1471828,131
eb3be230bbd2844b,2024-04-12 01:51:00,0xa77b6cbdf6fae1676369dea1e1ea675e4c2400c9,0x6d976934be74941fba578b143ba964eded443d10,115.3387,0.02543,89344,1770188,553
684fe39f03758de6,2024-11-03 04:54:00,0x81f27f8a7d8766c72c0307a31327c1fad9007c6c,0x85e36899399df701301f6741ffab57962a143265,50.1335,0.012196,70138,1258517,231
7559ca4a957c8c82,2024-05-13 14:41:00,0x509694b0a010c6431900e71b8210521af57d39ce,0x624b60c58c9d8bfb6ff1886c2fd605d2adeb6ea4,20.7023,0.00583,75302,1955154,48
1dfacb2ea5a03e0a,2024-07-21 19:55:00,0x7182dd431b5c8833ed3c8a02c8615780df8dca7d,0x98010bd9270f9b100b6214a21754fd33bdc8d41b,21.4784,0.03057,68638,1440097,506
b4bbe448fde336bb,2024-12-02 21:00:00,0x42f0bec3310ddd8a55e8d62817337ca49c55a898,0x556d7dc3a115356350f1f9910b1af1ab0e312d4b,64.7233,0.014503,99249,1308557,242
8bcbb4c131df56f7,2024-06-30 21:41:00,0x313c938e0103b56b43632b702e3e63447fab1f90,0x96bb293aaa330ef307ee004448b92b75ffdc25ad,113.7049,0.029104,23719,1137084,539
a4e00d7e6aa82111,2024-02-24 21:26:00,0x4ec9599fc203d176a301536c2e091a19bc852759,0x6208ef0f7750c111548cf90b6ea1d0d0a66f6bff,109.0566,0.007803,43890,1705475,158
5a39cadd1b007093,2024-11-18 16:16:00,0x7b1a278f5abe8e9da907fc9c29dfd432d60dc76e,0xc3ea99f86b2f8a74ef4145bb245155ff5f91cd85,75.6781,0.024109,98236,1793583,406
27badc983df1780b,2024-03-12 07:04:00,0xf32828acecb4282c87eaa554d2e1db74e418cd68,0x8e6aee9efac8086ebac545d45c63e0d0dfcddd0d,51.3655,0.026676,57509,1582004,311
43974ed74066b207,2024-02-06 20:05:00,0xdfe62e836a0a6f2633422230c81287700a56e263,0x37b73510175057c633ebe4beb0a34917fa2a0696,4.3946,0.002686,63534,1880179,369
c17edaae86e4016a,2024-01-11 17:54:00,0xfc72c98a6c2916c1bbf9f39fce094f5785bb6f1d,0x5627b4a8f9efbd8fbdadaf4177824186f8c734f3,8.8147,0.016897,39787,1748013,247
4621c1d55fa4e86c,2024-03-08 21:53:00,0x92c5fd0421c1d619cbf1bdba83a207261f2c5f76,0x9ae2bdd7beedc2e766c6b76585530e1692511570,114.4115,0.006807,69845,1691738,245
fc56dbc6d4652b31,2024-06-21 03:01:00,0x1e472b39b105d349bcd069c4a711b44a2fffb8e2,0xc75d3f1f5bcd6914d0331ce5ec17c0db8f2070a2,46.6247,0.003262,78932,1698012,212
f8809aff4d69bece,2024-05-01 02:29:00,0x748064be03a08df81e31bd6f9e7e7c4cc9f84b44,0xd359f8b537f1888bc71fe20b3d79eae6674be7ac,0.462,0.049499,54062,1203502,265
5cf4e26bd3d87da5,2024-10-22 22:36:00,0xa4c6af0cb6f02dff01ba174e4cf11f24f73d9ed1,0x5658b88806a236b6439a7ecd0a87af2475a02a84,5.3498,0.016185,96713,1144539,244
968076be2e38cf89,2024-12-19 15:11:00,0xbe6b5b7140b02bff9ad8fa5aaaeca5973791521c,0xde0023e398111d43424845aaeee2e119249cc056,54.4581,0.040513,81461,1424226,354
8df66f64b5742439,2024-12-16 12:20:00,0x21ef779311a43f0e067d0f4f600bb5451a8a7e09,0xc9a5da075f9e5c3e7a916570946fed4826e18165,0.2537,0.012807,96418,1521863,543
83f814f7a92e365c,2024-06-04 15:30:00,0x5844a72aee9269a68da28cae55c706d824b02ffb,0x313c938e0103b56b43632b702e3e63447fab1f90,8.7658,0.034107,87672,1121999,475
d29d53701d3c859e,2024-10-19 00:41:00,0x97a6d21df7c51e8289ac1a8c026aaac143e15aa1,0x61a229bae1e90331edd986b6bbbe617f7035de88,39.7849,0.038035,55832,1114793,550
093434a3ee9e0a01,2024-02-12 16:43:00,0xd359f8b537f1888bc71fe20b3d79eae6674be7ac,0xdac53c17c250fd4d4d81eaf6d88435676dac1f3f,58.8658,0.029822,52966,1972195,222
fa2b7af0a811b9ac,2024-04-29 21:14:00,0x459535faa370a3b5f8b87203b089623c7aeb9325,0x7b69759630f869f2723875f873935fed29d2d12b,52.7721,0.023632,93545,1457373,472
d48ff4b2f68a10fd,2024-10-02 23:02:00,0x155d1cf609cedded2fbc27a4646de87ce7f7de29,0x5316ca1c5ddca8e6ceccfce58f3b8540e540ee22,12.6975,0.020651,33987,1370321,445
802b906a18591ead,2024-01-02 13:40:00,0xaaee0ce51abf0849e68b257ab97d83a36d9d0829,0xad723f42c7aba316d944f19f340ce47d8e0c6fb3,62.2709,0.017509,58311,1012289,292
d86580a57f7bf542,2024-10-11 07:06:00,0x621cb5d0bdea9584dc9f7ede1479e7cca67f8d97,0x46db1ca7f3598c26c3e6c8d99e3ed95d2b1c76db,13.5412,0.046484,52575,1700336,571
0f4121d0ef1df4c8,2024-07-12 02:45:00,0xfc95ce176603e9e1d1ffee39023b31dd856e00ad,0x6ea2fdb3399f4d2e806beb01e9a3371bd622bed6,19.6817,0.041548,84852,1698956,472
16badfc6202cb3f8,2024-11-27 07:50:00,0x73daa9289ddd08a53ba86f065ddb07bf915aba20,0x2618182c3894875e16eeafa6c24e1fe926150ebc,68.6179,0.048255,22007,1940675,416
5966abd0cbfc86f9,2024-07-26 17:05:00,0xd829857eb1366e70be857a69886d1555af0d3268,0x99ee50221221864d50c60baea6f14d8ac2e235cc,52.4387,0.006302,91981,1755801,97
314f04b30f62e005,2024-11-04 00:35:00,0xad3b83575249b68aab9602de378314fc221ab07a,0x396f804443825586c1283a27fdcadf74abb82008,94.5978,0.03657,97242,1257368,53
36790ecd55c2030d,2024-12-20 09:11:00,0xee62de25ccc2b55d3a0495244b246fb97055b6f1,0x5e5c743a015ff8d81e2374d5bca1bdf8ed87ce18,53.5907,0.046923,68517,1086365,470
67e9c3acebb154a2,2024-04-22 17:16:00,0x748064be03a08df81e31bd6f9e7e7c4cc9f84b44,0xb064bdba191139689139124101c1c39926326a9b,42.0022,0.009144,50257,1754950,287
9b871512327c09ce,2024-05-18 06:42:00,0xa30f4ef42176d28f0e2293533c5f532e9c9c5696,0xbf7db3a1fea244ba0c173404b5abb382def24d3b,4.9179,0.003418,63207,1900446,430
56f4da26ed956730,2024-08-04 01:20:00,0xf0bc318fb8965cad8d73d578cd03c63b7987dc6a,0x1d28c120568c10e19b9d8abe8b66d0983fa3d2e1,22.9208,0.037082,34281,1175211,362
84a5092e4a5b6fe9,2024-06-07 12:35:00,0x6affdae3b3c1aa6aa7689e9b6a7b3225a636aa1a,0x8ae4c23b80d1e7c8ff79e515fe791ebd68190bae,15.408,0.028766,82246,1179785,524
0e6523810856a138,2024-02-12 14:04:00,0x40962624bfc236888ff8a68a74b0c30166b72454,0x3a8f6d79cd434dc10588606993976b7b2bc038ff,13.985,0.042107,22435,1947238,28
8f1f64db81c40ea1,2024-02-14 09:18:00,0xa4e00d7e6aa82111575438c5e5d3e63269d4c475,0x92a6a32f99def322d70ea1167a99c6859ab4e8bb,180.6155,0.007075,47660,1072588,32
dfe62e836a0a6f26,2024-08-16 08:38:00,0x1038e0b72d98745fac0fb015fd9c56704862adf1,0xe888a676e1926d0c08b5f11fb9116df58b62604b,24.9694,0.039784,26084,1063646,422
9d693eeee1d1899c,2024-02-11 15:02:00,0xa665a45920422f9d417e4867efdc4fb8a04a1f3f,0x064c3e311ef63912b0cc91db9681ce2d301c3e76,111.3028,0.010161,34507,1265798,39
08490295488a1189,2024-02-06 12:18:00,0xc78961d3d782d8a85d9344eedae027f43ce6b9fd,0x9e6a72557ada15d02001f024f43f06edc4a31437,49.8667,0.008266,93595,1482238,117
a0eaec5a55dc2f5b,2024-12-13 04:28:00,0x068814875fcdfb8faf539ef43cf5d109a22b7cfd,0x07bed92aab16ecdd9c886a79e44f0c0b02d70c74,79.1913,0.008297,66539,1805175,376
138d9e809e386a7b,2024-04-24 15:20:00,0x51cfe39433c33d8144a4d4663e3834ca238ce78c,0x4a44dc15364204a80fe80e9039455cc160828182,34.9218,0.040747,28491,1834800,290
835d5e8314340ab8,2024-02-11 10:02:00,0x28955b1fb53203e2ff246fd2d4c3e148d4666a61,0x7e07ae1a0cd3da38f7e619aacacec577992e6294,43.0078,0.033293,71192,1745385,137
c0509a487a18b003,2024-02-28 08:02:00,0x5b60f221d4a1852afd0194ad0857fae9c558608e,0x7a9b1b9dd2e433fc1fc962c38ad571bf1ebb49cb,33.9147,0.026201,84888,1729532,238
114bd151f8fb0c58,2024-05-15 07:31:00,0x2397346b45823e070f6fc72ac94c0a999d234c47,0x6e82b8197ce29396936a07b1eb951c88650a2fc0,10.8607,0.018006,94609,1923945,120
0a2d643bfd24a028,2024-02-19 21:29:00,0x8bcbb4c131df56f7c79066016241cc4bdf4e58db,0xb5a9ede9a93528be3e12c5665c179c2dc0e2648a,64.0881,0.043872,30077,1119735,145
9a049b03f6fc40bf,2024-02-19 11:42:00,0x9b871512327c09ce91dd649b3f96a63b7408ef26,0x9cfd3c755be26b4e1645918e2a64a26e3d851ede,16.4789,0.019683,41953,1155683,371
f0bc318fb8965cad,2024-06-20 06:29:00,0xb6bc077d6675a7c8cc9e2fa5a08c86ba59b675d6,0xa6c2a2325dfd588f202a240a06ccb2b037854e70,1.2308,0.040848,97919,1906323,195
8ae4c23b80d1e7c8,2024-10-21 00:29:00,0x35bbce4007c5cd57a4c6dcabbdf5b347c9557ec1,0x6bcaea9882504292b2f6ea37a84b215463e71ab7,51.8484,0.022013,88889,1632259,593
79bf08685d3138f9,2024-03-28 07:10:00,0x1e68ed4e3d58a51096a7feea3947f40debf1fd92,0x79d6eaa2676189eb927f2e16a70091474078e211,9.7467,0.01891,44821,1536437,138
6af1f692e9496c6d,2024-06-28 06:55:00,0xccbcd0d62f439eacea8b0fa4139d934d2782bae1,0xf74efabef12ea619e30b79bddef89cffa9dda494,141.0542,0.023188,58567,1362246,270
749fc650cacb0f06,2024-01-29 22:32:00,0x3b86df3ff95ad2fd72102e34f3a721f2bdc876e1,0xd83c7ee736be931d85b78a4a60881ced3ff9a31b,153.8781,0.015139,45860,1321333,524
14063697603e22d6,2024-02-29 16:45:00,0x87a4a78ecb6deb2dee9ddd0678d03800141864a0,0xd6420a4ee44bc345c7bf3a2efbab98e08a472701,123.1755,0.037406,42195,1763264,458
72440a20f54075ac,2024-11-01 06:29:00,0x8def3488486c17dfbc2861301b63237c3c3a05b4,0x09a1b036b82baba3177d83c27c1f7d0beacaac6d,23.1144,0.025186,98475,1939179,113
82c01ce15b431d42,2024-08-18 08:57:00,0x55f0124bb79f5c53d868ca45bbb0f4d04da15eea,0xaee4848a8580f31102073d34012cb3700fee3e61,0.7789,0.011687,42427,1857463,492
011af72a910ac4ac,2024-07-08 21:12:00,0x09895de0407bcb0386733daa14bdb5dfa5445055,0x6d976934be74941fba578b143ba964eded443d10,131.7762,0.044989,48083,1566956,233
37c20f19f3272b5c,2024-05-28 17:41:00,0x454f63ac30c8322997ef025edff6abd23e0dbe7b,0x9f6cb78c09b22a1a10564f6be4a1784327a42ff1,27.9469,0.019256,78372,1406889,500
396f804443825586,2024-08-16 18:45:00,0x7fc81a57656ec055615121454cb5343aaf3db93c,0x2c3f699f4b5f7734ed802c0b52f27f670772ddff,170.0421,0.027223,65064,1994170,482
766cb53c753baeda,2024-06-22 19:20:00,0x5a39cadd1b007093db50744797c7a04a34f73b35,0x5f2703a5211db19a9020f7443f6a440fbc95cda9,165.6868,0.045333,28813,1612492,19
9f484139a27415ae,2024-07-12 09:57:00,0xd874e4e4a5df21173b0f83e313151f813bea4f48,0x5b60f221d4a1852afd0194ad0857fae9c558608e,95.8694,0.031249,52598,1211830,414
1e472b39b105d349,2024-10-15 04:51:00,0xc0509a487a18b003ba05e505419ebb63e57a2915,0x4c970004b0678d439f177e77d3cabdb7e9a44df7,17.4388,0.005933,48082,1196501,311
c75d3f1f5bcd6914,2024-04-05 07:15:00,0xf1607c19a0f910ca1b8dce18843bc34e46a533c8,0x1e5ee5e58c8f490ae68e7e91b1575ebefc2bf6c2,24.3146,0.046998,50241,1416885,240
d6e5a20b30f87216,2024-08-06 10:49:00,0x52f11620e397f867b7d9f19e48caeb64658356a6,0x80c39b8ca01cdfda142928ba683d503173017d52,95.2363,0.031423,65569,1165140,75
e7866fdc6672f827,2024-11-28 22:34:00,0x226f76b55acb49701e06ded1d95165d179458f6f,0x226f76b55acb49701e06ded1d95165d179458f6f,19.0573,0.016812,32745,1744149,121
9512d95d00d61bde,2024-08-18 05:35:00,0xe629fa6598d732768f7c726b4b621285f9c3b853,0xfc56dbc6d4652b315b86b71c8d688c1ccdea9c5f,9.2859,0.00705,47029,1140507,22
9556b82499cc0aaf,2024-02-22 19:46:00,0x9dcbe7e30f0bd60827341113108a55f86b604f92,0x04d19fde0a08b17aca69491e714bea43565384d1,40.6868,0.039722,34025,1225160,402
51e8ea280b44e169,2024-01-07 18:47:00,0xfadb19bfbddde11ed6828a22e742cc97f5589ce4,0x3d734d729009b74c011651eb24b06a74151fb99b,137.5647,0.031042,35288,1183321,509
4c970004b0678d43,2024-11-29 17:07:00,0x38d66d9692ac590000a91b03a88da1c88d51fab2,0xac1270c5058af65025e5b2a3e3014cea69460e7d,59.5413,0.02672,27540,1561672,243
a30f4ef42176d28f,2024-03-13 19:17:00,0x71a1c003a2b855d85582c8f6c7648c49d3fe8364,0x9bdb2af6799204a299c603994b8e400e4b1fd625,42.2056,0.044705,89878,1521998,323
7c252ab334fb8fd8,2024-02-23 08:19:00,0x31489056e0916d59fe3add79e63f095af3ffb816,0x72440a20f54075ac43f51a2cf0dbb2a14366b38a,5.1114,0.039451,62846,1606217,575
39bb88f40d3aa2b2,2024-06-04 05:08:00,0x462c39f8e9bbf461369150222f7493055e670791,0xa934c244755c66aebb0d6f9f5687038ffae8f00b,47.7265,0.007669,96932,1914391,21
e888a676e1926d0c,2024-07-12 02:42:00,0x7688b6ef52555962d008fff894223582c484517c,0x219de1387a6743e583e805aad3bf0ffc69dc2107,230.5285,0.015655,38482,1600441,218
9e6a72557ada15d0,2024-04-06 10:50:00,0x97a6d21df7c51e8289ac1a8c026aaac143e15aa1,0x8e6aee9efac8086ebac545d45c63e0d0dfcddd0d,7.546,0.0125,44411,1759416,23
4be84111a613654b,2024-09-11 03:22:00,0x983bd614bb5afece5ab3b6023f71147cd7b6bc23,0xfbe697429f16141bc71e3b91f3823641c8dd258d,36.5248,0.037223,71975,1075388,427
bba58959c32abe68,2024-02-20 02:12:00,0x35c71bd7eaf4607047bb7c186d17251942204229,0x8bd9c0d453533757387ed019c45617cdc440ba68,104.9304,0.001773,81545,1555689,446
768b84ef05f655d5,2024-06-26 21:10:00,0x40a7ae9a07a94bf510c89d41b034787f768cc960,0xd536a8c1664fec0bc85615cf3cb2645871e8b293,67.5017,0.028537,99797,1518727,386
ea5b27556fbb134d,2024-09-26 01:57:00,0x38d66d9692ac590000a91b03a88da1c88d51fab2,0x8bd9c0d453533757387ed019c45617cdc440ba68,59.7037,0.038147,73307,1727191,29
8acc23987b8960d8,2024-07-26 12:30:00,0x92a6a32f99def322d70ea1167a99c6859ab4e8bb,0x535fa30d7e25dd8a49f1536779734ec8286108d1,60.6144,0.043851,24093,1643791,596
8b496bf96bbcc9e5,2024-04-24 20:49:00,0xe6f095e985e6762f1538b47ff1abda58dbe8ce08,0x7ffc2066e20c16e95c0b41167e334afe57ff4991,22.2746,0.01717,98258,1232601,79
f747870ae666c39b,2024-11-15 01:49:00,0x0fbc9039145b6449a7765dcc00d3bd8377d93ac8,0xa440868cf4311953cb45c7ded9360009e1bb7777,17.3781,0.041081,43042,1127834,220
d8d1790737d57ac4,2024-08-08 06:52:00,0x7182dd431b5c8833ed3c8a02c8615780df8dca7d,0xf64f410744d9470ffe2d6b9ee6f042cdffcc42a7,82.8687,0.005621,73930,1034084,110
3635a91e3da857f7,2024-01-06 16:43:00,0x482d9673cfee5de391f97fde4d1c84f9f8d6f2cf,0x27e1615212f3c6ea846ed6c412df1361ce97f006,83.0664,0.042338,65413,1251459,141
1c6c0bb2c7ecdc3b,2024-08-06 00:01:00,0xeaa1938017b2d55e02387d0837e1b56bc124ae8a,0x19581e27de7ced00ff1ce50b2047e7a567c76b1c,100.8975,0.006462,54756,1634929,390
303c8bd55875dda2,2024-03-16 10:18:00,0x3fdba35f04dc8c462986c992bcf8755462571130,0xde0023e398111d43424845aaeee2e119249cc056,122.2308,0.019925,74268,1105111,141
718127812c05853f,2024-04-07 18:54:00,0xa917ca757ac59f9d568616140c2f72362fc2722a,0x000f21ac06aceb9cdd0575e82d0d85fc39bed0a7,35.8047,0.039885,60214,1449042,29
3a1dfb05d7257530,2024-07-11 13:52:00,0x6db6eb4af1e18ab81d3878e44672185d60ca8c98,0x769e881d85fc5d27cb4cbc8382200d95b179cfde,34.8092,0.007581,49602,1429667,545
c76b405781134be1,2024-03-25 01:15:00,0x51d089cdaf0c968c94b80671489d22b6f79b1c57,0xf7abf2a084c3668c7b90654bf01205085e5d0219,80.0475,0.01154,74331,1662587,236
27d719c754aacd49,2024-03-18 22:35:00,0x227445a988500528d7826c6921d2e3b4a79ccf3a,0xdf56bc061e91023bff33c6ba0d49d166a60e3aa9,52.486,0.03614,69901,1162982,163
ee62de25ccc2b55d,2024-04-23 04:38:00,0x549a2fac47d713cc00f2db498ad6b5574fb03c92,0x864995ea35b82212a9a2d456a3f89833f24651c4,60.5275,0.03603,84416,1298185,478
efd96aedf377e20a,2024-07-17 07:37:00,0x72ba187b05e705de2dced5824d716a71872dedcc,0x031b4af5197ec30a926f48cf40e11a7dbc470048,79.431,0.032093,53196,1875352,414
7f0a22117f8fe017,2024-07-24 04:02:00,0x7045d16ae7f043ec25774a0a85d6f479e5bb019e,0xee1a7173778d6b708b4e532f6b997fcd54053fad,110.3662,0.034728,26626,1327825,211
71a1c003a2b855d8,2024-06-02 09:01:00,0x926a7fc32c08e49183ba9969eb0fe284d7572a79,0x90b0ce469fbd8e30a2862bb24d562dc641c534a9,20.6241,0.027182,28424,1234386,47
27e1615212f3c6ea,2024-09-06 16:16:00,0x2858dcd1057d3eae7f7d5f782167e24b61153c01,0xaaee0ce51abf0849e68b257ab97d83a36d9d0829,23.5468,0.012665,33857,1343715,197
e0850a775c17a870,2024-05-28 06:07:00,0x7c252ab334fb8fd88e8242c4972c21db9c7ce0b4,0xa05198938c6ca8cd56289c6dba6bb8aaa68dfe8e,4.9348,0.01735,40982,1196553,66
1e68ed4e3d58a510,2024-07-11 05:27:00,0x835cc509d6d86a3a287de70581b43415aee21309,0x7fc81a57656ec055615121454cb5343aaf3db93c,43.1707,0.009162,97961,1461792,29
a0d177b4967a6d99,2024-12-21 17:42:00,0x3055e0d8130c7a197bc6e020afe9bea1edef31f3,0x85e36899399df701301f6741ffab57962a143265,1.8302,0.045432,22980,1501174,282
00328ce57bbc14b3,2024-07-01 20:39:00,0xcbd02d97b0731d88c78d30c20d90492b2d4c3f2f,0x51054b8a03281fd02034378a5570ae0c970fb1d5,31.3303,0.029211,69290,1784625,128
d7cdaa5ca0582076,2024-02-06 23:46:00,0x2ac878b0e2180616993b4b6aa71e61166fdc86c2,0x2cfc8ccbd7c0b17615323b41e815651ff2ae9ffa,39.1147,0.020102,47431,1651844,592
23c657f2efda7731,2024-03-08 05:01:00,0xac93f3a0fee5afa2d9399d5d0f257dc92bbde89b,0xc032851ed192d8ac0a3ad04b0ef3060b44d1f6d6,16.8815,0.023154,47385,1195246,525
af180e4359fc6179,2024-11-04 10:31:00,0x49d180ecf56132819571bf39d9b7b342522a2ac6,0xbc57590a33fe355e174396df60ac503f8e997637,44.6816,0.047369,59158,1550448,230
09895de0407bcb03,2024-07-20 11:20:00,0x52f14fc33ef45dd80ac2626077948f44d8d211d5,0x9a049b03f6fc40bfcf2f136320359257ed4af851,1.5488,0.007752,44019,1246242,535
33512007840ced1b,2024-02-02 02:28:00,0xba689abd93c9c6a7d08b5b5c04dd27f6d69755eb,0xfc47b34e36f4032acd1ca2192a7b9b097011ccbf,1.9032,0.029353,39639,1511083,524
6db6eb4af1e18ab8,2024-01-03 13:57:00,0xf74efabef12ea619e30b79bddef89cffa9dda494,0xf391e014b2ee3a42955272b8fc78634de1d5833e,86.4676,0.025344,42563,1017633,345
7cb676d57114874e,2024-08-30 21:19:00,0x60f070e3393291d6f836bf0acdca6138eadc4dd1,0x73daa9289ddd08a53ba86f065ddb07bf915aba20,22.3293,0.030612,60341,1803446,64
2cfc8ccbd7c0b176,2024-04-05 06:14:00,0x3c2308b1bc64683e5aed4111841da5bc3b3295b0,0x0e6523810856a138a75dec70a9cf3778a5c70b83,6.7945,0.001004,26776,1866964,509
9cfd3c755be26b4e,2024-07-09 18:00:00,0x769e881d85fc5d27cb4cbc8382200d95b179cfde,0x83eaf4dc5e19bcbeb23801e2c3e08c4a89cc82d0,36.9327,0.043619,57444,1049104,545
a0f8b2c4cb1ac82a,2024-04-27 15:50:00,0x02d20bbd7e394ad5999a4cebabac9619732c343a,0x1dfacb2ea5a03e0a915999e03b5a56196f1b1664,73.4824,0.046613,89916,1959125,171
4c15f47afe7f817f,2024-11-17 17:38:00,0x0fecf9247f3ddc84db8a804fa3065c013baf6b7c,0x02c000a36dcd047f5738f5abfda07dc3b6d56fc4,12.1559,0.0283,29711,1863663,168
76ebdb6d45c61ca1,2024-11-07 10:22:00,0x620c9c332101a5bae955c66ae72268fbcd397276,0x4c970004b0678d439f177e77d3cabdb7e9a44df7,48.761,0.034863,95318,1068388,197
308831041ea4863c,2024-01-08 00:59:00,0x209eb5f20ab018ff6f1e42b98e5b57921aa4e2b7,0x11f8e31ccbdbb7d91589ecf40713d3a8a5d17a7e,4.4606,0.046133,51707,1540302,69
983bd614bb5afece,2024-03-22 11:08:00,0x1086d35563c495c1cecbce12135cab3b945e01dd,0x089ee14b926fabea6dd95890032d1a37e69c1011,2.6533,0.035391,60110,1092578,328
c3ea99f86b2f8a74,2024-02-24 18:58:00,0x3658d7fa3c43456f3c9c87db0490e872039516e6,0x40962624bfc236888ff8a68a74b0c30166b72454,37.8954,0.007712,82788,1689115,220
f32828acecb4282c,2024-04-18 12:54:00,0x865736a1c30a82dc67aba820360a01b1d9d0da56,0x87c7965a1cc6c11a653b210aaef95e381b95afdd,38.8955,0.028857,59827,1564678,415
8bd9c0d453533757,2024-01-27 05:38:00,0x8b940be7fb78aaa6b6567dd7a3987996947460df,0x63db0204e2f34aaadace364d046ef5d7614b8cb2,50.7269,0.030375,26655,1285855,118
d874e4e4a5df2117,2024-09-25 20:31:00,0x9556b82499cc0aaf86aee7f0d253e17c61b7ef73,0xe4c6a9f38e8e4d127290cf104ac1f46d0649c7db,64.748,0.021264,65859,1091658,85
090d3859ff6840b2,2024-04-17 20:07:00,0x1be00341082e25c4e251ca6713e767f7131a2823,0x12bdc9eedc0abc0dc0f5a4c36836d8bac9a5b78d,186.1779,0.036849,74625,1057993,551
38b83caefa1ef269,2024-11-08 23:04:00,0x5e74cb2ad4e2c9e2d3f59a1e6c8a5d4999df48e5,0x2c7d5490e6050836f8f2f0d496b1c8d6a38d4ffa,36.3146,0.046725,73098,1205768,323
6d976934be74941f,2024-04-02 19:16:00,0x5620e84be3e5141819e0d9e4ba10b782ba40e232,0x87e50b28705900bb064d1e9df1bd6cf55a7efa01,19.501,0.046286,36251,1158285,126
48a1706eca5ee614,2024-01-31 11:00:00,0x42f25adecf47629878e89e31b2073d1af009c9c7,0xad57366865126e55649ecb23ae1d48887544976e,79.2827,0.022597,21526,1771148,28
43c727ee4fc72505,2024-08-12 11:12:00,0x90b0ce469fbd8e30a2862bb24d562dc641c534a9,0x85e36899399df701301f6741ffab57962a143265,15.7926,0.005751,89760,1451000,441
226f76b55acb4970,2024-09-22 12:44:00,0x97623535a9ed79620c0c749a7c0a785de0f8a895,0x62e66f3e9936906923febd26f9d2536edf389369,28.8992,0.049244,68837,1793853,359
20e9c64c05a54d19,2024-01-30 01:12:00,0x5d85be4cc5af40a7cf2c4f0818d92689c185fdea,0x81f27f8a7d8766c72c0307a31327c1fad9007c6c,4.0853,0.041961,32536,1742296,192
865736a1c30a82dc,2024-09-17 13:10:00,0x709df012e236dc3f5c53b8ce75c5adf74c39054a,0x3d914f9348c9cc0ff8a79716700b9fcd4d2f3e71,1.2839,0.006321,49541,1542015,122
8efbbe9bc19ad2e0,2024-06-01 23:21:00,0x835d5e8314340ab852a2f979ab4cd53e994dbe38,0x8d1ede4f889e0ed6f0823d8c1821905b9de37a0f,164.369,0.04605,72027,1898850,192
748064be03a08df8,2024-06-30 16:50:00,0xc032851ed192d8ac0a3ad04b0ef3060b44d1f6d6,0xd72a11d264e746464ed45f73e1ec058e33ad4027,90.3884,0.043508,55531,1528646,490
377adeb4cd4096ad,2024-03-15 20:26:00,0xd11501b090fb2749f2c49284394dd36fe0ac76eb,0x549a2fac47d713cc00f2db498ad6b5574fb03c92,59.5321,0.02599,29712,1327252,155
7a20311cf7a4b222,2024-09-14 12:58:00,0x48a1a756f2d83f1dc57bbf14052b70a6f40d0fce,0x9f14025af0065b30e47e23ebb3b491d39ae8ed17,26.293,0.029605,86455,1257681,122
8d1ede4f889e0ed6,2024-10-22 21:57:00,0xda4d43f295ce92630829272fad6d2e7237c6248e,0xe2fa8f5b4364b8ef4dd1f26ab47105d908d06ec8,9.5153,0.02001,95744,1094018,485
aae02129362d6117,2024-04-22 13:00:00,0x2f74d62c5e51079f4e0db990f3a44137f37b268c,0x01299ac65733b5a3d774265fbfe8396b8611e5e3,8.506,0.002833,26109,1386601,312
156091ee0884f36d,2024-06-21 09:17:00,0x48f89b630677c2cbb70e2ba05bf7a3633294e368,0x64d095f2fecfdeb907dae5403b10966c4ae755b7,14.4003,0.016826,70268,1949621,127
88820462180e5c89,2024-04-28 07:55:00,0x090d3859ff6840b2280f4708cf08cdaed873d967,0x13671077b66a29874a2578b5240319092ef2a104,39.8395,0.040162,75615,1294054,170
8d23cf6c86e834a7,2024-05-08 22:12:00,0x28096b238fafbfd5abdb8ddf4e7f5a2c67196cfd,0x6e4001871c0cf27c7634ef1dc478408f642410fd,62.6925,0.000331,50759,1651176,410
f10d91a7596bf5a6,2024-10-27 05:22:00,0x97468f679ad305fa4dbbf17fd4bf18c41fb655f2,0x6e8d1a943f129896827384a699a11a6bc83d13ab,53.9695,0.016742,81112,1229104,207
3949ac1596ec7710,2024-01-19 01:10:00,0xe3f6959781c353c201d378e02d9da532601673e0,0x8bd9c0d453533757387ed019c45617cdc440ba68,16.4206,0.019969,47589,1842186,269
1038e0b72d98745f,2024-05-10 14:33:00,0x8efbbe9bc19ad2e043c6cdb187c0a0fedde70b64,0x7acc684a848a9b954959fdd22493f48cf44eed02,154.9052,0.026916,51015,1193510,56
9e11c362bc3d3572,2024-08-29 21:21:00,0x62bfa285013f08807d394266cdf8261dd060a704,0x04222ea3e14cb1209b9726defe3efce5196b7afa,66.9509,0.046001,50009,1109847,408
a4e987d17584557e,2024-10-26 19:12:00,0x02c000a36dcd047f5738f5abfda07dc3b6d56fc4,0x9be3da431e0a833d2b07781de97ebbd0b14c274d,40.4115,0.017383,83046,1946875,568
02cca3803b564ede,2024-06-29 17:02:00,0x81b8a03f97e8787c53fe1a86bda042b6f0de9b0e,0x7b69759630f869f2723875f873935fed29d2d12b,47.3015,0.017413,47143,1444717,87
2452984f72ef1195,2024-07-13 06:46:00,0xad723f42c7aba316d944f19f340ce47d8e0c6fb3,0x5cf4e26bd3d87da5e03f80a43a64f1220a1f4ba9,27.2019,0.036901,27154,1454162,133
0791963ca2667a23,2024-04-25 22:11:00,0x72805ff7c0f210f3aa6e66f3f208974437611c64,0x36ebe205bcdfc499a25e6923f4450fa8d48196ce,14.2331,0.022666,42804,1824899,84
5426d2ca50f244fb,2024-03-19 17:06:00,0xf15223dcc0da90206acdce51c6a9e24938b18665,0xf0ccd8e78b618cb55731054911af540b5496f37e,22.0007,0.011308,62688,1935129,146
0bba869d7f392cbc,2024-10-05 13:24:00,0x37834f2f25762f23e1f74a531cbe445db73d6765,0xd40fbd13d527595c47eacbf0d7c87d256139d9d4,70.9091,0.022677,85288,1296037,409
7104741a92e73eb6,2024-01-29 04:45:00,0x98964da49d0a98402ed3d2d37b3350cf0aa346f5,0x1bde41ce9b4fccbf7dde0dc315d1aea5fa03f78c,0.7249,0.007129,72195,1076329,514
556d7dc3a1153563,2024-12-08 17:54:00,0x3da6ee6699da1eb52d358aa59b8e1cf6b5d77db2,0xabbb9233cee3e720b2a86acf4ad04e51a670a7e7,6.169,0.008902,41581,1031007,509
058d5d43bf485bf7,2024-06-10 23:18:00,0xd48ff4b2f68a10fd7c86f185a6ccede0dc0f2c48,0xde5872c6bb4494cebd250152ce148cd6231654e4,2.3547,0.024969,73648,1694892,582
7acc684a848a9b95,2024-05-25 07:47:00,0x455ae2dfc77dd77562c06dc893a49d84795a93e4,0xd359f8b537f1888bc71fe20b3d79eae6674be7ac,2.0791,0.021004,51087,1316397,147
eaa0689a095d4394,2024-12-01 04:22:00,0x16badfc6202cb3f8889e0f2779b19218af4cbb73,0xb027feeb60b70f0d34ece10aead660113cf06408,96.7102,0.045751,70930,1012323,59
8ede6b26343305e0,2024-09-11 14:43:00,0x3635a91e3da857f7847f68185a116a5260d2593f,0xf53f2fb9b99180ea02b1f345b6c862e6bdde16e3,60.812,0.018183,53981,1897767,263
5d8f6cce532a7aeb,2024-08-10 05:35:00,0x2782526eaa0c5c254b36d0c90e1f8c06af41d167,0x7f0a22117f8fe0172cf9209ff622b64a51aaeda2,32.1392,0.029071,90298,1112356,572
fc95ce176603e9e1,2024-06-14 17:31:00,0x44c8031cb036a7350d8b9b8603af662a4b9cdbd2,0x6ffbae9aaff664bd4739f51a6c7883a2c3ce74e9,5.1478,0.03165,67167,1635232,435
9644294ac4ffb309,2024-06-11 07:52:00,0xbb668ca95563216088b98a62557fa1e26802563f,0xf57e5cb1f4532c008183057ecc94283801fcb5af,33.8259,0.000753,96304,1204451,556
524b2d27a1e7fbc3,2024-01-18 05:33:00,0x37c20f19f3272b5ccc3a5d80587eb9deb3f4afcf,0xbba58959c32abe688d9cb5222b97de973002a67c,32.0725,0.033211,64408,1931714,311
023849c38925e2af,2024-05-20 15:11:00,0x01d54579da446ae1e75cda808cd188438834fa62,0xf53f2fb9b99180ea02b1f345b6c862e6bdde16e3,9.5097,0.008984,60499,1278600,590
3c15285c04fff400,2024-10-17 03:41:00,0xc57727d64e318e2ea42af2b4c3360999ced13440,0x3d34f102d1708fc5edd3111144f78764b4d7b745,28.445,0.048057,73269,1555655,358
02e6295d8f522840,2024-08-27 00:47:00,0xa88a7902cb4ef697ba0b6759c50e8c10297ff58f,0x40a7ae9a07a94bf510c89d41b034787f768cc960,25.4168,0.007518,59559,1054624,58
da70dfa4d9f95ac9,2024-07-21 20:56:00,0xbb668ca95563216088b98a62557fa1e26802563f,0xd18b29d80a8bd366b77c952d9775510507c2d006,47.8361,0.02079,95319,1403322,83
6aac0cf87a32e631,2024-02-20 13:12:00,0x4e07408562bedb8b60ce05c1decfe3ad16b72230,0x25b7c81e770034aeda70db74af0fb638beca992d,50.4057,0.004359,69787,1234565,270
2289b221b39605c3,2024-07-22 06:03:00,0xcc6aed2709b80e146bebc151f1cf1dec5e323b58,0xf6543e952ecb93fba1fa65c547c5073a5d25aba4,2.3181,0.049844,56488,1068008,365
06b2d82840e43ed8,2024-09-12 16:43:00,0xda4d43f295ce92630829272fad6d2e7237c6248e,0x8bd9c0d453533757387ed019c45617cdc440ba68,23.4692,0.02516,95441,1912358,591
72ba187b05e705de,2024-10-18 00:53:00,0x35254aa9a21444e50349cebb5465b9b42cb4a625,0xa67063986e67b7ddd107229ba9d480ee3a02f9d5,49.1562,0.02981,95663,1377539,269
deeeb5df3f2cee6b,2024-08-29 03:15:00,0x1f594da9b409f7f4b9dc5015a81761b2fc2dd60e,0x46db1ca7f3598c26c3e6c8d99e3ed95d2b1c76db,34.972,0.003447,43431,1116492,304
04a8708c3a481ced,2024-01-21 02:21:00,0xd4679c618f1af07ee8570edd4b931e2e68e1c2d4,0x2289b221b39605c3494e7290856218e931c00af5,97.0675,0.037523,82681,1072240,322
9a72c24f2fd76561,2024-03-24 23:44:00,0x308831041ea4863c3f87d222c31f759411898c87,0x7a9b1b9dd2e433fc1fc962c38ad571bf1ebb49cb,53.7487,0.010574,84483,1326459,191
459535faa370a3b5,2024-07-09 05:03:00,0x86e50149658661312a9e0b35558d84f6c6d3da79,0x85daaf6f7055cd5736287faed9603d712920092c,8.8926,0.044913,70153,1986753,373
09a1b036b82baba3,2024-05-10 00:41:00,0x8ae4c23b80d1e7c8ff79e515fe791ebd68190bae,0xddfe0e8d462af661f81db36589c39882dc0f2330,3.6591,0.010336,27368,1725947,197
355d8c0ee4e5698e,2024-07-12 07:21:00,0xa0f8b2c4cb1ac82abdb37f0fe5203b97be556c44,0x55c8079ac96c6a4f6a94e3460c79e4006d62374c,51.4197,0.009615,48424,1272900,578
03a3d955b8799a90,2024-01-28 20:35:00,0x68c6c6e9ad314d1a5c4d647cfb6ed84265e47cbc,0x349c41201b62db851192665c504b350ff98c6b45,1.3435,0.001924,66004,1461227,552
2ab0ce7632a611e9,2024-03-19 22:28:00,0x09895de0407bcb0386733daa14bdb5dfa5445055,0xbe47addbcb8f60566a3d7fd5a36f8195798e2848,44.0674,0.023656,77985,1298522,557
62a0eae98b9fc0bd,2024-11-12 10:33:00,0xd829857eb1366e70be857a69886d1555af0d3268,0xd15e7843961ed4bfa3e08a80b882c74670e9e934,140.8628,0.028286,71069,1135327,417
9197e4844abed2fe,2024-09-08 17:19:00,0x28096b238fafbfd5abdb8ddf4e7f5a2c67196cfd,0xfe50b64954720ccb97ff36a6bd105b6c6018565e,42.8391,0.003379,73326,1931988,423
838f461c2fa673ce,2024-08-16 09:54:00,0xad3b83575249b68aab9602de378314fc221ab07a,0x835d5e8314340ab852a2f979ab4cd53e994dbe38,24.565,0.038799,44398,1649991,351
73daa9289ddd08a5,2024-11-13 18:32:00,0x96061e92f58e4bdcdee73df36183fe3ac64747c8,0x28096b238fafbfd5abdb8ddf4e7f5a2c67196cfd,51.5414,0.022719,71861,1842981,229
3963317a2b410e53,2024-03-25 05:03:00,0xe4e549408422875958476160732390defefcac7c,0x8b7fb6aee1c63e17f44f935a6b64e05920ddad65,30.6478,0.026267,96897,1165575,172
a43231c2216f23db,2024-10-07 11:46:00,0x6af1f692e9496c6d0b668316eccb93276ae6b677,0xccbcd0d62f439eacea8b0fa4139d934d2782bae1,39.4407,0.022094,89577,1860226,229
b3dfdc6efe322a6f,2024-05-18 09:52:00,0x4d0198f4905a08812518045d62dd366a485d24e9,0x809e63d5c8aa03af112d17361058d0d8955f6d8e,141.9064,0.020098,86641,1499499,279
4e47eb5525df25f9,2024-07-04 11:35:00,0x3635a91e3da857f7847f68185a116a5260d2593f,0xa5abb1500bdeaef41e2edd598c015edfaa467930,24.3964,0.028026,30078,1493948,409
600b4cdf20cc06a7,2024-02-02 07:42:00,0xfce86e339dc3131c489202ec3b6c8d4319c61f15,0x25b7c81e770034aeda70db74af0fb638beca992d,162.4546,0.007846,46003,1307257,191
0788979fc9366e21,2024-11-13 12:39:00,0xbcaf44f4041e62e142d50cad2aae2520e01247cd,0x7c4e3e519f7e8481ec5cdb09dd1e35a1a79860ea,117.8788,0.009178,83768,1598357,214
8e6aee9efac8086e,2024-01-02 05:33:00,0x455ae2dfc77dd77562c06dc893a49d84795a93e4,0x7a9b1b9dd2e433fc1fc962c38ad571bf1ebb49cb,10.8948,0.043103,72047,1229189,591
5f193b350c8aba48,2024-05-23 11:26:00,0x3b86df3ff95ad2fd72102e34f3a721f2bdc876e1,0xf292c8c5c2fe9fd30ef1c632e6936edabe42f087,3.5942,0.047311,92626,1398465,565
f1607c19a0f910ca,2024-09-22 05:13:00,0xcebe3d9d614ba5c19f633566104315854a11353a,0xde5872c6bb4494cebd250152ce148cd6231654e4,5.3113,0.018728,78660,1251051,237
9b15fed64ef16980,2024-11-10 01:28:00,0x7a9b1b9dd2e433fc1fc962c38ad571bf1ebb49cb,0x6e4001871c0cf27c7634ef1dc478408f642410fd,0.9195,0.01361,70786,1936705,259
62f77e7d6197863a,2024-02-20 22:52:00,0x46d4c7c3285e2d04cbf9d55aa79142a277c48372,0x5d85be4cc5af40a7cf2c4f0818d92689c185fdea,4.9603,0.032236,22925,1649829,450
e52d08747b9d7a6d,2024-08-28 10:39:00,0x4621c1d55fa4e86ce0dae4288302641baac86dd5,0xa73b320dc0d3a57c03f897eb28ca91e623c5ee63,57.4437,0.020496,47015,1713936,542
01299ac65733b5a3,2024-08-16 14:04:00,0x155d1cf609cedded2fbc27a4646de87ce7f7de29,0xe629fa6598d732768f7c726b4b621285f9c3b853,3.6925,0.001367,54320,1511778,205
de5872c6bb4494ce,2024-03-31 17:59:00,0x85daaf6f7055cd5736287faed9603d712920092c,0x3635a91e3da857f7847f68185a116a5260d2593f,19.2079,0.007892,85881,1780641,528
12e2c8df501501b2,2024-08-06 16:30:00,0xdd8e8c8c9dae8978f122d7bcf3d0d49f6a0e86b9,0xf89f8d0e735a91c5269ab08d72fa27670d000e75,93.1763,0.035827,47289,1271830,79
2c4cf65733783512,2024-08-13 05:08:00,0x138d9e809e386a7b800791d1f664f56d1c55f3d1,0x922c7954216ccfe7a61def609305ce1dc7c67e22,1.1774,0.03298,24389,1505629,408
21ef779311a43f0e,2024-10-24 09:11:00,0x09eac95eb995b821f45353054da3c7eec5f5171f,0x826e27285307a923759de350de081d6218a04f4c,84.2265,0.001452,46683,1315507,212
64c212df34c66e6f,2024-08-25 12:27:00,0x620c9c332101a5bae955c66ae72268fbcd397276,0x21ef779311a43f0e067d0f4f600bb5451a8a7e09,16.5542,0.011176,34629,1359687,157
2af4dd48399a5cf6,2024-10-20 00:27:00,0x2f74d62c5e51079f4e0db990f3a44137f37b268c,0xfc4fb94d36f45aa9d13358022455e55db4b6f0eb,6.2875,0.011631,82550,1656021,481
392a52e4f77c40bf,2024-08-03 06:56:00,0x303c8bd55875dda240897db158acf70afe4226f3,0x12132cd6767ee325d35883d25c0b7f5e1d142d60,59.6578,0.033627,45826,1175915,208
f65ccfbfec288565,2024-04-02 16:30:00,0x19e68d9fe08f7c4ac18948bf437400f955359b1c,0xfc4fb94d36f45aa9d13358022455e55db4b6f0eb,49.57,0.001084,47630,1619961,435
48b361d46638bfa4,2024-05-19 16:38:00,0x0a5b046d07f6f971b7776de682f57c5b9cdc8fa0,0xf747870ae666c39b589f577856a0f7198b3b8126,104.9708,0.005295,67163,1454179,501
37b73510175057c6,2024-11-02 03:49:00,0xeb624dbe56eb6620ae62080c10a273cab73ae8ec,0x182dc6b90f1c9cd913c39a6b5506f582caba9dde,66.4147,0.040016,87435,1042828,151
131b0c35e2d7edef,2024-10-03 02:02:00,0x81b8a03f97e8787c53fe1a86bda042b6f0de9b0e,0xa934c244755c66aebb0d6f9f5687038ffae8f00b,81.3498,0.009009,32653,1835036,322
15a26c6fa5151c71,2024-05-06 17:20:00,0x734d0759cdb4e0d0a35e4fd73749aee287e4fdcc,0x55e8ab098d48f8be5578e3d3708496d152a27c4c,16.5667,0.032672,48961,1272670,174
25dac95b8f595046,2024-08-07 03:28:00,0x313c938e0103b56b43632b702e3e63447fab1f90,0x92a6a32f99def322d70ea1167a99c6859ab4e8bb,9.7667,0.011985,95137,1855342,323
ab5e292db6495899,2024-10-22 16:40:00,0x377adeb4cd4096adc7ca64b533938cffc6294a9b,0xb22eb34537f6f6753da6e0dc05713be0ccc35ef1,69.4378,0.005062,54662,1025592,30
b98880883fd8d975,2024-01-01 07:05:00,0x01ce4b291ad3ecd240be71870340051b755e74e9,0x392a52e4f77c40bf3321dc2feac356fac2a906a8,82.2105,0.012234,77446,1291126,91
48a1a756f2d83f1d,2024-08-09 06:35:00,0x12132cd6767ee325d35883d25c0b7f5e1d142d60,0xf6e0a1e2ac41945a9aa7ff8a8aaa0cebc12a3bcc,232.8502,0.036141,42288,1786639,590
a934c244755c66ae,2024-07-27 22:10:00,0x3d34f102d1708fc5edd3111144f78764b4d7b745,0x4cc3d9cba4633096fadf09ea1106b4b321ab81b1,26.604,0.042799,57877,1232041,140
6ea2fdb3399f4d2e,2024-06-02 01:12:00,0x62bfa285013f08807d394266cdf8261dd060a704,0x6af1f692e9496c6d0b668316eccb93276ae6b677,23.2622,0.041528,36313,1350877,314
99a0b871c9047c4f,2024-11-09 00:50:00,0x6d094db49a6e224278dd87d28835b66af6d2db25,0x48ce32e8ec7741594c8786e445fbed501f5a735a,74.8977,0.019919,93715,1754296,380
04d19fde0a08b17a,2024-08-22 15:42:00,0xa0f8b2c4cb1ac82abdb37f0fe5203b97be556c44,0x5f9c4ab08cac7457e9111a30e4664920607ea2c1,20.8367,0.033437,31326,1124982,393
a3af7b3808c4cf72,2024-12-04 14:15:00,0x83151157c10d85af7c84657c71c3e3603d955160,0x2618182c3894875e16eeafa6c24e1fe926150ebc,133.5069,0.010329,22560,1256911,454
3c1b7053f0edd447,2024-11-17 16:46:00,0x2747b7c718564ba5f066f0523b03e17f6a496b06,0x2f84035610deb9378036cb7a5498b885486cf8e0,97.742,0.014728,47745,1068619,434
1d2028ddcd746a7e,2024-11-17 23:18:00,0xddfe0e8d462af661f81db36589c39882dc0f2330,0x339d9d13edbaa267cb977f39e0a9da194e07c1dc,28.0178,0.044827,52890,1684688,170
188c1fdca79d927f,2024-06-04 14:42:00,0x35254aa9a21444e50349cebb5465b9b42cb4a625,0xfb84a9739699e1a2c6c56b5baa0a16047a4d845a,69.4892,0.000749,41022,1308623,187
0f78540965a86402,2024-12-10 13:31:00,0x865736a1c30a82dc67aba820360a01b1d9d0da56,0xeaa0689a095d4394a05fb51b84b0175a47f68221,70.2316,0.004367,73579,1501643,499
26d228663f13a885,2024-05-03 13:34:00,0xd536a8c1664fec0bc85615cf3cb2645871e8b293,0x21eb478c997305f06e5e0d043d3ec5acc63a8593,5.4419,0.010474,91316,1151175,336
dcaadad1cfce4377,2024-03-02 17:54:00,0x1c49f22f6de9bd15e5e566fa8983be4cfa4709ab,0xad723f42c7aba316d944f19f340ce47d8e0c6fb3,116.4223,0.001424,49380,1170963,298
b7c7470e59e2a2df,2024-07-25 15:31:00,0x339d9d13edbaa267cb977f39e0a9da194e07c1dc,0xdfe62e836a0a6f2633422230c81287700a56e263,35.1854,0.009154,23356,1141826,582
d26eae87829adde5,2024-09-01 01:50:00,0xefd96aedf377e20afd95285a7c751a864260bd6a,0x09eac95eb995b821f45353054da3c7eec5f5171f,87.5666,0.029194,91326,1755343,582
6b3c238ebcf1f3c0,2024-03-09 00:03:00,0x39700d452c77592c9710a4a34c6fe97d6150e26d,0x108c995b953c8a35561103e2014cf828eb654a99,19.2868,0.021129,41049,1867869,363
a73b320dc0d3a57c,2024-06-20 00:37:00,0xd40fbd13d527595c47eacbf0d7c87d256139d9d4,0xe9ad42e2c3f4805614f568186b0282219cf7350b,112.9395,0.044644,96717,1098540,37
f64f410744d9470f,2024-08-14 00:58:00,0xa2075145d3cc47b2b56aeec5e9c78fe7e0055169,0xdb9351a297a7362b3c913ac8de77bd9a1ccc0d61,24.6494,0.04089,37082,1859414,52
a5abb1500bdeaef4,2024-06-12 13:52:00,0x4a30a219a9d7663fdd35c0a5df49c8d55018f13a,0xe73cb135243c08ab2c2adc333b150b9237093315,0.5448,0.017157,21661,1627035,432
e6f47e008cc58b38,2024-05-25 00:02:00,0xbbb965ab0c80d6538cf2184babad2a564a010376,0x6e8d1a943f129896827384a699a11a6bc83d13ab,117.8954,0.013045,58412,1186994,186
480f5a496560ae42,2024-04-17 07:11:00,0x7595dae9cde82218336a5457ed9d55ec898c5162,0x6c0f3412848008d49d186d5fad7fd1482656cfb6,4.7863,0.019047,23920,1310375,538
612111a352a571cb,2024-01-18 18:51:00,0x3d914f9348c9cc0ff8a79716700b9fcd4d2f3e71,0x226f76b55acb49701e06ded1d95165d179458f6f,19.2327,0.029556,81315,1029301,503
52f14fc33ef45dd8,2024-02-03 15:38:00,0xa5ccb1c538e34663a658b1be28b16455ee5285ef,0x9ae8f17cfc8ba7fd8fb34b2a194ef965a3b36a40,149.8486,0.013476,29946,1222724,207
fabf5b7fedb3e62a,2024-06-27 06:56:00,0x6d05621ab7cb7b4fb796ca2ffbe1a141e0d4319d,0xcc6aed2709b80e146bebc151f1cf1dec5e323b58,150.3975,0.031245,66500,1514003,586
1c49f22f6de9bd15,2024-12-11 23:36:00,0xa8cee66e4788af8b855979155e486c988d84a42a,0x2abaca4911e68fa9bfbf3482ee797fd5b9045b84,42.5999,0.02053,37309,1193783,526
8111eb1556229541,2024-02-23 00:45:00,0x0bba869d7f392cbcaca6b8935ddc7fc3a8c50846,0x5ec1a0c99d428601ce42b407ae9c675e0836a8ba,49.9615,0.027647,76230,1696683,523
fc72c98a6c2916c1,2024-11-27 14:58:00,0x86a3f9b13a5b652f93cb17e3f4d212d84cf25c52,0x31489056e0916d59fe3add79e63f095af3ffb816,29.7507,0.021863,51027,1018752,31
67e0bdb7b6c549d4,2024-10-28 18:52:00,0x4c970004b0678d439f177e77d3cabdb7e9a44df7,0x16b30490a644117a249c2018f31f7d29d2848c8b,17.3511,0.014794,93541,1737565,121
afcf8bc077e68eb9,2024-05-21 14:00:00,0x670671cd97404156226e507973f2ab8330d3022c,0x0b918943df0962bc7a1824c0555a389347b4febd,19.9243,0.047428,80321,1884884,66
4c8d5b6c695d265f,2024-10-06 14:30:00,0xe3d6c4d4599e00882384ca981ee287ed961fa5f3,0x865736a1c30a82dc67aba820360a01b1d9d0da56,55.8162,0.038204,21956,1668755,75
cc6aed2709b80e14,2024-12-25 23:52:00,0x0a2d643bfd24a028cd236e76575d828424ccffbf,0xe13b778ae833ca8c5d757c58e4a85bd71e08c05c,69.7919,0.007092,95131,1217029,107
db55da3fc3098e9c,2024-10-18 00:26:00,0x70d432707ec2478670d5b36a95d5b1000cb9c3ef,0x3038bfb575bee6a0e61945eff8784835bb2c7206,78.4098,0.043437,68908,1907669,153
5092c37bcbc9f0fb,2024-06-26 15:56:00,0x809e63d5c8aa03af112d17361058d0d8955f6d8e,0xad57366865126e55649ecb23ae1d48887544976e,77.9416,0.024423,99339,1056273,444
5658b88806a236b6,2024-04-17 10:59:00,0x22cdd352056c42ac1a6d01d6bd4f8e8ed1c27fb9,0x749fc650cacb0f06547520d53c31505c8156e0a3,4.7818,0.044738,46963,1258503,95
814bb6b8dc12188a,2024-01-05 00:54:00,0x1de4842b42fa3db35fc4cf058a02acb057a8df02,0xb123f95a5578ac2ffb571adb3fd60b023e925128,34.1025,0.040013,60443,1616166,597
814fd2e8e45e9a6d,2024-03-18 14:44:00,0xe6fcc0253ed7a328a10eb6e2e1ad6abcad60c374,0x1f09802c4beac758321ae8a9f94d752b0976c7d5,2.9641,0.021318,60063,1791327,353
0dfcddb0440e967f,2024-11-05 13:58:00,0xaee4848a8580f31102073d34012cb3700fee3e61,0x8d27ba37c5d810106b55f3fd6cdb35842007e887,39.8731,0.001221,25703,1119968,303
9be3da431e0a833d,2024-06-08 08:31:00,0x51cfe39433c33d8144a4d4663e3834ca238ce78c,0x188c1fdca79d927f6e812133173fc41d3a4e5707,29.1278,0.013507,86128,1377844,580
42f25adecf476298,2024-05-08 01:50:00,0x785f3ec7eb32f30b90cd0fcf3657d388b5ff4297,0xad3b83575249b68aab9602de378314fc221ab07a,109.3309,0.027128,93099,1600847,252
cbf2f7864f1c9883,2024-12-04 06:35:00,0xff108b68b0e9bc1e5a744f80f9ef1b8575c7d041,0x2af4dd48399a5cf64c23fc7933e11aaf6171d800,21.6096,0.031711,46849,1010699,570
2d1007980f492153,2024-02-06 13:37:00,0xfc4fb94d36f45aa9d13358022455e55db4b6f0eb,0xc2077253a9b10166e7c8ffda8f2377456f332029,6.2253,0.012969,52860,1196133,41
fed88b40aba63cac,2024-06-30 11:03:00,0xac93f3a0fee5afa2d9399d5d0f257dc92bbde89b,0xc24cf8d31cf7e596ba052b7ed00f169b1c2bafb9,7.7154,0.007054,52585,1534003,400
0a1f1256f9bac68e,2024-03-29 08:53:00,0xc76b405781134be1dab7fe45adfb8c32104805a0,0xc78961d3d782d8a85d9344eedae027f43ce6b9fd,71.6715,0.041763,43015,1019169,286
98f1f17f9a73ccfe,2024-11-28 09:14:00,0x60f070e3393291d6f836bf0acdca6138eadc4dd1,0xc66bbe9d118f554bfdba35a609848b9ab2d9c22e,48.1453,0.049222,98539,1518652,541
aaf01d71b55e51b1,2024-04-07 02:16:00,0x73475cb40a568e8da8a045ced110137e159f890a,0x16b30490a644117a249c2018f31f7d29d2848c8b,5.3304,0.026332,64585,1118413,163
ea415bf50eb65ade,2024-12-04 08:13:00,0x3da6ee6699da1eb52d358aa59b8e1cf6b5d77db2,0x833cd8c0e698745b16dac196a511327c3b30258a,4.3928,0.008667,47958,1933667,392
5f2703a5211db19a,2024-08-19 01:11:00,0x54006483f014c53f76d879c033e5589a76e0080d,0xfed88b40aba63cac05eadd5db0088c036005ec23,60.3604,0.013688,47017,1643552,77
155d1cf609cedded,2024-11-18 06:31:00,0x7b69759630f869f2723875f873935fed29d2d12b,0xaee4848a8580f31102073d34012cb3700fee3e61,3.7773,0.001018,97707,1267926,223
0ef962215cc05578,2024-11-06 17:50:00,0xd4679c618f1af07ee8570edd4b931e2e68e1c2d4,0xc78961d3d782d8a85d9344eedae027f43ce6b9fd,86.2593,0.045724,66350,1743537,385
18d37c950a3e810d,2024-11-20 16:54:00,0x68f10bf021d7734e071e07bbf561aa0f1bfc7974,0x42c6024940120036d7a0103375d5b8e5072589f6,61.25,0.005976,33201,1522988,222
050a010ce24d0896,2024-04-25 21:29:00,0x6f81082badfd007354ac6ebb78adaa04bfedf9a1,0xff2ccb6ba423d356bd549ed4bfb76e96976a0dcd,4.2424,0.028868,50426,1124481,88
e3f6959781c353c2,2024-12-11 15:32:00,0xd83c7ee736be931d85b78a4a60881ced3ff9a31b,0xc8c9cad7b920b50f713830b8dc55f59fffbbad98,4.4327,0.013775,38778,1215400,390
2dfe70c43208f52b,2024-11-23 17:32:00,0xaaf57ee8c549ef3df8a07abf3a0df0f028e40239,0x0dfcddb0440e967f05bb68ca09a5e2188b8abc36,215.7729,0.027753,66241,1559873,67
5627b4a8f9efbd8f,2024-07-07 17:42:00,0xa0d177b4967a6d99f4ff117defe1c0d23d4e78ca,0x00bebc5be79d19e1b8b3f250dc39aebfa9a054ba,23.4419,0.032606,63229,1817114,35
6d05621ab7cb7b4f,2024-06-29 00:49:00,0x2811745d7b8d8874f6e653d176cefdd19e05e920,0x37834f2f25762f23e1f74a531cbe445db73d6765,23.1528,0.041504,69364,1178936,456
3538a1ef2e113da6,2024-07-20 22:22:00,0x284b7e6d788f363f910f7beb1910473e23ce9d6c,0xf0cbba2470c7c8706fe77e8d88e947ed8c331004,83.7788,0.0104,78056,1392136,75
0e12831a7047f759,2024-12-18 20:56:00,0xc498f3fe97c0df55ee8dea01a72572059b93f42d,0x5344c4110f483793dc352c388e67776724c36b4b,147.1082,0.000649,48490,1870848,263
75c3e223190bf1a1,2024-06-23 05:07:00,0xe9ad42e2c3f4805614f568186b0282219cf7350b,0x7b81eb727ed48055fa55c5e03aaa43f27b01bd9b,213.4387,0.006931,40975,1448330,53
c498f3fe97c0df55,2024-07-18 22:56:00,0x5c344ba7044815dd03c3448028a43e5b9c16074c,0x4c8d5b6c695d265fb63dd73f275a21043a5887b3,69.995,0.045011,47723,1389954,106
a4ecdd704d258aa8,2024-11-16 07:19:00,0xba689abd93c9c6a7d08b5b5c04dd27f6d69755eb,0x084917af148384c1e8396addcec2fca2a9f2c391,23.601,0.043707,44279,1038067,563
4a30a219a9d7663f,2024-02-26 10:07:00,0x40fb7164e459a38813f304e3b45db2b074be1498,0x0aa598c735f77296910c9b61658e9411d38061dc,4.3597,0.029911,99301,1698045,236
83151157c10d85af,2024-07-27 01:27:00,0xe3d6c4d4599e00882384ca981ee287ed961fa5f3,0xd7cdaa5ca0582076c8e772cce739e32c5077cfd2,75.0621,0.030066,32561,1777622,445
caa1aedb2a6ce96b,2024-06-19 18:04:00,0xd4679c618f1af07ee8570edd4b931e2e68e1c2d4,0x86e50149658661312a9e0b35558d84f6c6d3da79,40.868,0.033285,87061,1018073,388
549a2fac47d713cc,2024-07-16 20:33:00,0x2ab0ce7632a611e907a40710ff46da13c5ba832f,0x5b60f221d4a1852afd0194ad0857fae9c558608e,27.6017,0.008851,70153,1036035,187
d83c7ee736be931d,2024-09-01 13:21:00,0xcc6aed2709b80e146bebc151f1cf1dec5e323b58,0x2af4dd48399a5cf64c23fc7933e11aaf6171d800,118.4119,0.045729,54142,1196049,436
48f89b630677c2cb,2024-08-20 19:19:00,0x023849c38925e2af028a2eb4e1dc41afd7dc7a23,0x56f4da26ed956730309fa1488611ee0f13b0ac95,5.894,0.020997,47916,1233782,316
f626051bc94422f2,2024-02-28 16:11:00,0x0791963ca2667a23cf3268ad25d7bb6ca0ed287b,0xf626051bc94422f26f4b774a2bca105e122df36a,33.9253,0.019219,85324,1614661,513
b3a8e0e1f9ab1bfe,2024-04-10 18:15:00,0xc2077253a9b10166e7c8ffda8f2377456f332029,0xb3a8e0e1f9ab1bfe3a36f231f676f78bb30a519d,0.5709,0.025994,65965,1869794,277
353767b239099863,2024-04-19 19:57:00,0x9537f32ec7599e1ae953af6c9f929fe747ff9dad,0x51cfe39433c33d8144a4d4663e3834ca238ce78c,31.6177,0.002444,25648,1614805,595
ad21a2b810af49a8,2024-06-17 09:35:00,0x4f97f2eebf92cde58c103466712fa2f65b10d06f,0x14063697603e22d600d336bee6cff12c8be93509,2.8975,0.008398,56133,1589738,17
42f0bec3310ddd8a,2024-10-05 22:01:00,0xbc52dd634277c4a34a2d6210994a9a5e2ab6d33b,0xa73ab888363736220eb589458721088241ee1005,6.3245,0.036928,71677,1534670,517
841a05fd378a2c06,2024-04-21 06:27:00,0x5d8f6cce532a7aeb57196be62344095936793400,0x62f77e7d6197863ac98d9e0cfa76bea0c8e05379,6.2513,0.004232,91135,1921941,485
de482c7ed5ca67ae,2024-06-04 19:05:00,0x5658b88806a236b6439a7ecd0a87af2475a02a84,0x37834f2f25762f23e1f74a531cbe445db73d6765,52.3784,0.030197,56046,1726331,306
da4d43f295ce9263,2024-02-16 18:28:00,0x2499d690642faa4da2a67b078236d1c031217f3c,0x769e881d85fc5d27cb4cbc8382200d95b179cfde,68.5299,0.012343,68064,1457828,173
06de973bb45531d5,2024-10-29 02:20:00,0xecac903ea62dc1d5446a88330af0a17ce89c7787,0x2c4cf657337835125bc4258d0e2e546af4185bdb,43.7777,0.019526,90350,1745715,494
88b54564b232405a,2024-10-23 19:18:00,0xa0f8b2c4cb1ac82abdb37f0fe5203b97be556c44,0xdd8e8c8c9dae8978f122d7bcf3d0d49f6a0e86b9,163.736,0.014506,66893,1061929,81
ad3b83575249b68a,2024-08-28 22:34:00,0x34e2ad7b31cd9ee87c038c10fd6fbe310314ba67,0x1a5659493256d9eb296edea686b14dfd94116d21,23.4898,0.017848,82272,1757771,576
826e27285307a923,2024-12-05 06:37:00,0xd6420a4ee44bc345c7bf3a2efbab98e08a472701,0x316c0f93c7fe125865d85d6e7e7a31b79e9a46c4,16.8235,0.03598,88649,1752878,568
e078af3026edb42c,2024-10-29 18:10:00,0x52f14fc33ef45dd80ac2626077948f44d8d211d5,0x8e6aee9efac8086ebac545d45c63e0d0dfcddd0d,101.4751,0.014926,85674,1885296,247
1e5ee5e58c8f490a,2024-02-15 08:10:00,0x5c344ba7044815dd03c3448028a43e5b9c16074c,0xda4ea2a5506f2693eae190d9360a1f31793c98a1,12.6541,0.028364,34760,1667689,113
c6bd343ae0007cdb,2024-05-30 14:41:00,0x87a4a78ecb6deb2dee9ddd0678d03800141864a0,0xe6f47e008cc58b38596e6fdf2f50a0fea93fd105,165.1435,0.023855,42927,1780965,219
30eec89ddd9c342e,2024-11-01 22:32:00,0x621cb5d0bdea9584dc9f7ede1479e7cca67f8d97,0xe0850a775c17a87060c0cf6efad1020e0cbef5a4,0.6114,0.033217,82367,1287313,563
064c3e311ef63912,2024-10-10 14:36:00,0xaea92132c4cbeb263e6ac2bf6c183b5d81737f17,0x1dfacb2ea5a03e0a915999e03b5a56196f1b1664,175.1263,0.046848,33588,1087468,477
b6cb293891dd6274,2024-01-15 05:20:00,0x826e27285307a923759de350de081d6218a04f4c,0xc0d2d188feaa1562d9a1ca041b28896773ad5cf5,2.2059,0.036655,73233,1034594,463
3a8f6d79cd434dc1,2024-10-03 23:38:00,0x1da51b8d8ff98f6a48f80ae79fe3ca6c26e1abb7,0x65a699905c02619370bcf9207f5a477c3d67130c,110.8861,0.010826,65738,1994461,277
98144d79af444072,2024-12-13 07:49:00,0x3949ac1596ec77106a709a618bf5adcb19b77537,0x3658d7fa3c43456f3c9c87db0490e872039516e6,37.5072,0.001656,54397,1191703,395
b1585fdb272b3140,2024-01-05 07:02:00,0x7c252ab334fb8fd88e8242c4972c21db9c7ce0b4,0x5b7c4e75c9485e2e988dce7c57bd9e9915a74217,247.8414,0.013187,97367,1045033,396
e73cb135243c08ab,2024-09-13 03:25:00,0x7104741a92e73eb6c5d69cd04cf0afbe50a8796a,0xdb9351a297a7362b3c913ac8de77bd9a1ccc0d61,3.8331,0.029794,92260,1587421,268
6e82b8197ce29396,2024-08-05 10:38:00,0x3038bfb575bee6a0e61945eff8784835bb2c7206,0x826e27285307a923759de350de081d6218a04f4c,40.3555,0.002666,97619,1990669,292
200dd69b70a88134,2024-10-10 23:30:00,0x8c004c94eb689b3765ccb51f03e1aa3392f46c68,0xe3d6c4d4599e00882384ca981ee287ed961fa5f3,174.1788,0.024869,40816,1073861,49
9869a8a3a11a3328,2024-11-01 02:55:00,0x74332c78b10e3ee51ac4a3c18ccc15c1b6c9807b,0x34e2ad7b31cd9ee87c038c10fd6fbe310314ba67,37.0222,0.029882,63240,1707650,495
ddfe0e8d462af661,2024-06-09 14:11:00,0x8111eb1556229541d7d2720a51203037e78ee57f,0x5966abd0cbfc86f98a186531b2b4ee5f6e910120,49.6314,0.016779,27276,1293894,229
51d089cdaf0c968c,2024-12-21 12:25:00,0x000f21ac06aceb9cdd0575e82d0d85fc39bed0a7,0xc22e1a4acbd2d996ff19a852585f9434883c3012,59.4951,0.038569,44499,1564749,138
d4679c618f1af07e,2024-06-08 18:40:00,0xe1bb74a7794720edf4935a8813538e8113491318,0x9f6cb78c09b22a1a10564f6be4a1784327a42ff1,30.3064,0.005419,92635,1467016,529
48ce32e8ec774159,2024-07-17 17:53:00,0x3d34f102d1708fc5edd3111144f78764b4d7b745,0x55f0124bb79f5c53d868ca45bbb0f4d04da15eea,49.3837,0.003849,56946,1078222,269
a42e815c58f3977f,2024-11-13 08:47:00,0xd4735e3a265e16eee03f59718b9b5d03019c07d8,0xabbb9233cee3e720b2a86acf4ad04e51a670a7e7,43.8913,0.036437,76204,1636308,375
5844a72aee9269a6,2024-12-19 15:12:00,0x8ef532f440c91b5dfa24570e53d6bded96c4064a,0x785f3ec7eb32f30b90cd0fcf3657d388b5ff4297,115.7116,0.024825,72886,1810658,553
86b700fab5db3797,2024-01-22 03:14:00,0xd7be6321b3d940822dd195bcc86cca411cd9d95f,0x41cfc0d1f2d127b04555b7246d84019b4d27710a,2.3256,0.034451,92652,1793153,533
9b19f9ab816598a0,2024-10-10 03:46:00,0x9d6aa3d89c0171b9c2ccd57e6d41ccec3053d3c3,0xf0ccd8e78b618cb55731054911af540b5496f37e,16.4921,0.021798,36563,1973658,25
a77b6cbdf6fae167,2024-09-01 18:17:00,0x98144d79af44407273f26589afc01901b7b296de,0x023849c38925e2af028a2eb4e1dc41afd7dc7a23,150.1998,0.012395,30847,1544897,138
e4be97ce765e6cfc,2024-10-21 09:56:00,0x814fd2e8e45e9a6d3e1f6ff86867aaf2251ccd07,0x1e472b39b105d349bcd069c4a711b44a2fffb8e2,110.4838,0.040973,47155,1969634,584
cbd02d97b0731d88,2024-04-30 04:21:00,0x7688b6ef52555962d008fff894223582c484517c,0x6566230e3a3ce3774c1bbc7c18b590ae0f457bbc,30.4088,0.039991,88278,1654801,118
227445a988500528,2024-12-06 08:14:00,0x684fe39f03758de6a882ae61fa62312b67e5b1e6,0xf0ccd8e78b618cb55731054911af540b5496f37e,48.3967,0.034765,39309,1203981,542
23e8b0175874e1bb,2024-04-02 22:27:00,0x891d46993a36d78392247c642138cede01d9841d,0x59b524f8de039389005bce58385cae1d9241abd6,16.2437,0.01368,21619,1104211,278
560aa3e6e94314c7,2024-01-20 15:16:00,0x9b15fed64ef16980f625aeed46ab4cd2c4986905,0x093434a3ee9e0a010bb2c2aae06c2614dd248940,10.4202,0.029553,71108,1186321,171
d18b29d80a8bd366,2024-10-13 22:00:00,0xf4dd301311d96b70a2ee62a6bccfe21bb0d94a89,0x7f2253d7e228b22a08bda1f09c516f6fead81df6,31.1529,0.018113,55707,1442111,269
ac1270c5058af650,2024-01-20 17:38:00,0x54006483f014c53f76d879c033e5589a76e0080d,0x7ffc2066e20c16e95c0b41167e334afe57ff4991,21.7977,0.00467,41337,1487689,111
35bbce4007c5cd57,2024-03-02 03:05:00,0x2c69bc9b34fb0800a44a702e45019c107dfdc827,0xff108b68b0e9bc1e5a744f80f9ef1b8575c7d041,43.8122,0.045874,87504,1923160,515
dcb5d6e69e4ded78,2024-11-08 02:33:00,0x455ae2dfc77dd77562c06dc893a49d84795a93e4,0xf8818b67ab25419ad5b1bd61440573498e0785aa,4.0461,0.006927,68614,1911297,580
f138665c5aa66008,2024-04-08 19:31:00,0xd83c7ee736be931d85b78a4a60881ced3ff9a31b,0xd48ff4b2f68a10fd7c86f185a6ccede0dc0f2c48,183.248,0.047517,21281,1860952,256
db3defda18fafc0c,2024-12-02 04:45:00,0x87a4a78ecb6deb2dee9ddd0678d03800141864a0,0x36c1cc2f9d7022bf6beacb6248a89e7e677b3bf9,214.1933,0.022356,48420,1456956,546
