transaction_id,account_id,transaction_date,transaction_type,amount,balance_after,merchant_category,is_international,card_present,risk_score
TXN00000001,ACC000889,2024-08-20,TRANSFER,76.37,17209.15,Utilities,0,1,85.28
TXN00000002,ACC000993,2024-11-20,WITHDRAWAL,16.5,38688.1,Entertainment,0,0,22.01
TXN00000003,ACC000817,2024-11-19,TRANSFER,97.59,28565.85,Utilities,1,1,18.02
TXN00000004,ACC000801,2024-07-02,DEPOSIT,3.98,4711.9,Entertainment,0,0,1.56
TXN00000005,ACC000917,2024-04-05,WITHDRAWAL,289.37,21566.27,Grocery,0,1,21.06
TXN00000006,ACC000090,2024-05-02,TRANSFER,223.24,29373.0,Utilities,1,1,51.85
TXN00000007,ACC000511,2024-11-30,TRANSFER,69.46,45484.91,Entertainment,0,1,53.85
TXN00000008,ACC000097,2024-04-23,WITHDRAWAL,1.18,9505.55,Other,1,1,25.44
TXN00000009,ACC000466,2024-06-01,TRANSFER,549.39,40317.05,Healthcare,0,0,7.23
TXN00000010,ACC000322,2024-04-09,TRANSFER,130.87,6618.16,Other,0,1,74.46
TXN00000011,ACC000174,2024-10-01,WITHDRAWAL,52.15,12187.56,Transport,0,1,75.8
TXN00000012,ACC000957,2024-05-05,TRANSFER,38.04,12242.86,Entertainment,0,1,99.78
TXN00000013,ACC000303,2024-07-12,TRANSFER,18.66,43886.21,Other,0,1,90.0
TXN00000014,ACC000166,2024-05-13,TRANSFER,27.41,10030.98,Utilities,0,1,92.61
TXN00000015,ACC000070,2024-12-03,TRANSFER,254.28,39369.34,Utilities,1,1,79.82
TXN00000016,ACC000287,2024-01-27,PAYMENT,19.42,23144.15,Grocery,0,0,61.55
TXN00000017,ACC000591,2024-05-20,WITHDRAWAL,31.54,49954.63,Healthcare,0,1,12.85
TXN00000018,ACC000373,2024-02-12,PAYMENT,42.3,41970.67,Entertainment,0,1,62.23
TXN00000019,ACC000362,2024-03-14,PAYMENT,44.68,37011.19,Other,1,1,5.6
TXN00000020,ACC000092,2024-11-17,DEPOSIT,15.87,43549.24,Healthcare,0,1,88.53
TXN00000021,ACC000073,2024-01-12,PAYMENT,38.85,31738.12,Grocery,0,0,48.18
TXN00000022,ACC000184,2024-11-22,PAYMENT,108.49,42198.25,Transport,0,1,69.75
TXN00000023,ACC000728,2024-10-23,DEPOSIT,8.94,13130.23,Healthcare,0,1,5.22
TXN00000024,ACC000791,2024-02-22,TRANSFER,39.21,4975.39,Grocery,1,1,53.42
TXN00000025,ACC000472,2024-02-26,TRANSFER,2596.63,30835.01,Entertainment,0,1,30.13
TXN00000026,ACC000265,2024-08-23,PAYMENT,48.12,21791.05,Transport,0,1,28.5
TXN00000027,ACC000485,2024-11-01,DEPOSIT,8.49,21379.4,Utilities,0,0,38.97
TXN00000028,ACC000263,2024-03-03,TRANSFER,6.72,26384.72,Grocery,0,1,0.06
TXN00000029,ACC000782,2024-02-24,DEPOSIT,4.35,18132.99,Utilities,0,1,46.67
TXN00000030,ACC000898,2024-03-13,WITHDRAWAL,1414.08,31340.37,Transport,0,1,48.66
TXN00000031,ACC000453,2024-05-24,WITHDRAWAL,409.95,1625.36,Grocery,0,1,86.31
TXN00000032,ACC000666,2024-05-14,WITHDRAWAL,4.14,48497.58,Grocery,0,1,44.85
TXN00000033,ACC000947,2024-04-02,WITHDRAWAL,83.71,46242.98,Transport,1,1,36.36
TXN00000034,ACC000144,2024-02-17,PAYMENT,632.49,46769.98,Entertainment,0,1,99.47
TXN00000035,ACC000963,2024-02-09,WITHDRAWAL,50.35,18313.67,Grocery,0,1,57.12
TXN00000036,ACC000127,2024-09-10,WITHDRAWAL,20.43,26641.36,Transport,0,0,47.26
TXN00000037,ACC000996,2024-07-04,DEPOSIT,4826.13,47711.12,Healthcare,0,1,49.59
TXN00000038,ACC000583,2024-04-16,TRANSFER,1.21,45127.07,Utilities,0,1,80.92
TXN00000039,ACC000500,2024-07-19,DEPOSIT,10563.52,39533.2,Grocery,0,0,34.07
TXN00000040,ACC000041,2024-02-21,PAYMENT,61.56,20425.85,Healthcare,0,1,38.92
TXN00000041,ACC000373,2024-09-08,WITHDRAWAL,721.16,28260.53,Grocery,0,1,75.59
TXN00000042,ACC000880,2024-01-12,TRANSFER,4.95,39666.33,Entertainment,0,1,7.3
TXN00000043,ACC000294,2024-07-30,TRANSFER,12.79,13723.3,Transport,0,0,86.52
TXN00000044,ACC000411,2024-02-07,WITHDRAWAL,6.3,31359.82,Grocery,0,1,43.02
TXN00000045,ACC000419,2024-09-06,WITHDRAWAL,44.61,41413.92,Transport,0,1,58.13
TXN00000046,ACC000878,2024-11-16,PAYMENT,101.03,35401.99,Other,0,0,75.75
TXN00000047,ACC000635,2024-02-09,PAYMENT,461.09,24026.08,Grocery,0,1,26.61
TXN00000048,ACC000940,2024-04-17,WITHDRAWAL,1.78,29271.96,Entertainment,0,0,89.03
TXN00000049,ACC000697,2024-12-17,WITHDRAWAL,74.72,49434.91,Entertainment,0,1,97.92
TXN00000050,ACC000133,2024-08-02,WITHDRAWAL,326.95,30139.19,Healthcare,0,1,49.43
TXN00000051,ACC000452,2024-07-11,WITHDRAWAL,475.5,39302.33,Entertainment,0,0,93.69
TXN00000052,ACC000376,2024-06-09,TRANSFER,22.62,36357.58,Transport,0,0,0.11
TXN00000053,ACC000525,2024-11-20,PAYMENT,23.19,35104.38,Other,0,1,89.42
TXN00000054,ACC000866,2024-08-18,WITHDRAWAL,45.42,35846.82,Entertainment,0,1,31.1
TXN00000055,ACC000640,2024-03-23,WITHDRAWAL,79.21,22775.05,Grocery,0,0,31.15
TXN00000056,ACC000975,2024-04-02,TRANSFER,738.92,23760.59,Entertainment,1,1,22.81
TXN00000057,ACC000322,2024-06-01,DEPOSIT,4.85,23446.35,Other,0,0,31.7
TXN00000058,ACC000383,2024-01-06,WITHDRAWAL,11.33,1759.4,Transport,0,0,21.35
TXN00000059,ACC000086,2024-04-01,TRANSFER,3.81,12129.16,Grocery,0,1,90.59
TXN00000060,ACC000699,2024-12-03,TRANSFER,128.45,7812.74,Healthcare,0,1,89.9
TXN00000061,ACC000424,2024-10-17,DEPOSIT,494.1,44333.61,Healthcare,0,1,10.22
TXN00000062,ACC000519,2024-11-19,PAYMENT,3.18,13820.97,Healthcare,0,0,14.29
TXN00000063,ACC000461,2024-11-06,PAYMENT,65.2,7008.29,Grocery,0,0,86.2
TXN00000064,ACC000270,2024-01-17,PAYMENT,427.52,6076.37,Healthcare,0,1,39.89
TXN00000065,ACC000899,2024-03-01,WITHDRAWAL,262.2,35029.49,Entertainment,0,0,16.93
TXN00000066,ACC000897,2024-06-24,PAYMENT,256.08,403.56,Grocery,0,1,51.07
TXN00000067,ACC000699,2024-06-26,WITHDRAWAL,5.05,23618.09,Grocery,0,0,41.67
TXN00000068,ACC000044,2024-09-04,WITHDRAWAL,254.39,6031.67,Grocery,0,1,21.92
TXN00000069,ACC000636,2024-11-10,TRANSFER,37.64,42498.2,Utilities,0,0,72.08
TXN00000070,ACC000660,2024-11-03,PAYMENT,464.2,47926.67,Transport,0,1,63.13
TXN00000071,ACC000059,2024-10-06,PAYMENT,134.07,47941.86,Utilities,0,1,9.97
TXN00000072,ACC000759,2024-01-03,PAYMENT,10.69,22154.01,Utilities,0,1,92.54
TXN00000073,ACC000810,2024-03-22,WITHDRAWAL,95.36,32261.29,Utilities,0,0,55.85
TXN00000074,ACC000251,2024-09-24,WITHDRAWAL,280.63,30025.24,Transport,0,1,25.02
TXN00000075,ACC000717,2024-05-10,PAYMENT,19.83,17566.94,Utilities,1,0,20.63
TXN00000076,ACC000841,2024-03-03,WITHDRAWAL,70.64,22258.82,Healthcare,1,1,13.59
TXN00000077,ACC000575,2024-04-08,WITHDRAWAL,3.77,3309.75,Grocery,0,1,42.46
TXN00000078,ACC000009,2024-11-06,DEPOSIT,163.7,39805.38,Grocery,0,0,13.55
TXN00000079,ACC000159,2024-01-16,DEPOSIT,48.79,12116.1,Entertainment,1,1,41.58
TXN00000080,ACC000874,2024-10-01,PAYMENT,339.74,23080.31,Other,0,1,14.88
TXN00000081,ACC000108,2024-01-12,PAYMENT,154.74,24082.97,Healthcare,0,1,65.68
TXN00000082,ACC000298,2024-09-22,DEPOSIT,24.18,28079.52,Transport,0,1,78.52
TXN00000083,ACC000385,2024-09-19,WITHDRAWAL,10.05,40912.04,Other,0,0,54.95
TXN00000084,ACC000163,2024-03-19,WITHDRAWAL,6.34,34624.86,Grocery,0,1,68.01
TXN00000085,ACC000584,2024-04-20,TRANSFER,19.79,33186.85,Utilities,0,1,93.84
TXN00000086,ACC000409,2024-07-05,PAYMENT,321.88,26384.6,Entertainment,0,1,63.84
TXN00000087,ACC000875,2024-02-28,PAYMENT,1.63,4888.19,Entertainment,0,1,36.42
TXN00000088,ACC000075,2024-04-21,PAYMENT,6.88,20160.22,Grocery,0,1,44.95
TXN00000089,ACC000229,2024-01-16,TRANSFER,304.3,47870.11,Healthcare,0,0,86.05
TXN00000090,ACC000398,2024-06-16,TRANSFER,778.92,49777.85,Other,0,0,13.07
TXN00000091,ACC000896,2024-03-11,WITHDRAWAL,7.64,36551.86,Entertainment,0,1,32.57
TXN00000092,ACC000474,2024-04-22,DEPOSIT,6.73,11453.0,Grocery,0,1,57.73
TXN00000093,ACC000686,2024-02-12,DEPOSIT,910.8,5184.34,Healthcare,0,1,67.64
TXN00000094,ACC000096,2024-12-20,DEPOSIT,42.64,20796.74,Grocery,0,1,76.35
TXN00000095,ACC000358,2024-03-05,WITHDRAWAL,9.12,42842.94,Grocery,0,1,31.82
TXN00000096,ACC000478,2024-05-17,DEPOSIT,441.08,36121.03,Healthcare,0,1,14.59
TXN00000097,ACC000480,2024-05-20,TRANSFER,149.45,44206.22,Healthcare,0,1,95.48
TXN00000098,ACC000658,2024-09-03,TRANSFER,238.25,30827.24,Healthcare,0,0,7.64
TXN00000099,ACC000548,2024-04-12,PAYMENT,10.13,6603.39,Grocery,0,1,9.58
TXN00000100,ACC000922,2024-02-17,DEPOSIT,115.54,5828.32,Entertainment,0,0,49.49
TXN00000101,ACC000838,2024-06-27,TRANSFER,660.22,2495.31,Transport,0,0,81.93
TXN00000102,ACC000477,2024-12-28,PAYMENT,196.68,28397.29,Transport,0,1,77.45
TXN00000103,ACC000112,2024-10-09,DEPOSIT,343.69,12220.02,Grocery,0,0,93.77
TXN00000104,ACC000088,2024-11-29,DEPOSIT,903.51,36745.74,Grocery,0,0,14.16
TXN00000105,ACC000185,2024-05-30,TRANSFER,128.42,34343.87,Entertainment,0,0,37.57
TXN00000106,ACC000750,2024-08-27,PAYMENT,17.63,15973.73,Healthcare,0,0,28.21
TXN00000107,ACC000111,2024-09-10,PAYMENT,315.52,8922.4,Grocery,1,1,86.09
TXN00000108,ACC000940,2024-08-11,TRANSFER,5.98,5209.78,Utilities,0,0,48.84
TXN00000109,ACC000983,2024-09-19,TRANSFER,35.0,36892.03,Healthcare,0,1,2.68
TXN00000110,ACC000945,2024-07-23,TRANSFER,177.0,22577.01,Grocery,0,1,70.8
TXN00000111,ACC000407,2024-04-08,DEPOSIT,0.09,16244.14,Utilities,0,1,38.87
TXN00000112,ACC000787,2024-05-08,TRANSFER,90.46,42846.99,Other,0,1,53.11
TXN00000113,ACC000444,2024-03-29,TRANSFER,99.41,29721.3,Entertainment,0,1,89.38
TXN00000114,ACC000205,2024-04-11,WITHDRAWAL,5.63,25948.32,Utilities,0,0,25.67
TXN00000115,ACC000412,2024-12-17,TRANSFER,104.77,37194.62,Grocery,0,1,24.03
TXN00000116,ACC000337,2024-05-23,TRANSFER,79.83,40797.6,Transport,0,1,26.32
TXN00000117,ACC000067,2024-07-20,DEPOSIT,58.44,34335.05,Grocery,0,1,33.81
TXN00000118,ACC000325,2024-02-22,PAYMENT,589.26,22056.32,Transport,0,1,10.74
TXN00000119,ACC000351,2024-10-25,DEPOSIT,316.66,19027.01,Entertainment,0,0,69.72
TXN00000120,ACC000619,2024-10-27,WITHDRAWAL,196.36,38606.08,Entertainment,0,1,20.74
TXN00000121,ACC000498,2024-06-08,TRANSFER,7.04,25943.57,Healthcare,0,0,92.61
TXN00000122,ACC000218,2024-03-25,TRANSFER,52.74,35248.87,Healthcare,0,1,21.57
TXN00000123,ACC000720,2024-04-15,TRANSFER,583.4,44530.9,Transport,0,1,25.56
TXN00000124,ACC000760,2024-09-06,TRANSFER,35.54,45802.94,Transport,0,1,29.7
TXN00000125,ACC000488,2024-08-09,TRANSFER,1222.34,13958.01,Entertainment,0,1,76.85
TXN00000126,ACC000118,2024-08-16,TRANSFER,208.18,9475.71,Utilities,0,1,42.76
TXN00000127,ACC000286,2024-08-04,WITHDRAWAL,1667.57,13138.24,Transport,0,1,81.93
TXN00000128,ACC000466,2024-11-01,TRANSFER,6.46,37593.45,Transport,0,0,78.49
TXN00000129,ACC000040,2024-05-19,TRANSFER,40.07,18565.9,Utilities,0,1,92.95
TXN00000130,ACC000559,2024-06-12,TRANSFER,48.41,8752.13,Healthcare,0,1,75.66
TXN00000131,ACC000160,2024-11-14,WITHDRAWAL,183.52,5009.44,Healthcare,0,1,5.19
TXN00000132,ACC000972,2024-02-25,TRANSFER,12.46,16432.93,Transport,1,1,83.73
TXN00000133,ACC000482,2024-11-06,WITHDRAWAL,2.19,6893.21,Healthcare,0,1,93.81
TXN00000134,ACC000150,2024-07-15,DEPOSIT,116.33,7903.04,Healthcare,0,1,99.37
TXN00000135,ACC000656,2024-08-07,TRANSFER,26.23,34225.81,Other,0,0,12.53
TXN00000136,ACC000219,2024-04-12,PAYMENT,21.3,1084.63,Healthcare,0,1,61.33
TXN00000137,ACC000328,2024-10-17,WITHDRAWAL,13.66,5965.91,Entertainment,0,1,19.95
TXN00000138,ACC000582,2024-06-29,DEPOSIT,69.95,42233.84,Grocery,0,1,26.25
TXN00000139,ACC000033,2024-07-10,WITHDRAWAL,6.34,42261.21,Transport,0,1,74.56
TXN00000140,ACC000616,2024-11-19,WITHDRAWAL,37.03,16529.25,Transport,0,1,97.77
TXN00000141,ACC000793,2024-02-02,DEPOSIT,10.41,4488.86,Entertainment,0,1,59.49
TXN00000142,ACC000390,2024-08-18,TRANSFER,16.15,35278.02,Grocery,0,1,85.06
TXN00000143,ACC000064,2024-03-26,TRANSFER,110.79,18070.57,Grocery,0,1,0.89
TXN00000144,ACC000959,2024-01-18,WITHDRAWAL,200.9,2368.68,Entertainment,0,1,3.66
TXN00000145,ACC000828,2024-09-18,DEPOSIT,29.6,7975.57,Utilities,0,0,59.67
TXN00000146,ACC000371,2024-05-09,TRANSFER,378.29,6947.02,Utilities,0,0,38.9
TXN00000147,ACC000809,2024-10-27,WITHDRAWAL,7.8,29496.91,Grocery,0,1,88.98
TXN00000148,ACC000441,2024-07-28,PAYMENT,2.61,44916.07,Utilities,1,0,30.2
TXN00000149,ACC000485,2024-05-30,DEPOSIT,3.77,39674.29,Utilities,0,1,43.21
TXN00000150,ACC000219,2024-11-05,PAYMENT,6.35,27371.15,Utilities,0,0,52.79
TXN00000151,ACC000056,2024-11-26,PAYMENT,3.95,21165.54,Grocery,0,0,27.3
TXN00000152,ACC000217,2024-09-28,WITHDRAWAL,3109.78,30971.97,Utilities,0,1,90.85
TXN00000153,ACC000889,2024-06-29,DEPOSIT,2.46,22246.26,Transport,0,1,46.45
TXN00000154,ACC000024,2024-07-22,TRANSFER,355.97,12380.35,Other,0,0,42.42
TXN00000155,ACC000976,2024-01-16,TRANSFER,51.92,33991.95,Grocery,0,0,84.98
TXN00000156,ACC000777,2024-02-28,WITHDRAWAL,85.56,43674.87,Entertainment,1,0,31.2
TXN00000157,ACC000701,2024-04-02,TRANSFER,8.92,18706.23,Utilities,0,1,81.75
TXN00000158,ACC000434,2024-06-14,TRANSFER,104.68,42092.77,Healthcare,1,0,12.23
TXN00000159,ACC000277,2024-08-07,PAYMENT,8.78,21610.99,Grocery,0,1,18.28
TXN00000160,ACC000259,2024-04-05,PAYMENT,345.69,20126.66,Entertainment,0,1,95.08
TXN00000161,ACC000651,2024-07-02,DEPOSIT,407.9,1513.39,Other,0,1,84.24
TXN00000162,ACC000181,2024-05-05,PAYMENT,41.69,34794.42,Transport,0,0,38.79
TXN00000163,ACC000086,2024-02-07,TRANSFER,47.53,40394.38,Entertainment,0,1,63.85
TXN00000164,ACC000146,2024-04-20,DEPOSIT,129.73,33211.49,Utilities,0,1,94.3
TXN00000165,ACC000071,2024-12-02,DEPOSIT,117.12,7652.91,Healthcare,1,1,21.19
TXN00000166,ACC000281,2024-07-09,WITHDRAWAL,423.39,5254.34,Utilities,1,1,5.9
TXN00000167,ACC000415,2024-07-09,PAYMENT,400.09,28685.65,Entertainment,0,1,53.75
TXN00000168,ACC000084,2024-03-15,DEPOSIT,51.54,20135.66,Grocery,0,0,14.26
TXN00000169,ACC000306,2024-06-09,TRANSFER,21.02,21511.98,Healthcare,0,1,18.73
TXN00000170,ACC000895,2024-03-03,DEPOSIT,276.78,48393.23,Healthcare,0,1,89.15
TXN00000171,ACC000730,2024-01-05,DEPOSIT,39.94,36223.74,Entertainment,0,1,0.74
TXN00000172,ACC000463,2024-06-12,WITHDRAWAL,68.54,20648.21,Other,1,1,81.68
TXN00000173,ACC000893,2024-12-18,TRANSFER,157.69,1053.05,Other,0,1,51.7
TXN00000174,ACC000430,2024-01-06,TRANSFER,384.18,1801.38,Utilities,0,0,55.93
TXN00000175,ACC000538,2024-06-17,PAYMENT,91.99,34271.7,Entertainment,0,0,67.18
TXN00000176,ACC000220,2024-04-19,TRANSFER,16.87,41903.16,Healthcare,0,1,43.14
TXN00000177,ACC000686,2024-08-26,DEPOSIT,1986.28,35414.36,Entertainment,0,1,11.56
TXN00000178,ACC000915,2024-10-17,TRANSFER,1165.24,20353.8,Healthcare,0,1,10.28
TXN00000179,ACC000266,2024-06-13,TRANSFER,7.13,1653.67,Utilities,1,1,75.44
TXN00000180,ACC000189,2024-04-29,DEPOSIT,8.82,48373.34,Grocery,0,1,22.1
TXN00000181,ACC000851,2024-10-14,WITHDRAWAL,11.34,49318.17,Grocery,0,0,2.81
TXN00000182,ACC000056,2024-02-03,PAYMENT,298.0,27513.29,Entertainment,0,1,97.96
TXN00000183,ACC000095,2024-07-16,PAYMENT,2143.7,3626.48,Healthcare,1,0,98.04
TXN00000184,ACC000917,2024-05-25,WITHDRAWAL,19.84,27094.53,Grocery,1,1,37.81
TXN00000185,ACC000924,2024-11-04,DEPOSIT,76.6,44627.69,Healthcare,0,1,2.55
TXN00000186,ACC000439,2024-04-18,PAYMENT,12.12,34031.28,Utilities,0,1,72.73
TXN00000187,ACC000351,2024-09-26,WITHDRAWAL,1636.62,36027.46,Entertainment,1,1,83.1
TXN00000188,ACC000987,2024-04-21,WITHDRAWAL,284.19,4339.99,Healthcare,0,0,12.5
TXN00000189,ACC000772,2024-02-22,WITHDRAWAL,10.49,5414.93,Entertainment,0,0,13.55
TXN00000190,ACC000305,2024-10-14,PAYMENT,0.81,6454.7,Healthcare,0,1,82.22
TXN00000191,ACC000169,2024-05-22,PAYMENT,434.93,45228.4,Other,0,1,92.19
TXN00000192,ACC000204,2024-11-07,PAYMENT,17.37,26339.9,Other,0,1,79.08
TXN00000193,ACC000358,2024-12-09,PAYMENT,294.55,39599.6,Healthcare,0,1,20.07
TXN00000194,ACC000965,2024-02-08,TRANSFER,98.24,5853.03,Utilities,0,1,41.15
TXN00000195,ACC000430,2024-10-20,WITHDRAWAL,1.39,46389.37,Entertainment,0,0,60.08
TXN00000196,ACC000494,2024-11-26,TRANSFER,10.87,41074.99,Transport,0,0,16.03
TXN00000197,ACC000487,2024-08-03,WITHDRAWAL,26.89,11315.73,Healthcare,0,1,21.06
TXN00000198,ACC000549,2024-12-15,PAYMENT,14.13,43721.69,Healthcare,0,0,28.29
TXN00000199,ACC000706,2024-08-10,PAYMENT,68.88,13245.79,Other,0,1,50.95
TXN00000200,ACC000803,2024-06-11,TRANSFER,121.85,10346.46,Grocery,0,1,51.08
TXN00000201,ACC000165,2024-06-12,DEPOSIT,1956.12,13285.77,Other,1,0,81.43
TXN00000202,ACC000989,2024-04-11,PAYMENT,140.39,45506.76,Entertainment,1,1,75.3
TXN00000203,ACC000714,2024-04-10,DEPOSIT,1077.29,45788.04,Other,1,1,91.37
TXN00000204,ACC000448,2024-01-26,WITHDRAWAL,21.04,16516.89,Transport,0,1,83.29
TXN00000205,ACC000364,2024-09-09,TRANSFER,561.4,35301.17,Utilities,0,0,25.39
TXN00000206,ACC000935,2024-09-12,DEPOSIT,25.47,33819.69,Transport,1,1,33.13
TXN00000207,ACC000710,2024-01-24,DEPOSIT,8.72,40347.48,Utilities,0,1,50.04
TXN00000208,ACC000585,2024-05-20,PAYMENT,8.02,14895.82,Transport,0,1,1.43
TXN00000209,ACC000399,2024-08-03,DEPOSIT,0.28,25555.91,Other,0,0,90.39
TXN00000210,ACC000843,2024-03-02,DEPOSIT,301.32,33416.93,Transport,0,1,4.43
TXN00000211,ACC000011,2024-03-04,WITHDRAWAL,4.14,1410.22,Other,0,1,32.24
TXN00000212,ACC000575,2024-08-19,TRANSFER,912.59,18899.26,Other,0,1,56.92
TXN00000213,ACC000802,2024-03-28,PAYMENT,38.53,34824.83,Entertainment,0,1,51.78
TXN00000214,ACC000916,2024-11-03,PAYMENT,2.44,12704.5,Other,0,1,65.45
TXN00000215,ACC000612,2024-06-16,DEPOSIT,5.84,47889.43,Grocery,1,1,52.75
TXN00000216,ACC000204,2024-10-29,WITHDRAWAL,79.94,1605.05,Transport,0,0,22.9
TXN00000217,ACC000080,2024-07-15,DEPOSIT,1.27,47908.55,Healthcare,0,1,20.11
TXN00000218,ACC000741,2024-05-01,DEPOSIT,177.66,10916.52,Healthcare,1,0,90.72
TXN00000219,ACC000684,2024-10-22,PAYMENT,2.63,2536.22,Healthcare,0,1,26.4
TXN00000220,ACC000593,2024-01-11,DEPOSIT,12.45,14694.45,Grocery,0,1,28.1
TXN00000221,ACC000632,2024-05-25,DEPOSIT,81.24,39335.49,Other,0,1,41.3
TXN00000222,ACC000149,2024-01-10,WITHDRAWAL,139.1,37646.86,Transport,0,1,13.94
TXN00000223,ACC000332,2024-11-25,PAYMENT,269.2,10521.14,Utilities,1,1,50.73
TXN00000224,ACC000681,2024-10-21,TRANSFER,4.0,9919.83,Utilities,0,0,66.5
TXN00000225,ACC000844,2024-01-03,WITHDRAWAL,29.46,32164.74,Entertainment,1,1,78.6
TXN00000226,ACC000962,2024-08-24,WITHDRAWAL,485.9,22958.33,Grocery,0,1,71.15
TXN00000227,ACC000752,2024-05-25,WITHDRAWAL,29.48,39635.27,Transport,0,1,14.76
TXN00000228,ACC000761,2024-03-08,PAYMENT,98.35,1304.23,Other,0,1,45.61
TXN00000229,ACC000846,2024-07-25,DEPOSIT,75.56,30559.55,Healthcare,0,1,3.86
TXN00000230,ACC000755,2024-01-19,TRANSFER,736.92,36560.53,Grocery,0,1,1.78
TXN00000231,ACC000751,2024-09-30,PAYMENT,21.5,49669.97,Grocery,0,1,44.01
TXN00000232,ACC000325,2024-09-27,DEPOSIT,3.39,33971.21,Transport,0,1,25.3
TXN00000233,ACC000015,2024-01-21,WITHDRAWAL,7.88,11669.07,Other,0,1,68.34
TXN00000234,ACC000155,2024-06-21,PAYMENT,79.65,5498.49,Entertainment,0,1,72.42
TXN00000235,ACC000919,2024-11-26,DEPOSIT,2.37,32081.75,Other,0,1,89.54
TXN00000236,ACC000470,2024-01-09,TRANSFER,18.38,26206.84,Entertainment,0,1,76.07
TXN00000237,ACC000957,2024-02-05,TRANSFER,63.49,44967.35,Entertainment,0,1,4.82
TXN00000238,ACC000152,2024-08-28,DEPOSIT,11.78,36357.74,Healthcare,1,1,37.16
TXN00000239,ACC000512,2024-02-18,PAYMENT,104.97,25536.15,Healthcare,0,1,27.3
TXN00000240,ACC000886,2024-07-31,WITHDRAWAL,232.48,20239.11,Transport,0,1,38.61
TXN00000241,ACC000325,2024-06-03,DEPOSIT,135.61,20278.3,Other,0,1,16.01
TXN00000242,ACC000117,2024-05-20,WITHDRAWAL,2.47,11392.58,Entertainment,0,0,9.77
TXN00000243,ACC000812,2024-06-11,TRANSFER,63.97,964.57,Transport,1,1,52.1
TXN00000244,ACC000994,2024-06-26,DEPOSIT,74.8,28788.04,Entertainment,0,1,72.04
TXN00000245,ACC000691,2024-07-23,TRANSFER,25.49,10699.5,Grocery,1,1,70.19
TXN00000246,ACC000417,2024-02-10,WITHDRAWAL,102.17,10495.51,Utilities,0,1,45.09
TXN00000247,ACC000270,2024-10-11,WITHDRAWAL,95.09,6356.52,Utilities,1,1,52.23
TXN00000248,ACC000534,2024-06-09,DEPOSIT,45.52,9560.81,Entertainment,0,1,51.63
TXN00000249,ACC000740,2024-09-09,DEPOSIT,7.33,1686.28,Transport,0,1,69.16
TXN00000250,ACC000004,2024-11-09,DEPOSIT,51.77,33744.15,Healthcare,0,1,4.79
TXN00000251,ACC000462,2024-01-25,TRANSFER,2284.41,20129.72,Other,0,1,70.99
TXN00000252,ACC000966,2024-07-20,WITHDRAWAL,24.91,28120.08,Entertainment,0,1,58.22
TXN00000253,ACC000853,2024-06-01,WITHDRAWAL,443.46,31884.19,Entertainment,0,1,19.81
TXN00000254,ACC000878,2024-12-22,TRANSFER,59.01,48626.98,Other,0,1,4.91
TXN00000255,ACC000129,2024-08-20,DEPOSIT,11.01,3506.47,Healthcare,0,0,10.85
TXN00000256,ACC000650,2024-09-09,PAYMENT,30.17,20954.09,Entertainment,0,0,52.47
TXN00000257,ACC000461,2024-11-24,DEPOSIT,52.79,12370.31,Grocery,0,1,75.84
TXN00000258,ACC000655,2024-03-03,PAYMENT,202.44,23887.93,Healthcare,0,1,33.47
TXN00000259,ACC000993,2024-07-10,PAYMENT,6374.69,46031.57,Grocery,0,1,37.91
TXN00000260,ACC000593,2024-11-12,TRANSFER,60.91,36226.81,Utilities,1,1,93.41
TXN00000261,ACC000100,2024-02-22,WITHDRAWAL,4.66,33131.28,Other,0,1,21.3
TXN00000262,ACC000038,2024-01-15,WITHDRAWAL,2.0,22118.17,Healthcare,0,0,10.37
TXN00000263,ACC000224,2024-04-24,WITHDRAWAL,23.49,33588.51,Healthcare,0,1,34.34
TXN00000264,ACC000764,2024-01-25,WITHDRAWAL,5.72,1715.53,Transport,1,0,74.59
TXN00000265,ACC000193,2024-01-06,TRANSFER,166.64,29353.31,Transport,0,1,62.61
TXN00000266,ACC000431,2024-03-12,PAYMENT,169.1,27733.45,Other,0,1,41.58
TXN00000267,ACC000714,2024-02-23,WITHDRAWAL,40.77,17397.36,Healthcare,0,1,96.48
TXN00000268,ACC000560,2024-06-14,PAYMENT,203.32,10155.55,Utilities,0,0,73.5
TXN00000269,ACC000793,2024-12-18,TRANSFER,62.15,40397.02,Entertainment,0,0,6.19
TXN00000270,ACC000171,2024-08-11,DEPOSIT,2287.35,2787.72,Other,0,1,74.46
TXN00000271,ACC000616,2024-04-25,TRANSFER,191.0,3576.68,Other,0,1,2.4
TXN00000272,ACC000387,2024-03-28,WITHDRAWAL,327.42,22082.04,Transport,1,0,65.03
TXN00000273,ACC000222,2024-02-15,DEPOSIT,3.02,12702.47,Utilities,0,1,21.05
TXN00000274,ACC000357,2024-04-07,TRANSFER,5.25,37298.08,Other,0,0,69.64
TXN00000275,ACC000215,2024-07-07,TRANSFER,142.26,31746.08,Utilities,0,1,30.98
TXN00000276,ACC000976,2024-10-02,PAYMENT,2.46,38649.49,Other,0,0,87.3
TXN00000277,ACC000196,2024-01-03,TRANSFER,15.66,16301.48,Transport,0,1,33.69
TXN00000278,ACC000996,2024-12-18,DEPOSIT,577.57,37051.9,Entertainment,0,1,61.97
TXN00000279,ACC000696,2024-01-27,TRANSFER,15.0,43128.93,Transport,0,0,28.59
TXN00000280,ACC000591,2024-05-12,WITHDRAWAL,4.86,17329.2,Other,0,1,91.72
TXN00000281,ACC000979,2024-01-23,PAYMENT,207.49,17060.8,Utilities,1,1,78.1
TXN00000282,ACC000015,2024-02-26,DEPOSIT,3453.23,45007.58,Grocery,0,1,24.33
TXN00000283,ACC000380,2024-01-25,DEPOSIT,10.83,2584.53,Transport,0,0,94.88
TXN00000284,ACC000834,2024-06-04,TRANSFER,631.47,17574.45,Utilities,0,1,35.72
TXN00000285,ACC000373,2024-02-08,WITHDRAWAL,8.45,6021.76,Transport,0,0,65.19
TXN00000286,ACC000017,2024-05-15,PAYMENT,43.6,1546.13,Other,0,1,74.29
TXN00000287,ACC000310,2024-06-17,DEPOSIT,47.55,5732.18,Utilities,0,1,2.29
TXN00000288,ACC000919,2024-12-18,PAYMENT,11.43,21619.16,Entertainment,0,1,95.9
TXN00000289,ACC000315,2024-11-09,TRANSFER,314.44,34379.11,Utilities,0,1,34.44
TXN00000290,ACC000515,2024-07-13,WITHDRAWAL,2.51,14535.19,Healthcare,0,1,18.98
TXN00000291,ACC000839,2024-05-18,TRANSFER,80.65,42498.8,Grocery,0,1,85.07
TXN00000292,ACC000889,2024-12-23,PAYMENT,467.93,21937.02,Other,0,0,70.29
TXN00000293,ACC000128,2024-03-28,TRANSFER,266.22,48414.58,Utilities,0,0,8.67
TXN00000294,ACC000717,2024-03-11,PAYMENT,145.83,47712.37,Other,0,1,11.7
TXN00000295,ACC000512,2024-10-25,DEPOSIT,1300.62,38686.48,Transport,0,1,71.52
TXN00000296,ACC000665,2024-08-23,DEPOSIT,35.19,46627.03,Transport,0,0,7.48
TXN00000297,ACC000467,2024-03-02,TRANSFER,2.59,35384.09,Utilities,0,1,91.72
TXN00000298,ACC000424,2024-03-05,DEPOSIT,71.55,44789.6,Healthcare,0,1,74.15
TXN00000299,ACC000421,2024-06-12,PAYMENT,42.46,11900.04,Utilities,0,1,33.55
TXN00000300,ACC000361,2024-03-16,DEPOSIT,0.79,17336.47,Entertainment,0,0,36.29
TXN00000301,ACC000361,2024-10-26,WITHDRAWAL,5.75,37671.21,Healthcare,0,1,50.65
TXN00000302,ACC000849,2024-07-30,WITHDRAWAL,4.46,21285.61,Other,1,0,36.1
TXN00000303,ACC000556,2024-11-22,TRANSFER,10.71,41882.64,Utilities,0,0,78.35
TXN00000304,ACC000437,2024-08-16,TRANSFER,27.05,43894.18,Other,0,1,97.47
TXN00000305,ACC000536,2024-12-08,TRANSFER,29.2,15056.5,Grocery,0,1,58.45
TXN00000306,ACC000998,2024-03-03,TRANSFER,11.5,41190.2,Healthcare,0,1,44.6
TXN00000307,ACC000784,2024-09-24,PAYMENT,4.45,7797.79,Utilities,0,0,22.28
TXN00000308,ACC000344,2024-09-27,PAYMENT,116.15,16776.42,Grocery,0,1,65.34
TXN00000309,ACC000117,2024-05-03,WITHDRAWAL,68.93,25946.45,Utilities,1,0,68.56
TXN00000310,ACC000949,2024-10-22,PAYMENT,73.21,11399.54,Entertainment,1,1,68.52
TXN00000311,ACC000181,2024-09-01,DEPOSIT,1916.05,29005.46,Transport,1,1,2.7
TXN00000312,ACC000470,2024-12-04,WITHDRAWAL,75.62,28976.88,Other,0,1,89.91
TXN00000313,ACC000439,2024-09-07,TRANSFER,26.22,10424.45,Utilities,1,1,33.81
TXN00000314,ACC000383,2024-05-23,TRANSFER,44.19,39802.5,Healthcare,0,1,74.42
TXN00000315,ACC000182,2024-06-13,PAYMENT,66.53,31619.06,Utilities,0,1,75.98
TXN00000316,ACC000567,2024-09-04,WITHDRAWAL,187.09,15956.25,Utilities,0,1,65.06
TXN00000317,ACC000610,2024-04-25,PAYMENT,49.93,11686.02,Utilities,0,0,39.49
TXN00000318,ACC000167,2024-02-17,PAYMENT,1.12,43949.63,Utilities,0,1,60.84
TXN00000319,ACC000556,2024-05-15,PAYMENT,22.79,41803.54,Healthcare,0,1,4.02
TXN00000320,ACC000447,2024-05-31,WITHDRAWAL,54.76,11565.06,Healthcare,0,0,76.19
TXN00000321,ACC000391,2024-12-30,TRANSFER,741.3,1876.7,Utilities,1,1,9.96
TXN00000322,ACC000292,2024-02-12,DEPOSIT,11.34,40246.18,Transport,0,0,39.68
TXN00000323,ACC000866,2024-06-29,TRANSFER,2.07,30813.88,Utilities,0,1,10.36
TXN00000324,ACC000676,2024-10-12,WITHDRAWAL,62.1,5134.01,Other,0,1,83.71
TXN00000325,ACC000706,2024-05-04,TRANSFER,308.73,29409.17,Other,1,1,55.03
TXN00000326,ACC000697,2024-12-03,TRANSFER,24.86,22663.92,Healthcare,0,0,69.1
TXN00000327,ACC000448,2024-11-27,DEPOSIT,6413.11,38750.06,Other,0,0,68.26
TXN00000328,ACC000650,2024-04-15,TRANSFER,4003.79,10533.33,Other,1,0,84.16
TXN00000329,ACC000291,2024-12-21,TRANSFER,47.23,22712.52,Entertainment,0,0,13.26
TXN00000330,ACC000719,2024-02-09,TRANSFER,79.31,7896.58,Utilities,0,1,65.97
TXN00000331,ACC000636,2024-02-08,PAYMENT,843.42,47880.61,Utilities,0,1,57.51
TXN00000332,ACC000961,2024-09-10,WITHDRAWAL,45.62,38959.03,Utilities,0,1,3.09
TXN00000333,ACC000948,2024-01-31,WITHDRAWAL,10.93,36862.45,Utilities,0,1,20.14
TXN00000334,ACC000928,2024-04-18,DEPOSIT,323.07,34541.31,Grocery,0,1,26.76
TXN00000335,ACC000878,2024-01-07,PAYMENT,138.22,21224.49,Utilities,1,1,7.26
TXN00000336,ACC000102,2024-12-09,PAYMENT,10.86,46171.79,Healthcare,1,0,35.47
TXN00000337,ACC000090,2024-04-20,TRANSFER,95.42,3738.56,Healthcare,0,1,2.72
TXN00000338,ACC000826,2024-08-27,WITHDRAWAL,39.64,40182.63,Grocery,0,1,55.32
TXN00000339,ACC000858,2024-07-16,DEPOSIT,25.27,10840.11,Utilities,1,1,21.15
TXN00000340,ACC000107,2024-04-06,PAYMENT,11.34,16268.99,Transport,0,1,28.7
TXN00000341,ACC000092,2024-09-06,TRANSFER,69.6,26019.54,Utilities,0,1,91.05
TXN00000342,ACC000666,2024-02-23,DEPOSIT,32.08,39154.49,Healthcare,0,0,50.28
TXN00000343,ACC000017,2024-06-23,PAYMENT,96.49,41942.89,Entertainment,0,1,26.9
TXN00000344,ACC000632,2024-04-16,DEPOSIT,281.37,29228.24,Other,0,0,59.85
TXN00000345,ACC000955,2024-10-29,PAYMENT,86.76,20211.47,Entertainment,0,1,20.17
TXN00000346,ACC000422,2024-09-27,DEPOSIT,89.78,47330.47,Transport,0,1,7.44
TXN00000347,ACC000107,2024-09-20,PAYMENT,18.5,12401.41,Utilities,1,1,2.09
TXN00000348,ACC000509,2024-06-09,PAYMENT,571.76,40174.42,Grocery,0,1,95.15
TXN00000349,ACC000768,2024-06-08,DEPOSIT,10.0,30641.28,Utilities,0,1,72.46
TXN00000350,ACC000770,2024-12-28,PAYMENT,2.17,18907.06,Transport,1,1,79.99
TXN00000351,ACC000639,2024-08-20,PAYMENT,6.41,168.26,Transport,0,0,98.09
TXN00000352,ACC000950,2024-12-01,PAYMENT,432.04,22385.31,Other,0,1,93.16
TXN00000353,ACC000558,2024-03-19,DEPOSIT,136.7,13908.33,Transport,0,0,73.69
TXN00000354,ACC000103,2024-09-15,DEPOSIT,752.86,5306.9,Entertainment,0,0,69.4
TXN00000355,ACC000649,2024-02-24,PAYMENT,3.87,3850.41,Other,0,0,33.68
TXN00000356,ACC000455,2024-03-07,PAYMENT,5655.8,17443.16,Utilities,0,1,10.4
TXN00000357,ACC000516,2024-04-22,DEPOSIT,30.96,30776.39,Utilities,0,0,57.37
TXN00000358,ACC000596,2024-07-05,TRANSFER,1.61,41892.21,Grocery,1,1,57.63
TXN00000359,ACC000826,2024-07-16,PAYMENT,4409.72,9259.81,Transport,0,1,95.22
TXN00000360,ACC000034,2024-08-19,TRANSFER,3.97,21289.73,Transport,0,1,44.26
TXN00000361,ACC000684,2024-11-13,DEPOSIT,24.64,19658.61,Healthcare,0,0,69.08
TXN00000362,ACC000297,2024-09-19,PAYMENT,36.18,25718.36,Other,0,1,57.5
TXN00000363,ACC000873,2024-04-13,TRANSFER,132.71,40498.4,Healthcare,0,1,17.68
TXN00000364,ACC000431,2024-07-23,DEPOSIT,11.22,27726.9,Other,0,1,59.21
TXN00000365,ACC000217,2024-04-06,TRANSFER,436.43,42348.08,Entertainment,0,1,54.01
TXN00000366,ACC000229,2024-02-05,WITHDRAWAL,246.48,25975.73,Other,0,1,49.39
TXN00000367,ACC000796,2024-05-22,DEPOSIT,56.72,30231.98,Utilities,0,0,51.34
TXN00000368,ACC000466,2024-08-04,WITHDRAWAL,771.75,21925.42,Grocery,0,1,16.4
TXN00000369,ACC000565,2024-03-25,DEPOSIT,47.67,41172.47,Other,1,0,46.35
TXN00000370,ACC000391,2024-12-17,DEPOSIT,31.46,46198.98,Other,0,1,60.57
TXN00000371,ACC000118,2024-06-06,PAYMENT,2969.67,31993.32,Other,0,1,48.94
TXN00000372,ACC000201,2024-10-22,WITHDRAWAL,98.64,41057.04,Grocery,0,1,48.87
TXN00000373,ACC000877,2024-11-27,WITHDRAWAL,7.6,3044.27,Transport,0,0,7.75
TXN00000374,ACC000481,2024-02-22,WITHDRAWAL,9.97,45314.98,Grocery,0,1,19.08
TXN00000375,ACC000974,2024-03-16,DEPOSIT,56.71,9527.36,Transport,0,1,32.1
TXN00000376,ACC000128,2024-08-24,WITHDRAWAL,0.45,12900.37,Utilities,0,0,41.93
TXN00000377,ACC000360,2024-02-24,WITHDRAWAL,15.39,2761.17,Grocery,0,1,59.39
TXN00000378,ACC000991,2024-02-26,PAYMENT,44.67,48273.47,Transport,0,1,86.33
TXN00000379,ACC000813,2024-05-03,TRANSFER,39.08,42615.34,Utilities,0,1,15.92
TXN00000380,ACC000936,2024-01-09,TRANSFER,4.42,45667.91,Utilities,0,0,1.51
TXN00000381,ACC000476,2024-08-23,WITHDRAWAL,22.26,42376.09,Transport,0,0,44.92
TXN00000382,ACC000423,2024-04-05,WITHDRAWAL,578.02,24028.57,Transport,0,0,43.21
TXN00000383,ACC000930,2024-05-16,WITHDRAWAL,382.34,46211.69,Entertainment,1,0,55.19
TXN00000384,ACC000841,2024-01-15,WITHDRAWAL,66.1,48476.69,Utilities,0,1,83.32
TXN00000385,ACC000661,2024-08-31,TRANSFER,47.57,25178.09,Transport,0,1,80.24
TXN00000386,ACC000721,2024-12-04,PAYMENT,39.52,8863.68,Utilities,1,1,10.0
TXN00000387,ACC000804,2024-09-28,DEPOSIT,87.59,32965.26,Grocery,0,1,93.4
TXN00000388,ACC000759,2024-08-19,WITHDRAWAL,67.03,48774.37,Healthcare,0,0,11.04
TXN00000389,ACC000406,2024-06-29,WITHDRAWAL,104.41,43620.13,Healthcare,0,1,63.46
TXN00000390,ACC000008,2024-05-15,TRANSFER,148.95,43104.58,Other,0,1,67.24
TXN00000391,ACC000963,2024-03-01,WITHDRAWAL,4.84,46697.52,Transport,0,1,67.99
TXN00000392,ACC000384,2024-10-08,PAYMENT,29.35,44708.22,Transport,1,0,26.54
TXN00000393,ACC000801,2024-02-13,PAYMENT,81.11,38836.46,Utilities,0,1,33.03
TXN00000394,ACC000230,2024-06-30,WITHDRAWAL,7.91,35941.81,Other,0,1,54.87
TXN00000395,ACC000520,2024-08-08,TRANSFER,14.19,13311.88,Transport,0,1,19.96
TXN00000396,ACC000291,2024-04-18,WITHDRAWAL,35.31,31104.87,Utilities,0,0,2.03
TXN00000397,ACC000275,2024-03-18,WITHDRAWAL,38.95,26122.28,Transport,0,0,56.21
TXN00000398,ACC000901,2024-07-22,TRANSFER,84.2,43111.01,Utilities,0,1,46.53
TXN00000399,ACC000675,2024-09-14,PAYMENT,10.01,24636.46,Transport,0,1,65.67
TXN00000400,ACC000271,2024-08-08,DEPOSIT,378.43,6474.36,Entertainment,0,0,14.67
TXN00000401,ACC000315,2024-09-17,WITHDRAWAL,38.32,348.13,Utilities,0,1,84.09
TXN00000402,ACC000859,2024-06-19,PAYMENT,73.0,33925.87,Entertainment,0,1,14.62
TXN00000403,ACC000925,2024-01-28,WITHDRAWAL,26.06,27540.43,Entertainment,0,1,89.13
TXN00000404,ACC000815,2024-08-13,DEPOSIT,87.47,16615.05,Entertainment,0,1,44.95
TXN00000405,ACC000932,2024-05-19,TRANSFER,1544.48,8531.71,Entertainment,1,1,54.98
TXN00000406,ACC000425,2024-07-08,PAYMENT,25.58,23389.09,Grocery,0,1,89.66
TXN00000407,ACC000690,2024-02-20,DEPOSIT,18.38,5104.29,Other,0,1,29.99
TXN00000408,ACC000248,2024-01-26,WITHDRAWAL,10.38,16871.81,Healthcare,0,0,18.18
TXN00000409,ACC000005,2024-11-28,DEPOSIT,48.46,19022.67,Grocery,0,0,44.58
TXN00000410,ACC000922,2024-07-14,PAYMENT,47.35,23334.37,Transport,0,1,24.44
TXN00000411,ACC000931,2024-08-04,TRANSFER,60.51,23384.38,Transport,0,1,52.78
TXN00000412,ACC000425,2024-04-09,WITHDRAWAL,139.28,12924.58,Other,0,1,27.53
TXN00000413,ACC000034,2024-05-30,TRANSFER,108.24,42525.53,Healthcare,1,1,86.45
TXN00000414,ACC000016,2024-04-06,TRANSFER,52.19,17841.62,Healthcare,1,0,60.73
TXN00000415,ACC000027,2024-07-25,DEPOSIT,2717.87,11556.41,Healthcare,0,1,0.02
TXN00000416,ACC000158,2024-03-31,DEPOSIT,217.32,8872.91,Entertainment,0,1,80.55
TXN00000417,ACC000810,2024-10-31,PAYMENT,6.18,16196.66,Grocery,1,1,33.02
TXN00000418,ACC000384,2024-05-21,PAYMENT,2.48,3470.89,Transport,0,0,32.02
TXN00000419,ACC000861,2024-09-28,TRANSFER,13.58,1742.09,Grocery,0,1,38.31
TXN00000420,ACC000837,2024-11-07,PAYMENT,74.09,30296.6,Grocery,0,1,63.03
TXN00000421,ACC000532,2024-09-09,TRANSFER,11.48,30995.44,Grocery,0,1,44.21
TXN00000422,ACC000840,2024-09-22,WITHDRAWAL,15.56,26526.45,Healthcare,0,1,62.86
TXN00000423,ACC000760,2024-08-09,TRANSFER,57.52,38138.03,Other,1,1,14.68
TXN00000424,ACC000615,2024-02-25,PAYMENT,27.55,2053.61,Other,1,1,97.02
TXN00000425,ACC000326,2024-12-14,PAYMENT,0.91,46805.06,Healthcare,0,1,72.96
TXN00000426,ACC000344,2024-01-26,TRANSFER,470.76,4843.75,Transport,0,1,25.02
TXN00000427,ACC000175,2024-11-26,DEPOSIT,295.87,33733.75,Transport,0,1,72.42
TXN00000428,ACC000983,2024-05-07,TRANSFER,4.18,6756.49,Transport,0,1,57.5
TXN00000429,ACC000586,2024-02-26,TRANSFER,61.18,44007.28,Other,0,0,10.92
TXN00000430,ACC000441,2024-04-22,DEPOSIT,5.85,25584.59,Other,0,0,17.82
TXN00000431,ACC000248,2024-02-28,WITHDRAWAL,16.16,4206.45,Grocery,0,1,4.13
TXN00000432,ACC000570,2024-01-28,DEPOSIT,144.36,30874.53,Healthcare,0,1,80.92
TXN00000433,ACC000997,2024-01-19,PAYMENT,275.92,554.59,Entertainment,1,1,55.17
TXN00000434,ACC000401,2024-10-21,DEPOSIT,263.3,38823.51,Grocery,1,0,31.67
TXN00000435,ACC000198,2024-05-16,PAYMENT,89.09,32564.19,Utilities,0,0,12.63
TXN00000436,ACC000632,2024-05-02,PAYMENT,699.53,10709.97,Other,0,0,48.4
TXN00000437,ACC000660,2024-02-03,TRANSFER,16.1,18800.07,Grocery,0,1,52.53
TXN00000438,ACC000403,2024-09-29,TRANSFER,25.1,489.55,Healthcare,0,1,70.19
TXN00000439,ACC000849,2024-02-21,WITHDRAWAL,0.3,34714.82,Utilities,1,1,96.99
TXN00000440,ACC000053,2024-05-21,PAYMENT,45.33,16201.14,Grocery,0,0,43.49
TXN00000441,ACC000821,2024-04-25,TRANSFER,174.06,28622.29,Healthcare,0,1,40.6
TXN00000442,ACC000955,2024-11-13,PAYMENT,96.59,47840.71,Healthcare,0,1,36.99
TXN00000443,ACC000592,2024-12-24,WITHDRAWAL,15.67,15043.39,Other,0,0,82.69
TXN00000444,ACC000440,2024-07-26,PAYMENT,295.61,49512.87,Entertainment,0,1,15.63
TXN00000445,ACC000132,2024-07-19,WITHDRAWAL,47.1,31673.15,Grocery,0,0,34.38
TXN00000446,ACC000962,2024-07-20,WITHDRAWAL,252.86,12180.22,Healthcare,0,1,72.5
TXN00000447,ACC000652,2024-02-21,WITHDRAWAL,144.36,21895.22,Transport,0,1,1.57
TXN00000448,ACC000400,2024-04-22,TRANSFER,942.95,37048.61,Healthcare,0,1,28.94
TXN00000449,ACC000746,2024-12-20,DEPOSIT,107.63,22379.25,Entertainment,0,0,64.14
TXN00000450,ACC000178,2024-05-17,DEPOSIT,184.91,3518.53,Healthcare,1,1,18.6
TXN00000451,ACC000413,2024-09-10,TRANSFER,46.83,8513.32,Other,0,1,30.27
TXN00000452,ACC000926,2024-04-15,PAYMENT,19.97,39585.76,Grocery,0,0,48.6
TXN00000453,ACC000326,2024-03-28,TRANSFER,145.69,32453.82,Other,0,1,42.2
TXN00000454,ACC000530,2024-04-14,PAYMENT,1102.64,28534.29,Grocery,0,1,10.6
TXN00000455,ACC000163,2024-06-26,WITHDRAWAL,15.93,8464.34,Utilities,0,1,93.82
TXN00000456,ACC000448,2024-11-22,TRANSFER,33.24,41904.1,Grocery,0,1,4.43
TXN00000457,ACC000237,2024-05-27,DEPOSIT,57.59,48040.93,Utilities,0,1,74.97
TXN00000458,ACC000102,2024-12-27,PAYMENT,214.82,2140.27,Other,0,1,7.14
TXN00000459,ACC000728,2024-11-01,TRANSFER,108.95,3993.79,Transport,0,1,46.73
TXN00000460,ACC000821,2024-05-27,TRANSFER,339.04,44247.75,Entertainment,0,0,17.54
TXN00000461,ACC000130,2024-01-02,PAYMENT,2829.4,40796.06,Transport,1,0,14.11
TXN00000462,ACC000517,2024-02-18,WITHDRAWAL,15.21,30934.93,Utilities,0,0,12.59
TXN00000463,ACC000122,2024-04-04,WITHDRAWAL,184.83,47253.76,Healthcare,0,1,45.28
TXN00000464,ACC000647,2024-09-14,WITHDRAWAL,103.68,32356.89,Healthcare,1,1,51.55
TXN00000465,ACC000591,2024-12-24,WITHDRAWAL,56.72,10877.67,Transport,0,1,13.34
TXN00000466,ACC000804,2024-11-14,PAYMENT,183.49,36459.25,Healthcare,0,1,97.94
TXN00000467,ACC000402,2024-09-01,DEPOSIT,32.02,32320.95,Utilities,0,1,25.78
TXN00000468,ACC000864,2024-06-05,TRANSFER,104.18,49288.66,Other,1,1,45.88
TXN00000469,ACC000781,2024-12-18,TRANSFER,4.01,10773.4,Entertainment,0,0,21.63
TXN00000470,ACC000643,2024-05-02,WITHDRAWAL,18.59,29934.46,Grocery,1,1,49.39
TXN00000471,ACC000939,2024-03-28,PAYMENT,443.65,39030.36,Utilities,0,1,75.6
TXN00000472,ACC000267,2024-06-10,DEPOSIT,410.82,17015.26,Utilities,0,1,52.11
TXN00000473,ACC000858,2024-12-14,DEPOSIT,91.73,19046.01,Grocery,0,0,28.56
TXN00000474,ACC000567,2024-02-05,TRANSFER,22.06,44406.3,Grocery,0,1,24.84
TXN00000475,ACC000163,2024-03-26,WITHDRAWAL,284.44,20269.32,Entertainment,0,1,75.89
TXN00000476,ACC000972,2024-04-05,TRANSFER,647.41,31274.17,Entertainment,0,1,11.82
TXN00000477,ACC000331,2024-06-19,TRANSFER,23.93,44472.98,Entertainment,0,1,37.0
TXN00000478,ACC000209,2024-08-21,DEPOSIT,2.97,10570.35,Healthcare,0,1,15.15
TXN00000479,ACC000096,2024-03-13,PAYMENT,134.06,49095.68,Utilities,0,0,25.8
TXN00000480,ACC000096,2024-01-07,DEPOSIT,339.52,35127.48,Other,0,0,15.27
TXN00000481,ACC000027,2024-12-07,TRANSFER,176.79,24856.47,Grocery,0,1,88.68
TXN00000482,ACC000448,2024-08-30,WITHDRAWAL,1249.07,21602.94,Utilities,0,0,73.19
TXN00000483,ACC000012,2024-08-07,WITHDRAWAL,1259.67,47722.79,Utilities,0,1,56.09
TXN00000484,ACC000644,2024-06-20,PAYMENT,29.64,10365.67,Entertainment,1,1,22.44
TXN00000485,ACC000789,2024-01-11,PAYMENT,81.29,15652.99,Entertainment,0,1,51.02
TXN00000486,ACC000608,2024-03-31,PAYMENT,20.23,15458.86,Utilities,0,0,52.08
TXN00000487,ACC000157,2024-05-15,TRANSFER,7.07,14521.42,Entertainment,0,1,59.04
TXN00000488,ACC000029,2024-02-09,TRANSFER,7.95,23480.05,Healthcare,0,1,6.01
TXN00000489,ACC000633,2024-03-28,PAYMENT,229.07,49460.04,Grocery,0,1,97.29
TXN00000490,ACC000725,2024-12-13,WITHDRAWAL,100.06,44450.46,Utilities,0,1,46.54
TXN00000491,ACC000557,2024-01-05,WITHDRAWAL,323.73,16464.68,Grocery,1,1,92.65
TXN00000492,ACC000943,2024-10-31,WITHDRAWAL,8632.1,21201.22,Healthcare,0,0,0.98
TXN00000493,ACC000996,2024-06-29,TRANSFER,148.37,33507.09,Entertainment,0,1,24.76
TXN00000494,ACC000081,2024-08-30,DEPOSIT,11.29,955.87,Transport,0,0,10.4
TXN00000495,ACC000586,2024-10-25,WITHDRAWAL,432.79,41025.67,Healthcare,0,1,76.96
TXN00000496,ACC000392,2024-01-01,WITHDRAWAL,10.88,44001.92,Transport,0,1,32.01
TXN00000497,ACC000026,2024-09-07,WITHDRAWAL,1802.04,42874.3,Grocery,0,1,84.05
TXN00000498,ACC000761,2024-05-06,PAYMENT,1.06,18815.21,Utilities,0,1,83.24
TXN00000499,ACC000752,2024-08-29,TRANSFER,18.3,23153.78,Entertainment,0,1,66.78
TXN00000500,ACC000134,2024-02-26,PAYMENT,189.48,718.18,Healthcare,0,1,66.58
