sensor_id,timestamp,temperature,humidity,pressure,light_level,motion_detected,battery_level,signal_strength,device_status
SENSOR_003,2026-01-24 09:41:09.937626,27.22,51.84,990.85,408,0,64.3,-86,Active
SENSOR_002,2026-01-24 02:43:09.937637,28.02,72.76,1017.76,107,0,95.4,-39,Active
SENSOR_037,2026-01-24 03:55:09.937640,29.81,38.88,1018.99,93,0,71.4,-83,Active
SENSOR_044,2026-01-24 05:33:09.937643,17.17,56.6,997.51,822,1,46.6,-74,Active
SENSOR_019,2026-01-24 15:11:09.937645,20.51,47.81,1008.46,83,0,20.8,-90,Active
SENSOR_015,2026-01-24 05:54:09.937647,25.54,36.21,1006.77,57,0,98.5,-37,Active
SENSOR_034,2026-01-23 22:47:09.937649,17.57,32.5,1021.1,292,0,59.4,-41,Active
SENSOR_033,2026-01-24 00:39:09.937651,20.18,57.79,997.51,15,1,95.1,-79,Active
SENSOR_011,2026-01-24 15:18:09.937653,22.97,31.04,1014.07,990,0,63.9,-56,Active
SENSOR_049,2026-01-24 05:33:09.937655,20.85,35.17,989.6,476,0,68.4,-39,Active
SENSOR_010,2026-01-23 19:36:09.937657,22.33,47.38,1016.8,837,0,77.0,-77,Active
SENSOR_050,2026-01-24 01:23:09.937658,16.27,32.18,1014.25,604,0,45.7,-43,Active
SENSOR_007,2026-01-23 21:15:09.937660,21.81,50.02,1007.89,991,1,75.9,-73,Idle
SENSOR_007,2026-01-24 10:03:09.937662,22.67,36.52,1027.28,968,0,62.1,-81,Active
SENSOR_020,2026-01-24 02:35:09.937664,30.08,47.49,986.77,164,0,73.8,-36,Active
SENSOR_048,2026-01-24 03:37:09.937666,20.66,69.56,1012.82,436,1,86.9,-76,Sleep
SENSOR_022,2026-01-24 10:04:09.937668,18.75,61.32,1024.98,726,0,34.7,-49,Idle
SENSOR_029,2026-01-23 22:28:09.937670,25.56,52.27,1014.29,655,0,69.1,-58,Error
SENSOR_032,2026-01-24 13:38:09.937671,6.13,34.59,1026.66,785,1,24.2,-72,Active
SENSOR_048,2026-01-23 23:33:09.937674,20.41,60.96,1008.49,402,1,28.2,-57,Active
SENSOR_023,2026-01-24 09:33:09.937676,19.43,38.19,1011.33,939,0,74.0,-46,Active
SENSOR_035,2026-01-24 04:00:09.937677,23.3,33.83,1025.33,385,1,25.7,-66,Active
SENSOR_017,2026-01-23 18:54:09.937679,28.23,63.2,1021.95,953,1,67.6,-75,Error
SENSOR_043,2026-01-23 21:57:09.937681,29.76,75.6,1036.99,137,0,37.6,-83,Active
SENSOR_032,2026-01-23 19:11:09.937683,23.23,53.03,1014.03,715,0,44.3,-56,Sleep
SENSOR_017,2026-01-24 13:12:09.937685,14.24,32.05,1015.0,813,0,30.4,-70,Active
SENSOR_024,2026-01-23 21:14:09.937687,19.43,74.01,1008.39,721,1,39.9,-72,Active
SENSOR_030,2026-01-24 09:01:09.937689,19.98,33.35,1010.96,530,1,85.7,-45,Sleep
SENSOR_001,2026-01-24 08:07:09.937691,23.84,73.38,1023.78,805,0,71.1,-80,Idle
SENSOR_023,2026-01-24 06:15:09.937692,22.28,49.59,1013.0,292,0,96.0,-47,Error
SENSOR_020,2026-01-24 07:12:09.937694,18.56,48.27,1004.93,474,0,23.9,-80,Idle
SENSOR_046,2026-01-24 13:53:09.937696,15.74,57.14,1009.24,879,0,83.4,-31,Active
SENSOR_022,2026-01-24 15:08:09.937698,17.66,77.85,1012.1,461,0,75.9,-80,Active
SENSOR_034,2026-01-24 03:58:09.937700,17.47,74.94,1005.57,812,0,40.9,-69,Sleep
SENSOR_050,2026-01-24 03:32:09.937702,30.11,53.52,1008.42,372,0,78.3,-70,Active
SENSOR_043,2026-01-24 00:40:09.937703,18.15,64.79,1003.0,161,0,77.3,-64,Active
SENSOR_039,2026-01-24 12:51:09.937705,22.3,59.02,1008.77,641,1,56.7,-73,Active
SENSOR_031,2026-01-23 22:15:09.937707,26.84,64.67,1024.66,43,1,75.1,-49,Active
SENSOR_008,2026-01-24 01:02:09.937709,22.97,71.47,1013.48,864,1,55.6,-43,Active
SENSOR_018,2026-01-23 20:19:09.937711,16.57,31.72,1037.61,82,0,46.8,-51,Idle
SENSOR_044,2026-01-24 11:09:09.937713,26.93,46.29,1005.36,891,1,57.3,-53,Active
SENSOR_034,2026-01-24 11:46:09.937715,23.77,77.97,1017.85,635,1,91.6,-61,Active
SENSOR_047,2026-01-24 02:25:09.937717,11.07,77.47,1015.22,538,0,50.8,-40,Idle
SENSOR_041,2026-01-24 17:23:09.937720,28.23,30.56,1019.5,815,0,52.3,-46,Active
SENSOR_002,2026-01-24 12:13:09.937722,26.37,40.07,1006.94,861,1,68.7,-44,Idle
SENSOR_010,2026-01-24 13:47:09.937724,23.69,79.69,1009.32,518,0,80.2,-46,Active
SENSOR_027,2026-01-24 03:37:09.937726,30.17,54.64,1017.07,410,0,78.8,-58,Error
SENSOR_015,2026-01-24 08:55:09.937728,26.25,58.64,1007.95,340,0,21.6,-70,Active
SENSOR_043,2026-01-23 22:59:09.937730,27.64,38.32,995.27,710,0,75.0,-31,Active
SENSOR_010,2026-01-24 01:52:09.937732,27.18,74.72,1026.1,623,0,56.0,-32,Sleep
SENSOR_023,2026-01-24 14:28:09.937734,25.79,41.56,1021.88,88,0,61.9,-89,Idle
SENSOR_032,2026-01-24 13:36:09.937736,13.05,39.48,1008.83,639,0,64.9,-78,Active
SENSOR_002,2026-01-24 16:45:09.937737,13.64,41.41,1015.18,229,0,78.5,-89,Error
SENSOR_016,2026-01-24 03:11:09.937739,26.25,75.98,1023.07,17,1,86.5,-34,Active
SENSOR_037,2026-01-24 17:05:09.937741,28.16,65.14,1026.44,800,1,71.7,-48,Error
SENSOR_048,2026-01-23 18:21:09.937743,18.47,68.43,1014.04,672,0,65.1,-46,Active
SENSOR_045,2026-01-24 12:13:09.937745,16.43,48.85,1007.15,863,0,49.9,-60,Active
SENSOR_028,2026-01-24 15:25:09.937747,23.31,75.46,1027.64,889,0,31.0,-81,Active
SENSOR_024,2026-01-24 13:23:09.937749,14.74,69.47,1013.95,280,0,96.7,-68,Active
SENSOR_014,2026-01-24 00:20:09.937751,21.16,67.53,1011.53,909,1,56.9,-69,Active
SENSOR_048,2026-01-23 23:50:09.937752,20.22,78.55,1015.63,421,0,65.3,-44,Active
SENSOR_006,2026-01-24 04:40:09.937754,20.88,48.31,1024.55,677,0,80.1,-62,Active
SENSOR_013,2026-01-24 03:30:09.937756,31.42,60.55,1012.61,771,0,25.5,-58,Active
SENSOR_025,2026-01-24 05:49:09.937758,18.83,75.5,1022.86,875,0,88.4,-60,Active
SENSOR_041,2026-01-24 13:33:09.937760,22.27,69.54,1010.91,701,0,83.8,-77,Sleep
SENSOR_007,2026-01-24 04:11:09.937762,15.44,58.17,1019.09,337,0,82.0,-81,Active
SENSOR_018,2026-01-23 18:07:09.937764,26.7,33.81,1003.52,265,1,21.8,-73,Idle
SENSOR_041,2026-01-23 22:54:09.937766,21.1,62.64,1023.7,802,0,62.1,-80,Error
SENSOR_044,2026-01-24 09:40:09.937767,27.89,56.33,1006.24,354,0,24.3,-52,Active
SENSOR_035,2026-01-24 07:54:09.937769,9.71,39.21,1017.59,359,0,64.1,-44,Error
SENSOR_029,2026-01-24 13:51:09.937771,21.71,74.11,998.13,790,0,77.5,-88,Active
SENSOR_034,2026-01-24 06:25:09.937773,22.66,47.16,1013.25,216,0,29.7,-89,Active
SENSOR_012,2026-01-24 06:25:09.937775,26.56,49.37,1014.88,320,0,75.6,-37,Active
SENSOR_017,2026-01-23 21:43:09.937777,18.79,63.62,1006.19,849,1,56.0,-83,Active
SENSOR_044,2026-01-23 21:08:09.937779,25.93,54.44,1011.9,718,0,84.9,-60,Sleep
SENSOR_023,2026-01-23 20:52:09.937780,19.36,34.46,1015.62,664,0,62.7,-83,Active
SENSOR_022,2026-01-24 14:14:09.937782,22.47,49.37,1018.63,991,0,46.9,-48,Active
SENSOR_026,2026-01-24 16:22:09.937785,26.61,34.72,1014.0,692,0,46.6,-43,Idle
SENSOR_038,2026-01-24 15:23:09.937786,17.35,39.54,1026.32,211,0,91.8,-89,Active
SENSOR_027,2026-01-24 05:48:09.937788,25.7,30.36,1024.58,784,0,56.2,-69,Active
SENSOR_018,2026-01-24 02:35:09.937790,23.67,39.07,1012.69,952,0,52.5,-31,Active
SENSOR_020,2026-01-24 03:57:09.937792,20.33,46.52,999.7,202,0,23.2,-86,Sleep
SENSOR_013,2026-01-23 20:23:09.937794,18.66,56.91,1008.13,716,0,49.1,-84,Idle
SENSOR_003,2026-01-24 02:33:09.937796,11.5,75.96,990.71,984,0,88.0,-71,Active
SENSOR_038,2026-01-24 03:02:09.937798,21.6,57.02,1011.17,915,0,80.9,-63,Active
SENSOR_034,2026-01-24 08:02:09.937800,20.34,65.28,1027.02,895,0,37.7,-78,Active
SENSOR_045,2026-01-24 01:37:09.937801,25.2,47.88,1020.91,152,0,53.0,-89,Active
SENSOR_022,2026-01-23 18:01:09.937803,24.69,67.58,1013.84,681,0,35.7,-59,Idle
SENSOR_040,2026-01-24 13:19:09.937805,27.35,61.02,1005.73,428,0,96.3,-65,Active
SENSOR_008,2026-01-24 11:39:09.937807,27.53,52.99,1014.22,752,0,67.8,-88,Active
SENSOR_028,2026-01-23 21:47:09.937809,37.78,39.69,1034.31,286,0,80.3,-50,Sleep
SENSOR_030,2026-01-24 00:31:09.937811,24.57,45.18,1027.88,756,1,77.1,-49,Idle
SENSOR_037,2026-01-24 15:03:09.937813,17.7,61.05,1011.5,320,1,89.9,-35,Active
SENSOR_023,2026-01-24 12:43:09.937815,26.13,51.3,998.18,435,0,95.9,-78,Active
SENSOR_019,2026-01-24 17:39:09.937817,30.03,74.47,1035.08,591,0,22.6,-34,Active
SENSOR_008,2026-01-23 21:39:09.937819,24.37,41.74,1005.71,495,0,98.0,-70,Active
SENSOR_001,2026-01-23 21:40:09.937821,11.38,33.65,1018.3,603,0,89.6,-46,Active
SENSOR_032,2026-01-24 05:17:09.937823,24.78,59.47,997.41,148,0,50.6,-54,Active
SENSOR_044,2026-01-23 18:54:09.937824,18.85,74.3,1009.77,541,1,87.0,-68,Idle
SENSOR_010,2026-01-23 19:45:09.937826,15.39,48.24,997.37,634,0,78.9,-84,Error
SENSOR_030,2026-01-24 02:26:09.937828,22.93,62.39,1001.38,898,1,83.4,-74,Active
SENSOR_044,2026-01-24 04:58:09.937830,14.37,41.57,1003.75,481,0,37.7,-63,Active
SENSOR_010,2026-01-24 06:58:09.937832,27.12,57.92,1017.77,325,0,71.9,-44,Idle
SENSOR_034,2026-01-24 02:56:09.937834,25.65,69.34,1012.04,938,1,22.1,-61,Sleep
SENSOR_019,2026-01-24 11:53:09.937835,21.57,73.35,1040.12,28,1,87.9,-86,Sleep
SENSOR_040,2026-01-24 00:33:09.937837,19.25,35.26,1024.34,258,1,96.1,-67,Active
SENSOR_036,2026-01-23 21:50:09.937839,21.08,47.82,1024.55,697,1,73.0,-84,Active
SENSOR_043,2026-01-24 08:22:09.937841,16.95,61.98,1018.04,928,0,61.0,-32,Idle
SENSOR_011,2026-01-24 14:36:09.937843,21.61,31.74,1015.76,74,0,78.1,-57,Active
SENSOR_020,2026-01-24 09:59:09.937845,7.78,64.53,1024.89,556,0,46.1,-35,Active
SENSOR_032,2026-01-24 07:46:09.937847,22.44,56.4,989.19,580,0,70.1,-41,Active
SENSOR_019,2026-01-24 01:04:09.937849,22.57,44.43,1006.78,497,1,77.5,-49,Idle
SENSOR_005,2026-01-24 06:16:09.937850,26.23,70.73,999.4,415,1,31.4,-58,Active
SENSOR_019,2026-01-24 16:16:09.937852,23.5,44.5,994.16,878,1,31.2,-32,Sleep
SENSOR_001,2026-01-23 22:39:09.937854,26.89,79.57,1005.31,721,0,77.3,-64,Active
SENSOR_030,2026-01-24 00:14:09.937856,24.74,70.82,1001.52,750,0,54.5,-77,Idle
SENSOR_003,2026-01-23 23:59:09.937858,27.18,65.4,1024.94,339,1,91.1,-32,Active
SENSOR_014,2026-01-23 22:07:09.937860,35.11,33.07,1013.92,307,0,45.0,-72,Active
SENSOR_019,2026-01-24 00:34:09.937862,24.1,75.22,992.9,703,0,23.4,-43,Idle
SENSOR_038,2026-01-24 03:21:09.937863,22.92,69.5,1016.14,883,1,72.0,-40,Idle
SENSOR_008,2026-01-24 08:10:09.937865,27.94,41.45,1002.88,614,0,74.7,-53,Sleep
SENSOR_004,2026-01-24 06:53:09.937867,19.66,49.61,1013.62,240,1,64.3,-79,Active
SENSOR_032,2026-01-24 04:48:09.937869,21.4,43.43,1016.94,252,0,74.7,-88,Active
SENSOR_020,2026-01-24 07:02:09.937871,24.1,79.22,1005.5,935,0,61.9,-84,Active
SENSOR_001,2026-01-24 11:49:09.937873,22.36,72.71,1015.17,219,0,75.4,-35,Active
SENSOR_028,2026-01-24 13:01:09.937875,22.34,76.51,1017.02,396,0,23.5,-56,Sleep
SENSOR_023,2026-01-24 16:29:09.937877,26.5,69.44,1011.36,985,0,49.5,-66,Active
SENSOR_043,2026-01-24 10:43:09.937881,13.52,52.82,1005.8,335,0,36.9,-42,Active
SENSOR_001,2026-01-24 03:13:09.937883,32.17,40.27,1013.03,728,1,27.9,-76,Active
SENSOR_004,2026-01-24 00:11:09.937885,24.43,40.4,1011.61,713,1,38.7,-72,Active
SENSOR_017,2026-01-24 08:25:09.937887,20.0,37.58,1016.17,28,0,35.3,-31,Sleep
SENSOR_009,2026-01-23 22:17:09.937889,30.14,57.33,1010.36,493,0,97.9,-72,Active
SENSOR_023,2026-01-23 20:54:09.937891,22.52,76.0,1001.08,958,0,42.9,-68,Active
SENSOR_019,2026-01-24 07:11:09.937893,22.65,79.59,1011.31,997,1,38.5,-80,Idle
SENSOR_033,2026-01-24 14:31:09.937895,20.93,44.36,1016.27,723,0,86.8,-32,Active
SENSOR_043,2026-01-24 06:03:09.937896,29.34,64.87,1014.85,501,0,53.5,-70,Active
SENSOR_050,2026-01-24 08:11:09.937898,21.95,59.85,1011.89,153,0,53.7,-39,Active
SENSOR_036,2026-01-24 12:15:09.937900,19.21,54.45,1008.13,991,0,55.5,-57,Active
SENSOR_010,2026-01-24 13:52:09.937902,26.99,63.29,1007.62,230,0,53.3,-52,Active
SENSOR_006,2026-01-24 08:05:09.937904,27.91,48.57,1008.65,101,1,46.1,-40,Active
SENSOR_046,2026-01-24 08:34:09.937906,30.03,77.22,1023.76,826,1,42.9,-84,Active
SENSOR_018,2026-01-24 01:18:09.937907,25.17,65.27,1003.52,176,0,90.6,-49,Active
SENSOR_010,2026-01-24 02:56:09.937909,27.73,67.71,1013.91,692,0,32.9,-47,Active
SENSOR_047,2026-01-24 10:16:09.937911,20.7,42.12,1000.42,983,0,34.5,-36,Active
SENSOR_013,2026-01-24 12:08:09.937913,27.13,38.43,1020.65,926,0,65.7,-64,Sleep
SENSOR_028,2026-01-24 08:04:09.937915,25.71,49.72,1007.64,231,0,47.5,-41,Active
SENSOR_038,2026-01-24 09:03:09.937917,24.65,68.33,1004.74,11,0,53.7,-68,Sleep
SENSOR_006,2026-01-23 21:13:09.937919,14.21,76.94,1015.15,185,1,84.5,-53,Active
SENSOR_019,2026-01-24 14:17:09.937920,20.06,51.37,988.39,760,0,92.3,-33,Active
SENSOR_015,2026-01-24 10:00:09.937923,21.77,68.71,1000.01,931,0,83.2,-71,Active
SENSOR_003,2026-01-23 19:10:09.937925,24.66,53.52,1016.61,265,0,38.8,-64,Error
SENSOR_031,2026-01-24 08:24:09.937926,34.0,44.76,1023.15,901,0,98.4,-38,Active
SENSOR_023,2026-01-24 13:06:09.937928,26.3,66.96,1017.51,134,0,49.1,-31,Active
SENSOR_016,2026-01-24 14:38:09.937930,17.95,69.91,1014.39,756,0,33.5,-83,Error
SENSOR_044,2026-01-24 10:51:09.937932,19.6,40.14,1037.1,30,0,60.0,-54,Sleep
SENSOR_041,2026-01-23 23:04:09.937934,28.95,45.26,1017.91,858,1,78.0,-88,Active
SENSOR_025,2026-01-24 00:33:09.937935,19.38,54.74,1002.55,455,0,26.7,-89,Error
SENSOR_028,2026-01-24 12:09:09.937937,27.09,39.33,1023.25,258,0,70.7,-69,Idle
SENSOR_026,2026-01-24 16:58:09.937939,22.59,76.44,1006.59,103,0,88.6,-85,Active
SENSOR_007,2026-01-23 21:29:09.937941,21.17,59.57,1005.92,430,0,40.9,-52,Active
SENSOR_017,2026-01-24 16:33:09.937943,19.45,36.06,999.19,381,0,75.4,-51,Active
SENSOR_020,2026-01-23 23:29:09.937945,6.77,39.2,1008.89,468,1,52.0,-55,Active
SENSOR_039,2026-01-23 23:33:09.937947,24.7,77.72,1000.71,512,0,53.1,-47,Idle
SENSOR_020,2026-01-24 11:15:09.937949,16.74,66.91,1018.57,940,0,42.5,-67,Active
SENSOR_012,2026-01-24 17:41:09.937951,14.91,66.72,1011.75,949,0,70.0,-79,Active
SENSOR_037,2026-01-24 01:14:09.937952,23.24,33.62,999.39,945,0,48.9,-74,Sleep
SENSOR_028,2026-01-24 17:02:09.937954,27.15,74.76,1012.19,206,0,86.5,-69,Active
SENSOR_044,2026-01-24 05:18:09.937956,13.52,52.19,1022.94,646,1,97.0,-37,Error
SENSOR_021,2026-01-24 10:58:09.937958,27.02,62.99,1029.22,446,0,94.8,-72,Error
SENSOR_038,2026-01-24 08:17:09.937960,17.48,77.98,995.1,782,1,33.1,-82,Sleep
SENSOR_009,2026-01-23 22:25:09.937962,25.24,35.0,1005.22,88,0,21.1,-79,Idle
SENSOR_044,2026-01-24 03:21:09.937964,24.89,54.11,1000.11,194,0,55.1,-31,Active
SENSOR_050,2026-01-24 02:43:09.937965,20.97,32.48,1016.54,413,0,78.3,-59,Active
SENSOR_013,2026-01-24 00:08:09.937968,22.15,54.98,998.91,121,0,98.2,-38,Active
SENSOR_017,2026-01-24 13:36:09.937969,20.02,42.61,1023.59,461,0,82.7,-60,Active
SENSOR_009,2026-01-24 02:25:09.937971,23.32,75.55,1025.04,115,1,66.4,-74,Active
SENSOR_027,2026-01-24 07:50:09.937973,23.27,49.92,1021.18,195,0,22.1,-68,Active
SENSOR_036,2026-01-24 14:10:09.937975,17.38,61.69,1005.83,35,0,86.0,-81,Error
SENSOR_013,2026-01-24 13:49:09.937977,15.21,73.01,1006.46,66,1,34.2,-61,Sleep
SENSOR_020,2026-01-24 02:44:09.937979,27.04,79.18,1008.43,644,0,24.4,-72,Active
SENSOR_020,2026-01-24 03:09:09.937981,23.02,55.19,1024.05,280,1,88.0,-65,Active
SENSOR_006,2026-01-24 01:04:09.937983,26.35,52.79,996.02,478,0,65.3,-65,Active
SENSOR_020,2026-01-24 08:56:09.937984,18.65,33.79,1016.86,10,0,30.3,-80,Sleep
SENSOR_037,2026-01-24 14:57:09.937986,17.88,30.64,1003.67,967,0,50.9,-71,Active
SENSOR_041,2026-01-24 13:14:09.937988,16.94,60.44,1008.81,729,0,26.8,-37,Active
SENSOR_030,2026-01-24 08:24:09.937990,21.1,33.27,1020.36,321,1,71.0,-35,Active
SENSOR_035,2026-01-23 19:05:09.937992,23.16,49.02,997.85,667,1,42.6,-46,Active
SENSOR_012,2026-01-24 13:56:09.937994,19.28,30.18,1010.22,239,0,89.3,-87,Error
SENSOR_025,2026-01-24 05:50:09.937996,29.82,60.76,1011.71,59,0,48.6,-44,Active
SENSOR_028,2026-01-24 15:13:09.937997,18.79,51.27,1012.63,649,0,59.6,-79,Active
SENSOR_007,2026-01-24 10:19:09.937999,23.24,36.35,1011.97,561,0,25.1,-66,Sleep
SENSOR_009,2026-01-24 15:22:09.938001,17.58,44.82,1018.57,678,0,42.0,-35,Sleep
SENSOR_034,2026-01-24 06:45:09.938003,18.63,58.48,1008.48,164,0,74.1,-33,Sleep
SENSOR_029,2026-01-24 12:34:09.938005,21.57,62.84,1016.65,830,1,78.9,-81,Active
SENSOR_045,2026-01-24 00:36:09.938007,17.84,53.12,1016.3,188,0,39.4,-69,Active
SENSOR_021,2026-01-24 06:28:09.938009,22.45,70.2,1015.86,486,1,60.3,-84,Active
SENSOR_033,2026-01-24 08:29:09.938011,24.2,35.62,1018.28,980,0,85.4,-67,Active
SENSOR_044,2026-01-24 02:26:09.938012,27.47,34.23,1015.82,91,1,50.4,-89,Active
SENSOR_046,2026-01-23 20:23:09.938014,16.6,32.21,1012.1,805,0,30.7,-59,Active
SENSOR_023,2026-01-24 00:24:09.938016,22.84,56.79,1000.31,887,0,54.5,-70,Active
SENSOR_030,2026-01-23 18:58:09.938018,21.69,65.31,1026.57,288,1,68.1,-84,Sleep
SENSOR_023,2026-01-24 15:23:09.938020,12.76,36.53,1029.95,508,1,20.6,-83,Active
SENSOR_028,2026-01-23 18:26:09.938022,16.36,61.95,1009.41,74,1,47.9,-38,Sleep
SENSOR_030,2026-01-24 07:10:09.938024,24.37,53.85,1017.56,556,0,68.6,-40,Active
SENSOR_027,2026-01-24 16:36:09.938025,15.24,79.37,1007.52,427,1,96.2,-53,Active
SENSOR_027,2026-01-24 03:07:09.938027,21.63,65.87,1005.8,384,0,52.7,-70,Active
SENSOR_030,2026-01-24 14:29:09.938029,11.39,62.87,1013.55,52,0,33.0,-83,Idle
SENSOR_002,2026-01-24 00:07:09.938031,21.49,58.52,1041.07,174,0,62.7,-34,Active
SENSOR_036,2026-01-24 07:04:09.938033,11.73,79.87,1028.95,672,1,42.9,-66,Sleep
SENSOR_002,2026-01-24 11:25:09.938035,18.98,79.02,1027.46,578,0,37.2,-63,Active
SENSOR_050,2026-01-23 22:51:09.938037,19.81,56.91,1018.19,473,0,67.2,-63,Sleep
SENSOR_027,2026-01-23 19:21:09.938039,22.62,52.76,1003.82,910,0,93.3,-37,Active
SENSOR_006,2026-01-23 20:32:09.938042,20.74,53.11,1023.37,360,0,86.8,-60,Sleep
SENSOR_049,2026-01-24 16:42:09.938044,15.82,51.42,984.58,269,0,34.6,-39,Active
SENSOR_009,2026-01-23 20:15:09.938046,15.91,56.57,1016.91,406,0,81.3,-55,Idle
SENSOR_040,2026-01-23 20:30:09.938048,13.93,43.68,1023.98,123,0,38.4,-66,Active
SENSOR_020,2026-01-24 17:38:09.938049,23.03,76.34,1014.51,693,0,43.3,-39,Active
SENSOR_016,2026-01-24 09:31:09.938051,22.81,54.51,1029.59,375,1,93.6,-35,Sleep
SENSOR_038,2026-01-24 13:14:09.938053,25.35,72.1,998.74,391,0,92.9,-50,Active
SENSOR_033,2026-01-23 21:54:09.938055,19.5,53.77,1029.01,181,0,33.5,-54,Active
SENSOR_024,2026-01-24 05:04:09.938057,13.33,65.91,1011.42,35,0,25.1,-53,Idle
SENSOR_009,2026-01-24 10:24:09.938058,20.42,46.84,1027.51,211,0,43.4,-40,Active
SENSOR_040,2026-01-23 18:55:09.938060,22.06,61.24,1023.2,895,0,66.5,-79,Active
SENSOR_035,2026-01-24 11:14:09.938062,16.18,54.92,1028.14,947,1,90.2,-54,Active
SENSOR_037,2026-01-24 08:51:09.938064,16.65,48.36,1022.75,133,0,29.5,-54,Idle
SENSOR_019,2026-01-24 01:52:09.938066,24.25,74.08,1019.92,864,0,53.2,-60,Active
SENSOR_004,2026-01-24 12:44:09.938068,22.5,35.64,1026.66,923,0,41.7,-73,Active
SENSOR_049,2026-01-24 01:22:09.938070,27.66,54.35,1013.55,689,1,21.2,-65,Idle
SENSOR_026,2026-01-24 11:31:09.938071,30.61,39.72,1019.02,677,1,83.1,-85,Sleep
SENSOR_009,2026-01-24 00:57:09.938073,14.49,73.05,1012.96,925,0,85.1,-82,Sleep
SENSOR_026,2026-01-24 08:16:09.938075,19.91,42.67,1006.14,490,0,37.7,-80,Idle
SENSOR_043,2026-01-24 13:25:09.938077,22.62,61.67,1018.27,848,0,32.1,-60,Active
SENSOR_001,2026-01-24 11:08:09.938079,23.82,38.28,1014.97,840,0,31.6,-36,Active
SENSOR_030,2026-01-23 20:14:09.938081,27.08,50.25,1025.57,987,0,57.1,-45,Active
SENSOR_049,2026-01-24 14:53:09.938083,25.64,74.97,1011.08,437,0,39.7,-35,Idle
SENSOR_034,2026-01-24 00:17:09.938085,27.69,38.3,1005.39,838,0,60.9,-89,Error
SENSOR_030,2026-01-24 10:36:09.938087,22.31,63.16,1025.43,45,1,50.8,-32,Idle
SENSOR_004,2026-01-24 17:48:09.938089,18.86,40.23,1013.63,667,0,36.9,-62,Active
SENSOR_006,2026-01-24 03:05:09.938090,31.75,50.79,1005.09,400,1,80.1,-45,Active
SENSOR_004,2026-01-24 15:37:09.938092,22.77,57.03,1026.89,487,0,32.0,-34,Active
SENSOR_018,2026-01-24 01:10:09.938094,20.79,58.87,1022.27,431,0,83.9,-40,Active
SENSOR_042,2026-01-23 22:52:09.938096,16.64,60.13,1031.49,427,0,64.9,-49,Idle
SENSOR_007,2026-01-23 21:03:09.938098,22.8,62.01,1009.59,747,0,86.6,-86,Active
SENSOR_022,2026-01-24 10:47:09.938100,27.02,43.59,1008.19,827,0,20.4,-68,Active
SENSOR_039,2026-01-24 11:50:09.938101,19.5,50.07,1002.13,571,0,79.9,-55,Sleep
SENSOR_007,2026-01-24 16:35:09.938103,21.33,31.87,1007.33,516,0,24.1,-84,Active
SENSOR_019,2026-01-24 03:38:09.938105,23.25,68.44,1009.14,964,0,96.0,-35,Active
SENSOR_037,2026-01-23 18:26:09.938107,24.36,71.85,1019.83,461,1,76.2,-78,Active
SENSOR_031,2026-01-24 08:56:09.938109,20.7,39.96,1003.71,965,0,45.6,-49,Sleep
SENSOR_045,2026-01-23 20:58:09.938111,20.03,40.07,1006.37,902,0,45.6,-81,Sleep
SENSOR_022,2026-01-24 04:56:09.938113,19.45,32.1,1029.97,180,0,88.9,-55,Active
SENSOR_004,2026-01-23 20:22:09.938114,16.47,78.52,983.69,144,1,92.2,-75,Active
SENSOR_008,2026-01-23 21:59:09.938116,18.15,70.36,1017.8,826,0,91.3,-76,Active
SENSOR_048,2026-01-24 09:54:09.938118,18.01,48.04,1000.1,264,0,84.7,-38,Active
SENSOR_038,2026-01-23 20:08:09.938120,14.29,54.1,1004.95,734,0,85.5,-48,Active
SENSOR_044,2026-01-24 06:00:09.938122,26.96,44.6,1027.23,405,0,65.8,-72,Active
SENSOR_033,2026-01-24 01:23:09.938124,23.8,59.86,1013.72,812,0,22.3,-70,Active
SENSOR_048,2026-01-23 23:48:09.938126,22.71,65.87,1039.57,968,0,26.9,-35,Idle
SENSOR_046,2026-01-23 19:29:09.938127,28.52,52.37,1019.27,954,0,72.0,-56,Active
SENSOR_004,2026-01-24 11:46:09.938129,25.59,73.68,1004.7,847,0,52.1,-76,Active
SENSOR_045,2026-01-24 07:40:09.938131,18.05,55.85,1018.58,483,0,65.4,-43,Active
SENSOR_014,2026-01-24 10:00:09.938133,27.87,37.21,1024.3,481,0,38.5,-77,Active
SENSOR_034,2026-01-24 07:56:09.938135,26.86,61.11,1018.22,236,0,72.0,-62,Active
SENSOR_010,2026-01-23 19:06:09.938137,16.41,53.11,1010.85,524,0,39.4,-86,Active
SENSOR_036,2026-01-24 01:21:09.938139,26.51,76.78,996.09,338,1,56.9,-33,Idle
SENSOR_048,2026-01-24 01:11:09.938141,19.66,49.59,1009.78,267,0,58.3,-42,Idle
SENSOR_032,2026-01-23 20:24:09.938143,26.99,50.14,1029.68,931,0,34.2,-73,Idle
SENSOR_009,2026-01-24 04:31:09.938144,20.31,62.54,1005.03,265,0,90.1,-40,Active
SENSOR_015,2026-01-23 21:30:09.938146,19.33,56.35,1008.88,527,0,62.1,-90,Idle
SENSOR_044,2026-01-24 05:43:09.938148,19.85,48.72,1022.93,91,0,89.3,-64,Active
SENSOR_041,2026-01-23 23:22:09.938150,17.14,79.49,1019.2,247,1,41.0,-31,Error
SENSOR_010,2026-01-24 01:29:09.938152,14.6,45.11,999.9,18,0,33.8,-64,Active
SENSOR_020,2026-01-24 07:49:09.938154,9.51,43.88,1011.91,871,0,21.4,-66,Active
SENSOR_041,2026-01-24 14:37:09.938156,16.73,73.22,1027.07,389,1,27.5,-50,Active
SENSOR_020,2026-01-24 10:26:09.938158,35.15,30.17,1013.26,387,0,31.8,-70,Error
SENSOR_047,2026-01-24 14:04:09.938160,24.39,40.06,1027.31,925,1,26.3,-77,Error
SENSOR_001,2026-01-24 08:06:09.938161,31.32,59.52,1027.88,614,0,91.8,-39,Idle
SENSOR_032,2026-01-24 03:35:09.938164,20.41,38.12,1003.72,94,0,92.9,-38,Active
SENSOR_040,2026-01-24 02:39:09.938165,19.66,79.29,1010.05,429,0,95.0,-71,Active
SENSOR_045,2026-01-24 06:48:09.938167,30.58,53.21,1019.58,794,0,96.8,-63,Error
SENSOR_013,2026-01-24 09:28:09.938169,23.88,59.87,997.62,940,1,59.3,-70,Active
SENSOR_008,2026-01-23 19:18:09.938171,17.22,38.02,1010.77,724,1,62.4,-68,Sleep
SENSOR_005,2026-01-24 03:24:09.938173,25.16,44.47,1018.46,36,0,30.5,-80,Active
SENSOR_001,2026-01-24 13:57:09.938175,28.25,60.73,1006.78,392,1,31.0,-35,Active
SENSOR_010,2026-01-24 11:54:09.938177,14.86,57.48,1018.88,572,0,81.8,-89,Sleep
SENSOR_039,2026-01-24 02:03:09.938178,24.32,69.22,1007.0,290,1,88.5,-71,Active
SENSOR_008,2026-01-24 07:01:09.938180,15.19,43.46,1006.89,873,1,82.8,-67,Sleep
SENSOR_034,2026-01-23 19:22:09.938182,27.98,62.68,1020.44,302,0,86.8,-36,Active
SENSOR_007,2026-01-24 14:02:09.938184,23.15,44.55,1026.68,755,0,42.1,-66,Sleep
SENSOR_016,2026-01-24 06:03:09.938186,25.15,59.34,1005.89,916,1,57.3,-54,Active
SENSOR_014,2026-01-23 18:07:09.938188,20.91,60.25,1000.89,400,0,56.7,-69,Idle
SENSOR_007,2026-01-24 04:19:09.938190,13.09,36.09,1012.63,822,1,99.6,-32,Active
SENSOR_031,2026-01-24 13:32:09.938191,19.79,57.43,1017.67,343,0,95.9,-67,Active
SENSOR_002,2026-01-24 01:24:09.938193,26.65,30.6,1005.79,862,0,67.9,-76,Active
SENSOR_033,2026-01-24 01:13:09.938195,31.97,55.06,1029.61,517,0,31.0,-79,Error
SENSOR_029,2026-01-23 21:24:09.938197,23.41,64.88,1011.53,376,0,40.7,-45,Active
SENSOR_026,2026-01-24 03:51:09.938199,18.57,33.64,1005.71,930,0,49.1,-60,Active
SENSOR_004,2026-01-23 18:27:09.938202,24.68,76.94,1032.32,817,0,89.9,-48,Sleep
SENSOR_008,2026-01-24 09:54:09.938204,26.2,52.94,1025.67,164,0,33.7,-60,Active
SENSOR_020,2026-01-24 16:55:09.938206,22.66,76.92,1005.73,12,1,37.6,-38,Active
SENSOR_026,2026-01-24 07:59:09.938208,22.36,35.37,1023.67,24,0,48.0,-61,Active
SENSOR_031,2026-01-24 08:46:09.938210,23.07,77.5,1006.44,735,1,94.2,-50,Sleep
SENSOR_012,2026-01-24 00:35:09.938213,22.22,35.46,1020.68,122,0,60.3,-71,Active
SENSOR_016,2026-01-24 10:34:09.938215,23.49,53.07,1030.77,128,0,71.7,-83,Active
SENSOR_035,2026-01-24 03:57:09.938217,31.14,76.9,1000.91,816,1,51.0,-47,Sleep
SENSOR_017,2026-01-24 15:50:09.938219,11.83,41.64,1007.62,633,0,35.1,-61,Idle
SENSOR_040,2026-01-23 22:43:09.938221,20.81,31.74,1007.84,546,1,37.8,-56,Active
SENSOR_044,2026-01-24 06:53:09.938223,17.34,69.66,1015.66,594,0,84.2,-70,Idle
SENSOR_029,2026-01-24 08:59:09.938225,27.9,59.79,1017.73,308,0,91.5,-44,Sleep
SENSOR_043,2026-01-23 18:52:09.938227,21.3,55.7,1012.11,435,1,59.4,-51,Active
SENSOR_040,2026-01-24 07:04:09.938229,24.8,31.72,996.18,181,0,48.6,-33,Idle
SENSOR_008,2026-01-24 03:52:09.938231,29.14,62.66,1000.69,587,0,84.6,-63,Active
SENSOR_028,2026-01-24 04:33:09.938233,16.59,38.58,1004.16,615,0,73.8,-52,Active
SENSOR_010,2026-01-24 02:49:09.938234,19.36,76.56,1018.6,743,1,23.3,-74,Active
SENSOR_041,2026-01-24 03:24:09.938236,28.62,64.29,999.05,814,1,48.1,-79,Active
SENSOR_002,2026-01-24 04:18:09.938238,16.39,65.35,1003.86,42,0,74.6,-39,Active
SENSOR_012,2026-01-24 09:01:09.938240,19.53,41.63,1001.66,403,1,65.9,-41,Idle
SENSOR_010,2026-01-24 16:03:09.938242,14.0,74.04,1016.41,928,1,98.2,-73,Active
SENSOR_048,2026-01-24 08:45:09.938244,28.82,56.89,1024.32,604,1,89.3,-44,Active
SENSOR_043,2026-01-24 01:20:09.938246,19.09,72.85,1014.54,655,0,24.8,-36,Active
SENSOR_016,2026-01-24 10:26:09.938247,23.76,43.55,1032.94,765,0,78.1,-63,Idle
SENSOR_011,2026-01-24 06:19:09.938249,25.38,67.77,1014.54,589,1,46.9,-31,Active
SENSOR_033,2026-01-23 20:11:09.938251,17.98,58.73,1012.06,262,0,74.6,-88,Active
SENSOR_048,2026-01-24 16:21:09.938253,12.48,32.42,1005.16,69,1,69.4,-40,Active
SENSOR_045,2026-01-24 07:23:09.938255,20.9,50.27,1015.03,660,0,60.2,-76,Idle
SENSOR_035,2026-01-24 02:38:09.938257,20.82,39.2,1004.73,291,0,88.2,-75,Active
SENSOR_013,2026-01-24 03:55:09.938259,21.7,47.96,1003.21,213,1,76.7,-69,Idle
SENSOR_031,2026-01-24 10:21:09.938260,21.73,49.17,1002.92,871,1,91.2,-37,Active
SENSOR_031,2026-01-23 22:22:09.938262,19.51,53.75,1010.76,821,0,42.5,-42,Active
SENSOR_019,2026-01-24 12:13:09.938264,19.31,60.01,1008.0,146,0,47.9,-60,Active
SENSOR_019,2026-01-23 23:37:09.938266,23.49,58.55,1039.55,24,1,69.8,-60,Sleep
SENSOR_043,2026-01-24 10:52:09.938268,17.88,31.95,1015.09,322,1,97.3,-90,Active
SENSOR_007,2026-01-23 20:34:09.938270,21.52,67.53,1014.93,995,0,49.7,-80,Active
SENSOR_038,2026-01-24 14:09:09.938272,19.19,77.46,1007.48,108,0,22.6,-85,Active
SENSOR_032,2026-01-23 20:58:09.938274,23.48,47.43,1043.65,692,1,55.7,-68,Active
SENSOR_024,2026-01-23 21:04:09.938275,27.54,38.99,1003.76,250,0,63.5,-82,Active
SENSOR_043,2026-01-24 06:39:09.938277,27.75,57.0,1008.26,481,1,84.1,-39,Idle
SENSOR_018,2026-01-24 13:30:09.938279,28.45,65.25,1022.99,714,0,78.3,-75,Active
SENSOR_026,2026-01-23 21:16:09.938281,20.33,63.95,1015.02,815,0,97.2,-33,Active
SENSOR_025,2026-01-23 23:29:09.938283,20.75,60.61,1000.27,681,0,82.6,-53,Active
SENSOR_045,2026-01-24 17:14:09.938285,15.66,37.31,1013.27,174,0,43.9,-47,Active
SENSOR_007,2026-01-24 17:11:09.938287,20.29,71.84,1019.8,346,1,71.3,-72,Active
SENSOR_030,2026-01-24 04:58:09.938288,20.47,51.28,1018.12,169,1,73.8,-46,Active
SENSOR_027,2026-01-24 14:50:09.938290,18.91,41.07,1019.61,1,0,99.8,-78,Sleep
SENSOR_028,2026-01-24 06:32:09.938292,18.89,34.31,1034.86,645,1,31.1,-32,Active
SENSOR_010,2026-01-24 05:52:09.938294,13.51,50.84,1015.72,638,0,35.3,-59,Idle
SENSOR_002,2026-01-23 23:02:09.938296,15.29,60.9,1020.96,557,1,32.4,-55,Active
SENSOR_019,2026-01-24 15:45:09.938298,22.22,63.27,988.76,705,0,67.1,-82,Active
SENSOR_030,2026-01-23 19:33:09.938300,22.41,78.14,1031.66,361,0,30.8,-45,Idle
SENSOR_008,2026-01-24 16:14:09.938302,24.42,37.66,1013.65,720,0,72.5,-45,Idle
SENSOR_037,2026-01-24 00:12:09.938304,20.71,79.29,1004.32,295,0,84.3,-42,Active
SENSOR_025,2026-01-24 10:43:09.938305,22.06,62.73,1011.05,569,1,54.6,-54,Active
SENSOR_001,2026-01-24 05:33:09.938307,28.25,52.71,1019.63,589,0,64.9,-60,Active
SENSOR_038,2026-01-23 23:38:09.938310,21.74,74.41,1023.35,201,0,93.0,-60,Active
SENSOR_020,2026-01-24 11:08:09.938311,18.84,64.72,1012.05,288,0,65.6,-32,Active
SENSOR_003,2026-01-24 12:33:09.938313,16.05,47.44,1019.01,61,0,36.7,-36,Idle
SENSOR_042,2026-01-23 23:37:09.938315,25.99,74.2,1010.37,501,0,47.5,-72,Active
SENSOR_042,2026-01-24 04:24:09.938317,13.48,63.33,1017.92,779,0,62.4,-89,Active
SENSOR_043,2026-01-24 10:05:09.938319,17.81,64.94,1015.06,125,0,32.4,-46,Active
SENSOR_040,2026-01-24 08:00:09.938321,24.09,74.82,1016.01,991,1,69.0,-59,Active
SENSOR_029,2026-01-24 12:24:09.938323,12.47,52.42,1009.89,48,0,99.9,-48,Active
SENSOR_003,2026-01-24 05:09:09.938325,18.93,62.85,1017.04,599,0,72.2,-57,Active
SENSOR_023,2026-01-24 06:36:09.938327,22.65,67.23,1004.73,845,1,49.8,-90,Idle
SENSOR_009,2026-01-24 03:48:09.938328,20.08,52.7,1014.95,772,1,46.5,-70,Active
SENSOR_030,2026-01-24 10:33:09.938330,17.09,34.17,1006.66,178,1,94.5,-88,Idle
SENSOR_047,2026-01-23 23:02:09.938332,19.03,68.57,1003.06,580,0,89.7,-64,Active
SENSOR_030,2026-01-24 09:25:09.938334,26.08,32.39,1005.94,878,0,57.8,-47,Error
SENSOR_018,2026-01-24 17:27:09.938336,31.16,65.9,1010.92,927,1,48.3,-84,Error
SENSOR_001,2026-01-24 16:41:09.938338,22.7,75.54,1007.72,492,0,76.8,-58,Sleep
SENSOR_011,2026-01-24 17:13:09.938340,12.06,47.35,1016.96,432,0,45.2,-82,Idle
SENSOR_023,2026-01-23 23:56:09.938342,24.84,35.1,1013.8,992,0,29.6,-61,Active
SENSOR_033,2026-01-24 14:25:09.938344,20.02,41.64,1023.15,571,0,44.8,-73,Idle
SENSOR_033,2026-01-24 00:47:09.938345,16.52,58.11,1012.16,301,1,54.7,-35,Error
SENSOR_014,2026-01-24 04:20:09.938347,18.0,77.13,1014.81,963,0,40.4,-65,Active
SENSOR_023,2026-01-24 01:21:09.938349,18.21,55.61,1031.66,760,1,37.3,-71,Active
SENSOR_046,2026-01-24 16:28:09.938351,14.95,35.64,1008.61,989,0,20.5,-53,Active
SENSOR_034,2026-01-24 12:33:09.938353,21.68,61.39,1010.15,168,1,70.5,-50,Active
SENSOR_025,2026-01-24 08:15:09.938355,31.14,66.64,1025.03,976,0,69.2,-36,Active
SENSOR_033,2026-01-24 07:37:09.938357,16.5,49.66,1003.43,962,0,35.0,-60,Active
SENSOR_005,2026-01-24 17:05:09.938358,30.99,66.08,1026.15,268,0,95.5,-83,Active
SENSOR_012,2026-01-24 10:03:09.938360,23.04,46.24,1010.63,363,1,52.8,-68,Error
SENSOR_042,2026-01-23 20:21:09.938362,21.54,69.45,1004.67,623,1,22.0,-41,Active
SENSOR_010,2026-01-23 18:25:09.938364,20.39,47.05,1022.05,99,0,37.6,-66,Idle
SENSOR_023,2026-01-24 09:28:09.938366,17.97,42.81,1010.49,913,0,75.4,-44,Active
SENSOR_042,2026-01-24 16:45:09.938368,23.46,73.96,1031.24,214,1,36.1,-90,Active
SENSOR_047,2026-01-24 08:37:09.938371,24.61,57.42,1013.81,994,1,24.3,-45,Active
SENSOR_037,2026-01-24 13:41:09.938375,9.87,44.26,1013.74,624,0,69.4,-73,Active
SENSOR_022,2026-01-24 05:01:09.938378,34.72,76.75,1007.14,96,1,61.5,-72,Active
SENSOR_030,2026-01-23 19:32:09.938381,12.95,64.54,1011.53,818,0,80.9,-40,Active
SENSOR_046,2026-01-24 04:14:09.938384,19.39,41.04,1010.27,629,0,81.8,-49,Active
SENSOR_009,2026-01-24 13:26:09.938387,9.21,60.73,1026.31,547,0,96.8,-39,Active
SENSOR_018,2026-01-24 08:42:09.938390,20.66,73.52,1015.9,336,1,24.6,-38,Active
SENSOR_049,2026-01-24 15:01:09.938393,19.69,64.81,1020.06,358,0,23.1,-85,Active
SENSOR_043,2026-01-24 15:18:09.938397,19.44,42.24,1013.98,289,0,99.0,-74,Active
SENSOR_020,2026-01-24 15:23:09.938400,23.52,62.44,1008.89,395,1,71.6,-45,Active
SENSOR_026,2026-01-24 00:41:09.938403,20.78,60.96,1016.71,900,0,77.2,-46,Active
SENSOR_005,2026-01-23 17:54:09.938406,24.69,71.04,1028.91,815,1,27.7,-83,Active
SENSOR_042,2026-01-24 03:44:09.938409,15.81,38.91,1002.52,359,1,25.6,-37,Active
SENSOR_031,2026-01-24 17:13:09.938412,22.39,64.98,1017.19,346,1,32.8,-49,Active
SENSOR_025,2026-01-24 17:24:09.938416,18.84,31.37,1027.97,123,0,54.2,-82,Active
SENSOR_031,2026-01-23 23:25:09.938418,20.15,64.81,1004.85,551,0,28.8,-54,Active
SENSOR_039,2026-01-23 21:16:09.938420,23.35,78.02,1022.22,652,1,55.7,-36,Active
SENSOR_043,2026-01-24 12:44:09.938422,19.48,38.72,1022.23,537,0,64.9,-64,Active
SENSOR_012,2026-01-24 14:39:09.938424,21.47,45.56,1000.06,653,0,20.0,-55,Active
SENSOR_037,2026-01-23 21:50:09.938426,16.23,59.14,1024.1,863,1,29.1,-85,Sleep
SENSOR_046,2026-01-24 04:33:09.938428,27.48,66.62,1007.06,906,0,50.0,-85,Idle
SENSOR_033,2026-01-24 11:17:09.938430,25.64,47.22,1016.59,421,1,24.3,-46,Active
SENSOR_050,2026-01-23 21:14:09.938432,22.5,63.21,1023.24,335,0,30.7,-87,Sleep
SENSOR_043,2026-01-24 07:15:09.938434,20.79,74.96,1025.0,502,0,38.5,-69,Active
SENSOR_034,2026-01-24 06:52:09.938435,21.48,66.33,997.64,56,0,54.4,-51,Active
SENSOR_017,2026-01-24 03:24:09.938437,27.37,65.55,1030.89,661,0,77.2,-64,Error
SENSOR_009,2026-01-24 00:25:09.938471,25.29,49.1,1027.18,878,0,30.6,-54,Sleep
SENSOR_045,2026-01-24 17:07:09.938475,27.45,75.57,1023.52,911,1,79.0,-89,Active
SENSOR_021,2026-01-24 07:36:09.938477,20.29,43.87,1016.61,716,0,88.4,-82,Active
SENSOR_038,2026-01-24 08:33:09.938480,24.42,40.26,1008.64,75,0,72.1,-80,Active
SENSOR_038,2026-01-24 02:15:09.938482,27.94,48.21,1002.17,465,1,23.5,-71,Active
SENSOR_023,2026-01-24 10:59:09.938484,17.37,62.51,996.76,284,0,55.3,-39,Active
SENSOR_038,2026-01-24 14:30:09.938485,17.05,73.08,1019.45,721,0,72.8,-48,Active
SENSOR_040,2026-01-24 08:53:09.938487,23.38,36.6,1023.51,385,1,98.3,-52,Sleep
SENSOR_026,2026-01-23 19:31:09.938489,15.83,70.69,1012.15,949,0,96.1,-33,Active
SENSOR_005,2026-01-23 22:14:09.938491,12.92,70.64,1008.39,769,1,51.7,-77,Idle
SENSOR_003,2026-01-24 01:49:09.938493,27.87,59.35,1013.7,258,1,69.3,-65,Active
SENSOR_002,2026-01-24 05:03:09.938495,28.74,68.03,1006.6,476,1,91.3,-53,Active
SENSOR_047,2026-01-24 07:58:09.938497,16.1,39.09,1013.22,695,1,86.5,-61,Active
SENSOR_011,2026-01-24 03:15:09.938499,14.84,38.48,1006.02,839,0,58.4,-55,Active
SENSOR_015,2026-01-24 14:44:09.938501,18.73,73.14,1019.12,10,1,40.9,-53,Active
SENSOR_007,2026-01-24 10:19:09.938503,28.26,54.91,1025.44,971,1,31.0,-56,Active
SENSOR_043,2026-01-24 04:02:09.938505,19.95,42.3,1018.09,671,0,59.0,-36,Active
SENSOR_007,2026-01-23 22:46:09.938507,22.47,64.44,1012.2,259,0,77.8,-85,Active
SENSOR_032,2026-01-24 08:24:09.938508,23.62,74.59,1022.89,392,1,97.6,-88,Active
SENSOR_044,2026-01-24 01:25:09.938510,22.87,61.62,1013.19,599,0,88.9,-90,Active
SENSOR_031,2026-01-24 08:12:09.938512,29.47,47.37,1022.57,368,1,36.3,-31,Active
SENSOR_021,2026-01-23 17:55:09.938514,18.4,54.16,1006.64,183,0,77.6,-33,Active
SENSOR_049,2026-01-23 23:42:09.938516,21.49,67.61,1007.93,15,0,43.1,-38,Active
SENSOR_015,2026-01-24 00:37:09.938518,23.16,33.38,1003.11,976,0,74.7,-33,Sleep
SENSOR_050,2026-01-24 09:34:09.938520,21.76,40.86,1008.35,755,0,73.3,-73,Active
SENSOR_047,2026-01-24 04:51:09.938521,15.9,53.13,1022.81,505,0,41.8,-68,Active
SENSOR_016,2026-01-24 17:19:09.938523,14.64,60.21,1004.28,85,0,38.8,-59,Active
SENSOR_007,2026-01-24 00:57:09.938525,14.53,46.96,989.95,710,0,28.3,-62,Active
SENSOR_012,2026-01-24 04:28:09.938527,25.63,44.92,1008.85,9,1,24.0,-68,Active
SENSOR_047,2026-01-24 05:11:09.938529,17.9,32.07,1001.26,476,0,88.7,-55,Active
SENSOR_025,2026-01-23 23:15:09.938531,24.35,31.63,1007.96,163,1,24.0,-85,Idle
SENSOR_049,2026-01-24 14:13:09.938533,22.43,43.93,1034.07,23,0,27.1,-74,Active
SENSOR_027,2026-01-24 02:28:09.938534,17.13,56.53,1004.11,575,0,39.1,-73,Active
SENSOR_005,2026-01-24 10:16:09.938536,17.25,57.82,1019.34,311,0,91.0,-60,Active
SENSOR_004,2026-01-23 22:11:09.938538,22.67,54.7,1012.2,237,0,46.6,-85,Active
SENSOR_040,2026-01-24 17:04:09.938540,22.39,50.49,1016.72,461,0,35.3,-57,Active
SENSOR_017,2026-01-24 04:21:09.938542,24.46,42.61,1007.91,461,0,77.2,-47,Idle
SENSOR_008,2026-01-24 09:59:09.938544,19.71,50.03,1024.61,856,0,45.5,-47,Idle
SENSOR_003,2026-01-24 02:39:09.938546,17.77,36.94,1017.27,237,0,46.7,-64,Idle
SENSOR_048,2026-01-24 05:17:09.938548,22.55,35.76,1017.55,21,0,79.1,-55,Active
SENSOR_005,2026-01-24 01:38:09.938549,29.1,45.0,1013.99,179,1,40.1,-43,Idle
SENSOR_029,2026-01-23 22:41:09.938551,12.62,79.77,1025.56,817,0,91.7,-39,Active
SENSOR_049,2026-01-24 14:11:09.938553,18.0,46.32,1018.6,558,1,64.9,-49,Idle
SENSOR_024,2026-01-23 19:58:09.938555,24.95,76.82,1016.71,790,0,63.0,-66,Sleep
SENSOR_039,2026-01-24 07:18:09.938557,23.08,49.61,1019.53,735,0,41.2,-81,Active
SENSOR_041,2026-01-24 06:34:09.938558,25.03,51.95,995.4,729,0,86.8,-52,Active
SENSOR_002,2026-01-24 13:00:09.938561,19.85,69.85,1014.88,498,0,65.8,-45,Active
SENSOR_012,2026-01-23 20:24:09.938563,13.94,34.68,1012.36,474,1,32.4,-52,Idle
SENSOR_021,2026-01-24 15:03:09.938565,30.36,39.12,1024.69,748,0,36.5,-79,Active
SENSOR_007,2026-01-24 14:39:09.938567,27.42,78.69,1005.99,715,0,57.5,-80,Error
SENSOR_045,2026-01-23 22:46:09.938568,21.88,55.3,1015.01,338,0,82.4,-42,Active
SENSOR_029,2026-01-24 12:08:09.938570,17.79,32.22,1032.24,530,0,95.1,-48,Active
SENSOR_025,2026-01-24 10:49:09.938572,19.55,32.37,1012.74,691,1,73.1,-38,Active
SENSOR_009,2026-01-24 01:11:09.938574,23.15,75.36,999.7,161,0,60.5,-88,Idle
SENSOR_041,2026-01-23 21:39:09.938576,20.74,73.67,1034.74,991,0,40.1,-40,Active
SENSOR_037,2026-01-24 09:23:09.938578,21.93,52.92,1005.84,796,0,73.8,-69,Active
SENSOR_036,2026-01-24 15:03:09.938580,30.05,38.16,1002.6,60,0,98.6,-87,Active
SENSOR_013,2026-01-24 13:05:09.938581,26.62,71.51,1003.0,84,0,58.1,-83,Active
SENSOR_013,2026-01-24 04:09:09.938583,16.15,46.23,1020.28,546,0,33.0,-77,Active
SENSOR_017,2026-01-23 20:52:09.938585,22.38,50.95,1025.98,489,0,28.3,-71,Active
SENSOR_032,2026-01-24 01:45:09.938587,19.4,64.12,1030.6,4,1,41.5,-67,Idle
SENSOR_029,2026-01-24 00:03:09.938589,23.49,47.67,1013.15,75,0,65.6,-77,Error
SENSOR_044,2026-01-23 22:34:09.938591,21.68,61.43,1003.13,252,0,95.7,-63,Active
SENSOR_019,2026-01-24 09:58:09.938593,36.84,74.26,1007.3,6,0,43.9,-75,Idle
SENSOR_015,2026-01-24 15:54:09.938595,24.15,69.87,1013.34,680,0,44.4,-59,Sleep
SENSOR_013,2026-01-24 01:04:09.938597,21.33,49.08,1012.79,641,1,58.5,-44,Active
SENSOR_048,2026-01-24 09:18:09.938599,31.22,44.4,1026.08,472,0,93.5,-79,Active
SENSOR_011,2026-01-24 03:51:09.938601,23.03,44.28,999.82,137,1,53.5,-75,Active
SENSOR_028,2026-01-24 07:17:09.938603,14.41,47.43,1001.85,357,0,37.9,-39,Active
SENSOR_034,2026-01-24 06:23:09.938604,21.38,54.68,1009.9,811,0,33.1,-72,Active
SENSOR_013,2026-01-24 12:46:09.938606,25.07,50.83,1016.69,837,0,56.6,-86,Idle
SENSOR_006,2026-01-24 16:40:09.938608,24.42,36.65,1008.57,602,0,84.1,-79,Error
SENSOR_038,2026-01-24 06:56:09.938610,27.03,38.17,1007.76,162,0,43.3,-62,Active
SENSOR_002,2026-01-23 18:23:09.938612,22.77,47.15,1024.74,317,0,61.0,-86,Active
SENSOR_041,2026-01-23 22:37:09.938614,22.42,58.1,1017.72,457,0,68.2,-49,Active
SENSOR_043,2026-01-23 21:28:09.938616,14.99,59.63,1003.15,252,1,56.0,-33,Idle
SENSOR_007,2026-01-24 04:02:09.938617,29.64,54.31,1007.9,200,1,35.3,-74,Active
SENSOR_014,2026-01-24 17:43:09.938619,20.47,66.94,1018.17,531,0,93.7,-44,Active
SENSOR_003,2026-01-24 08:45:09.938621,17.1,66.86,1000.39,740,0,65.2,-83,Active
SENSOR_009,2026-01-23 18:21:09.938623,35.14,51.38,1018.11,674,0,78.3,-51,Active
SENSOR_001,2026-01-24 10:46:09.938625,30.4,36.22,1009.56,164,1,70.9,-51,Active
SENSOR_024,2026-01-23 22:43:09.938627,19.76,56.51,1016.63,231,0,99.8,-61,Sleep
SENSOR_050,2026-01-24 01:14:09.938629,12.6,49.07,1014.2,327,0,56.5,-81,Active
SENSOR_027,2026-01-23 23:17:09.938631,18.41,36.9,1001.83,237,0,54.0,-71,Sleep
SENSOR_037,2026-01-24 00:51:09.938632,29.9,79.09,1006.63,119,0,48.8,-46,Active
SENSOR_035,2026-01-24 07:13:09.938634,22.88,48.49,1027.47,949,1,48.9,-75,Active
SENSOR_005,2026-01-23 19:39:09.938636,15.25,61.29,1036.71,862,1,42.1,-50,Active
SENSOR_022,2026-01-24 09:52:09.938638,25.92,54.51,995.53,894,0,98.5,-75,Error
SENSOR_012,2026-01-24 06:55:09.938640,20.95,37.14,1023.43,880,0,89.7,-49,Idle
SENSOR_044,2026-01-24 02:10:09.938642,18.76,32.78,1015.96,618,0,45.3,-88,Active
SENSOR_047,2026-01-24 01:25:09.938644,19.14,61.29,1033.82,249,0,44.4,-68,Idle
SENSOR_047,2026-01-24 00:21:09.938646,28.53,42.35,1007.41,335,0,28.3,-69,Active
SENSOR_042,2026-01-23 22:58:09.938648,24.73,42.18,1021.98,283,0,90.2,-34,Active
SENSOR_034,2026-01-24 15:08:09.938650,14.57,77.85,1009.97,197,1,49.7,-63,Active
SENSOR_032,2026-01-24 14:19:09.938652,23.84,53.09,1025.81,415,1,65.8,-45,Idle
SENSOR_013,2026-01-24 03:23:09.938654,22.54,31.47,1036.11,731,0,92.0,-46,Active
SENSOR_014,2026-01-23 18:02:09.938655,19.9,46.99,1015.13,394,0,52.6,-55,Active
SENSOR_037,2026-01-24 15:16:09.938657,20.16,59.22,1001.61,937,0,84.5,-87,Active
SENSOR_031,2026-01-24 05:05:09.938659,17.67,46.43,1027.14,150,1,54.4,-53,Active
SENSOR_033,2026-01-24 13:34:09.938661,18.69,31.34,1018.65,797,1,76.1,-67,Active
SENSOR_023,2026-01-24 17:27:09.938663,23.45,52.22,1016.78,264,0,54.5,-72,Active
SENSOR_023,2026-01-24 12:23:09.938665,20.61,35.3,1028.83,219,1,51.4,-80,Active
SENSOR_040,2026-01-24 00:10:09.938667,24.73,60.96,1001.62,215,1,99.3,-51,Sleep
SENSOR_036,2026-01-24 13:46:09.938668,18.08,60.98,1005.84,314,0,69.0,-45,Active
SENSOR_009,2026-01-24 12:14:09.938670,25.54,31.89,1018.94,667,0,49.4,-51,Active
SENSOR_005,2026-01-24 11:10:09.938672,28.57,44.53,1005.62,215,0,40.6,-45,Active
SENSOR_029,2026-01-24 02:58:09.938674,21.97,50.68,1009.84,334,0,23.2,-36,Active
SENSOR_028,2026-01-24 14:02:09.938676,24.6,57.51,1025.75,358,0,76.5,-52,Idle
SENSOR_041,2026-01-24 16:35:09.938678,24.8,44.8,1017.33,625,0,49.8,-38,Active
SENSOR_025,2026-01-24 03:26:09.938680,19.49,44.39,1001.21,160,0,85.7,-73,Sleep
SENSOR_005,2026-01-24 01:00:09.938682,24.82,79.15,1017.08,814,1,49.1,-79,Idle
SENSOR_037,2026-01-24 12:05:09.938684,10.66,32.09,1025.39,609,0,49.9,-77,Idle
SENSOR_006,2026-01-23 20:32:09.938685,8.67,79.45,1014.72,510,0,82.3,-44,Active
SENSOR_009,2026-01-24 00:00:09.938687,20.35,32.39,1021.72,917,0,59.2,-73,Active
SENSOR_034,2026-01-24 01:17:09.938689,25.17,44.42,1007.83,156,0,90.8,-47,Active
SENSOR_020,2026-01-24 13:08:09.938691,21.57,54.68,1015.6,161,0,67.2,-49,Sleep
SENSOR_007,2026-01-23 23:14:09.938693,25.73,37.16,997.23,41,0,39.3,-79,Active
SENSOR_008,2026-01-24 03:38:09.938695,15.99,36.74,1019.3,179,0,65.5,-51,Active
SENSOR_032,2026-01-24 04:17:09.938697,26.41,42.82,1016.6,302,1,20.3,-64,Active
SENSOR_015,2026-01-24 17:36:09.938699,30.14,78.68,1000.1,329,1,45.0,-85,Active
SENSOR_004,2026-01-24 07:47:09.938700,18.52,49.01,1028.21,562,1,36.6,-67,Idle
SENSOR_039,2026-01-24 13:54:09.938702,25.85,58.3,1018.71,763,0,72.3,-40,Active
SENSOR_035,2026-01-24 03:03:09.938704,22.11,65.21,1006.07,428,0,30.9,-58,Active
SENSOR_022,2026-01-24 07:52:09.938706,24.21,67.11,1019.56,349,0,43.2,-46,Active
SENSOR_002,2026-01-23 18:49:09.938708,30.13,64.4,1003.16,119,1,46.5,-37,Active
SENSOR_015,2026-01-24 08:39:09.938710,23.64,46.85,1004.54,74,0,20.3,-75,Idle
SENSOR_019,2026-01-24 00:04:09.938712,25.82,35.59,1003.21,673,1,23.7,-41,Idle
SENSOR_017,2026-01-24 06:54:09.938714,15.68,44.09,1002.92,660,0,44.9,-79,Active
SENSOR_025,2026-01-23 20:55:09.938715,25.67,40.51,1017.38,122,1,37.8,-60,Active
SENSOR_046,2026-01-24 05:13:09.938717,30.05,36.81,1013.95,652,1,29.4,-34,Active
SENSOR_023,2026-01-23 22:40:09.938719,17.38,31.22,1020.48,181,0,32.3,-54,Error
SENSOR_005,2026-01-23 19:43:09.938721,20.38,76.79,984.8,920,1,86.8,-38,Sleep
SENSOR_011,2026-01-24 12:15:09.938723,25.43,76.05,1009.08,889,0,74.7,-78,Sleep
SENSOR_019,2026-01-24 13:05:09.938725,24.24,32.52,1009.23,788,1,58.7,-33,Active
SENSOR_005,2026-01-24 08:00:09.938727,15.2,38.65,1013.53,256,1,92.7,-83,Idle
SENSOR_035,2026-01-24 00:03:09.938728,22.82,36.98,1013.27,953,1,22.4,-53,Sleep
SENSOR_037,2026-01-23 18:32:09.938730,20.34,44.06,1015.28,836,0,47.6,-88,Active
SENSOR_016,2026-01-24 10:56:09.938732,17.16,40.2,1013.89,756,0,85.9,-34,Active
SENSOR_034,2026-01-23 20:57:09.938734,28.78,77.29,1008.41,597,1,70.3,-33,Error
SENSOR_040,2026-01-24 05:14:09.938736,22.03,34.21,1009.0,582,1,98.5,-71,Active
SENSOR_033,2026-01-24 00:11:09.938738,26.92,40.58,1012.47,268,0,95.6,-33,Active
SENSOR_020,2026-01-23 21:16:09.938740,16.13,34.04,1018.05,492,0,33.6,-87,Active
SENSOR_026,2026-01-24 09:20:09.938741,24.94,79.02,1013.85,179,0,97.8,-47,Active
SENSOR_040,2026-01-24 01:48:09.938743,27.31,75.92,1005.15,790,1,95.6,-46,Active
SENSOR_004,2026-01-24 02:07:09.938745,20.79,65.83,1004.62,148,1,49.9,-89,Active
SENSOR_035,2026-01-24 10:43:09.938747,19.51,51.3,1018.1,517,0,98.6,-40,Idle
SENSOR_045,2026-01-24 06:38:09.938749,15.48,39.51,1020.57,147,0,22.9,-55,Idle
SENSOR_008,2026-01-24 13:17:09.938751,17.66,41.07,1023.71,843,0,72.9,-68,Idle
SENSOR_038,2026-01-24 12:18:09.938753,19.74,52.15,1008.09,679,0,41.3,-46,Active
SENSOR_031,2026-01-24 00:01:09.938755,17.12,68.41,994.22,8,1,30.4,-72,Active
SENSOR_017,2026-01-24 01:44:09.938757,18.16,43.24,1016.82,177,0,66.2,-51,Active
SENSOR_042,2026-01-24 17:34:09.938759,22.79,45.54,1005.84,795,0,44.5,-83,Active
SENSOR_002,2026-01-24 07:04:09.938760,23.39,60.0,1011.97,394,1,73.3,-75,Active
SENSOR_003,2026-01-24 03:42:09.938762,27.45,41.89,1014.48,627,0,63.2,-33,Idle
SENSOR_022,2026-01-24 11:47:09.938764,18.19,59.21,1018.54,607,0,51.4,-48,Active
SENSOR_027,2026-01-24 12:47:09.938766,22.12,49.36,1021.93,330,1,34.5,-73,Active
SENSOR_017,2026-01-24 01:51:09.938768,19.91,31.72,1024.7,855,0,68.1,-55,Active
SENSOR_013,2026-01-24 15:37:09.938770,19.56,50.14,1026.19,55,1,86.3,-67,Active
SENSOR_022,2026-01-24 17:43:09.938772,20.42,75.98,1014.04,206,0,68.0,-90,Sleep
SENSOR_049,2026-01-24 07:16:09.938773,21.02,44.66,996.11,104,1,68.8,-90,Sleep
SENSOR_004,2026-01-23 17:58:09.938775,23.25,46.14,1006.9,546,0,60.9,-45,Active
SENSOR_009,2026-01-24 11:30:09.938777,20.35,33.3,1027.08,720,0,51.1,-55,Active
SENSOR_014,2026-01-24 11:06:09.938779,28.14,60.75,1014.49,792,0,56.6,-80,Active
SENSOR_036,2026-01-23 18:13:09.938781,13.48,72.46,1034.78,880,1,99.2,-73,Idle
SENSOR_047,2026-01-24 14:42:09.938783,27.27,47.65,1009.21,354,1,80.0,-75,Active
SENSOR_022,2026-01-23 23:33:09.938785,20.16,42.01,1036.13,658,0,54.4,-74,Active
SENSOR_049,2026-01-24 02:15:09.938786,21.06,77.83,1012.98,488,0,56.6,-67,Active
SENSOR_043,2026-01-24 06:37:09.938788,21.95,67.25,1008.8,798,0,60.0,-57,Active
SENSOR_004,2026-01-24 14:41:09.938790,25.53,58.36,1005.88,592,0,72.7,-87,Active
SENSOR_016,2026-01-24 15:49:09.938792,17.6,45.28,1019.6,502,1,57.3,-56,Active
SENSOR_032,2026-01-23 20:35:09.938794,18.72,41.04,998.87,49,0,74.9,-76,Active
SENSOR_005,2026-01-24 01:55:09.938796,24.5,65.79,1007.5,86,1,46.3,-89,Active
SENSOR_037,2026-01-23 21:37:09.938798,13.51,56.09,1012.47,702,1,52.9,-35,Error
SENSOR_040,2026-01-24 12:34:09.938799,21.83,56.03,990.42,302,0,89.1,-40,Active
SENSOR_045,2026-01-24 15:38:09.938801,18.01,33.69,1012.03,0,1,46.3,-60,Active
SENSOR_049,2026-01-24 05:57:09.938803,16.96,55.61,1030.2,380,0,97.2,-82,Sleep
SENSOR_003,2026-01-23 20:11:09.938805,13.81,71.14,1017.32,953,0,33.8,-81,Sleep
SENSOR_023,2026-01-23 22:49:09.938807,25.86,77.34,1006.42,649,1,39.3,-38,Active
SENSOR_005,2026-01-24 10:12:09.938809,22.79,35.33,1008.22,647,0,57.1,-66,Active
SENSOR_027,2026-01-24 06:08:09.938811,18.64,61.56,1016.37,361,0,83.8,-40,Active
SENSOR_039,2026-01-23 20:27:09.938812,21.18,58.42,1007.89,380,1,78.5,-31,Idle
SENSOR_048,2026-01-24 17:26:09.938814,16.54,74.52,1017.69,665,0,34.0,-86,Error
SENSOR_040,2026-01-24 11:20:09.938816,19.32,67.56,1007.61,161,0,38.9,-77,Active
SENSOR_006,2026-01-24 08:32:09.938818,21.01,78.26,1002.76,18,1,66.0,-49,Active
SENSOR_036,2026-01-24 08:12:09.938820,22.32,78.0,1024.81,973,0,43.6,-43,Active
SENSOR_031,2026-01-24 03:22:09.938822,23.96,41.28,1020.09,839,1,53.8,-53,Active
SENSOR_009,2026-01-23 21:58:09.938824,12.97,66.27,994.12,242,0,58.9,-34,Active
SENSOR_018,2026-01-24 07:28:09.938826,23.98,56.53,1009.63,128,0,67.5,-51,Active
SENSOR_047,2026-01-24 05:22:09.938828,13.37,40.73,1023.43,175,1,40.1,-89,Active
SENSOR_003,2026-01-23 20:36:09.938829,24.16,39.74,1011.34,408,0,33.1,-73,Active
SENSOR_007,2026-01-24 04:09:09.938831,20.93,34.05,1007.19,791,1,51.9,-62,Active
SENSOR_003,2026-01-24 09:13:09.938833,27.46,69.78,1010.47,942,1,26.6,-38,Active
SENSOR_032,2026-01-23 22:45:09.938835,18.63,46.23,1014.11,83,1,62.1,-38,Active
SENSOR_033,2026-01-23 23:26:09.938837,25.9,72.85,1011.2,375,0,87.2,-38,Active
SENSOR_015,2026-01-23 20:01:09.938839,16.16,60.42,1012.17,221,0,29.5,-71,Idle
SENSOR_042,2026-01-23 19:24:09.938841,22.53,63.68,1011.5,324,1,29.0,-83,Active
SENSOR_023,2026-01-24 11:00:09.938842,11.81,44.58,1003.26,450,0,26.4,-32,Idle
SENSOR_028,2026-01-24 15:16:09.938844,26.42,52.86,1002.75,415,0,87.8,-54,Active
SENSOR_031,2026-01-23 21:41:09.938846,30.63,50.62,1002.1,656,0,26.5,-42,Sleep
SENSOR_020,2026-01-24 12:42:09.938848,18.51,41.78,1013.91,444,0,98.7,-43,Idle
SENSOR_015,2026-01-24 14:24:09.938850,22.61,71.63,1018.83,617,0,48.7,-65,Active
SENSOR_002,2026-01-24 10:31:09.938852,24.22,61.1,1003.59,324,1,46.3,-54,Active
SENSOR_004,2026-01-24 08:21:09.938854,14.25,31.87,998.0,522,0,27.3,-42,Active
SENSOR_002,2026-01-24 11:49:09.938856,18.25,71.0,1004.29,165,0,66.9,-87,Error
SENSOR_050,2026-01-24 08:56:09.938857,17.94,35.3,1027.02,707,1,66.9,-58,Active
SENSOR_013,2026-01-23 22:40:09.938859,34.04,50.18,1009.87,742,0,59.5,-69,Active
SENSOR_035,2026-01-24 14:25:09.938861,27.23,58.56,1010.86,658,1,44.9,-85,Active
SENSOR_039,2026-01-24 13:35:09.938863,20.91,30.38,1005.02,870,0,49.5,-58,Idle
SENSOR_025,2026-01-24 00:05:09.938865,25.9,62.65,1018.72,237,1,45.6,-63,Active
SENSOR_044,2026-01-23 21:52:09.938867,23.06,62.99,1011.77,982,0,54.1,-67,Active
SENSOR_044,2026-01-23 19:54:09.938868,24.97,62.63,1005.73,912,1,47.3,-87,Active
SENSOR_048,2026-01-24 04:50:09.938870,16.73,38.17,1002.69,12,0,74.0,-89,Active
SENSOR_002,2026-01-24 06:38:09.938872,28.87,42.79,1016.78,730,0,43.7,-78,Active
SENSOR_036,2026-01-23 22:16:09.938908,18.16,42.37,1015.64,256,0,48.1,-45,Active
SENSOR_031,2026-01-23 21:42:09.938912,18.42,78.0,1000.62,513,1,54.8,-42,Idle
SENSOR_004,2026-01-23 21:16:09.938915,24.95,33.38,1025.27,209,0,20.3,-80,Idle
SENSOR_025,2026-01-24 08:27:09.938917,23.73,51.44,1006.58,483,1,59.4,-56,Idle
SENSOR_050,2026-01-23 20:53:09.938919,22.12,73.56,990.75,364,0,40.5,-52,Active
SENSOR_025,2026-01-23 19:05:09.938921,26.2,68.47,1028.29,224,0,24.5,-81,Idle
SENSOR_045,2026-01-24 01:45:09.938923,16.19,71.12,1011.97,995,0,92.9,-48,Active
SENSOR_009,2026-01-24 10:46:09.938925,31.22,78.61,1017.34,193,1,45.8,-81,Active
SENSOR_028,2026-01-24 12:10:09.938927,19.5,49.36,1029.72,195,1,54.1,-83,Sleep
SENSOR_045,2026-01-24 17:49:09.938929,21.56,45.48,1002.97,399,1,86.2,-86,Idle
SENSOR_028,2026-01-24 10:00:09.938931,31.3,31.53,1017.79,771,1,33.3,-68,Active
SENSOR_036,2026-01-24 10:31:09.938933,18.45,37.5,1024.75,56,0,88.0,-57,Sleep
SENSOR_009,2026-01-24 14:47:09.938935,27.12,58.1,1003.65,968,1,39.3,-31,Error
SENSOR_008,2026-01-23 20:55:09.938937,20.93,37.88,1027.61,624,0,67.1,-31,Active
SENSOR_029,2026-01-24 12:54:09.938939,17.79,66.82,998.91,212,1,74.9,-44,Active
SENSOR_008,2026-01-24 13:01:09.938941,20.08,31.86,1012.05,278,0,92.4,-59,Idle
SENSOR_040,2026-01-24 12:17:09.938943,24.83,42.97,1002.25,755,1,68.6,-75,Active
SENSOR_024,2026-01-24 01:41:09.938945,27.07,64.77,1019.96,379,0,56.3,-87,Active
SENSOR_023,2026-01-24 17:54:09.938947,23.13,42.78,1003.35,116,0,65.8,-37,Idle
SENSOR_013,2026-01-24 06:52:09.938949,14.01,66.44,1006.83,897,0,36.2,-31,Active
SENSOR_022,2026-01-24 15:15:09.938951,25.18,79.79,1004.21,450,0,75.1,-63,Active
SENSOR_028,2026-01-24 16:08:09.938953,21.29,69.85,1000.98,598,0,35.0,-43,Active
SENSOR_004,2026-01-24 13:14:09.938954,16.49,47.09,1005.33,409,1,64.6,-47,Active
SENSOR_016,2026-01-24 00:27:09.938956,23.73,75.03,1012.55,892,1,71.8,-31,Error
SENSOR_015,2026-01-24 02:54:09.938958,27.67,32.56,1012.0,366,0,91.9,-77,Active
SENSOR_006,2026-01-24 03:23:09.938960,22.03,66.25,1010.84,774,0,56.0,-79,Active
SENSOR_038,2026-01-23 19:13:09.938962,26.62,31.17,1006.33,995,0,82.0,-31,Error
SENSOR_001,2026-01-24 01:48:09.938964,24.31,38.73,1009.44,811,1,33.4,-70,Sleep
SENSOR_015,2026-01-24 06:45:09.938966,24.38,79.38,997.14,928,0,32.5,-43,Active
SENSOR_027,2026-01-24 07:35:09.938967,20.47,48.04,1006.01,112,0,62.0,-75,Sleep
SENSOR_048,2026-01-24 00:50:09.938969,26.09,71.02,1010.78,959,0,67.7,-37,Active
SENSOR_049,2026-01-24 13:54:09.938971,26.57,48.8,1015.94,163,0,70.6,-47,Active
SENSOR_035,2026-01-24 09:41:09.938973,25.96,72.0,1014.72,3,0,79.7,-89,Active
SENSOR_037,2026-01-23 22:47:09.938975,20.43,78.27,1000.72,629,0,43.6,-68,Active
SENSOR_003,2026-01-24 04:29:09.938977,26.93,51.78,1017.28,22,0,69.8,-35,Active
SENSOR_001,2026-01-24 05:02:09.938979,23.93,57.97,1014.22,920,0,35.1,-62,Active
SENSOR_047,2026-01-24 04:45:09.938980,17.14,61.43,1027.4,744,0,37.5,-45,Active
SENSOR_016,2026-01-24 01:43:09.938982,20.09,76.74,998.06,601,0,25.4,-48,Active
SENSOR_004,2026-01-24 05:47:09.938984,19.35,42.84,1011.64,987,0,79.8,-82,Active
SENSOR_005,2026-01-24 07:16:09.938986,12.06,60.56,1023.31,766,0,60.6,-37,Active
SENSOR_004,2026-01-24 00:05:09.938988,27.02,46.24,1010.04,91,0,39.1,-84,Active
SENSOR_009,2026-01-24 07:05:09.938990,37.51,40.85,1003.87,468,1,64.5,-62,Active
SENSOR_029,2026-01-23 23:48:09.938992,28.04,34.25,1004.84,969,0,48.3,-47,Active
SENSOR_012,2026-01-24 15:14:09.938993,22.81,61.04,1020.85,154,1,87.0,-74,Active
SENSOR_019,2026-01-23 21:15:09.938995,19.42,74.1,997.52,818,0,62.3,-82,Active
SENSOR_003,2026-01-24 10:36:09.938997,17.37,47.57,1009.67,626,0,22.4,-85,Active
SENSOR_021,2026-01-24 12:14:09.938999,22.75,57.63,1004.24,206,0,98.8,-47,Idle
SENSOR_023,2026-01-23 20:17:09.939001,26.84,62.11,1004.99,80,0,25.9,-71,Error
SENSOR_039,2026-01-24 08:26:09.939003,18.63,50.73,1017.42,614,0,75.7,-81,Idle
SENSOR_042,2026-01-24 13:02:09.939005,34.82,75.17,1009.05,482,1,55.0,-82,Active
SENSOR_016,2026-01-24 02:59:09.939007,15.08,48.14,1015.33,964,1,39.9,-79,Active
SENSOR_019,2026-01-23 22:47:09.939009,23.12,36.25,1000.58,591,0,74.1,-58,Active
SENSOR_009,2026-01-24 02:50:09.939011,22.35,37.2,1021.3,406,0,30.1,-59,Sleep
SENSOR_039,2026-01-24 01:11:09.939013,22.03,74.54,1015.13,102,0,88.7,-57,Active
SENSOR_026,2026-01-23 18:11:09.939015,19.16,79.4,1025.38,239,0,40.0,-72,Active
SENSOR_031,2026-01-24 09:21:09.939017,22.41,44.45,1008.93,264,1,48.9,-58,Active
SENSOR_043,2026-01-23 18:31:09.939018,19.75,37.18,1017.5,32,0,70.6,-43,Idle
SENSOR_008,2026-01-24 13:48:09.939020,28.44,54.11,1020.83,34,1,20.1,-75,Active
SENSOR_043,2026-01-23 22:52:09.939022,30.1,65.48,1017.3,248,0,57.8,-41,Active
SENSOR_005,2026-01-24 03:03:09.939024,20.06,60.62,1029.98,999,0,91.5,-41,Sleep
SENSOR_005,2026-01-23 19:39:09.939026,13.78,77.56,996.37,49,0,74.4,-68,Active
SENSOR_017,2026-01-24 06:01:09.939028,23.59,70.89,1014.75,279,0,51.0,-65,Active
SENSOR_035,2026-01-24 11:50:09.939030,23.41,73.45,1008.94,983,0,72.8,-46,Active
SENSOR_014,2026-01-24 17:03:09.939032,22.53,57.08,1008.22,753,0,94.9,-37,Active
SENSOR_032,2026-01-24 05:26:09.939033,24.66,46.36,1027.94,151,0,35.0,-47,Active
SENSOR_046,2026-01-24 02:00:09.939035,28.91,65.09,1006.8,658,0,62.5,-50,Active
SENSOR_048,2026-01-23 19:02:09.939037,26.16,51.95,1021.53,550,0,38.8,-54,Active
SENSOR_023,2026-01-24 06:06:09.939039,24.66,44.39,1002.46,700,0,88.3,-82,Idle
SENSOR_015,2026-01-24 03:26:09.939041,25.77,37.61,1023.2,536,1,77.7,-61,Active
SENSOR_029,2026-01-24 10:37:09.939043,23.26,56.39,1012.78,755,1,84.1,-78,Active
SENSOR_046,2026-01-23 20:51:09.939045,17.27,59.71,1010.17,734,0,95.4,-43,Active
SENSOR_020,2026-01-23 22:48:09.939047,29.25,58.44,997.63,229,0,38.6,-31,Idle
SENSOR_024,2026-01-24 11:23:09.939048,22.51,35.83,1010.19,664,0,23.9,-49,Active
SENSOR_050,2026-01-24 04:51:09.939051,17.27,58.5,1006.13,922,1,43.3,-75,Active
SENSOR_036,2026-01-24 05:08:09.939052,16.36,38.42,1030.48,287,0,51.9,-45,Active
SENSOR_019,2026-01-24 11:48:09.939054,17.41,63.19,1013.52,394,0,70.0,-34,Active
SENSOR_042,2026-01-24 17:33:09.939056,15.84,51.47,1007.04,452,0,83.8,-89,Active
SENSOR_016,2026-01-24 11:13:09.939058,25.34,72.44,1006.61,619,1,48.0,-60,Idle
SENSOR_034,2026-01-24 02:49:09.939060,21.12,68.91,999.4,32,0,57.9,-31,Active
SENSOR_018,2026-01-24 05:35:09.939062,25.88,66.22,1028.22,914,0,82.8,-34,Sleep
SENSOR_021,2026-01-23 23:57:09.939064,27.85,65.04,1025.56,362,0,38.0,-40,Active
SENSOR_045,2026-01-24 11:15:09.939066,26.55,58.02,1012.33,110,0,37.4,-48,Idle
SENSOR_035,2026-01-24 17:43:09.939067,25.17,33.06,1034.79,120,1,67.1,-72,Active
SENSOR_033,2026-01-23 21:54:09.939069,23.44,62.77,1012.87,15,0,54.9,-31,Active
SENSOR_007,2026-01-24 07:19:09.939071,21.05,53.35,1023.96,738,1,95.9,-80,Active
SENSOR_004,2026-01-24 06:42:09.939073,21.38,53.48,1018.66,522,0,48.6,-77,Active
SENSOR_023,2026-01-24 14:42:09.939075,24.92,48.95,1007.26,714,0,80.8,-44,Idle
SENSOR_027,2026-01-24 05:19:09.939077,17.19,76.45,1014.82,713,1,66.6,-66,Active
SENSOR_046,2026-01-24 09:15:09.939078,21.73,42.47,1016.73,97,0,24.4,-84,Active
SENSOR_040,2026-01-24 00:45:09.939080,18.29,45.83,999.96,115,0,26.8,-76,Active
SENSOR_032,2026-01-24 17:28:09.939082,27.86,78.15,1015.88,964,0,36.3,-61,Idle
SENSOR_018,2026-01-23 21:12:09.939084,25.59,70.51,1024.41,470,1,31.5,-32,Active
SENSOR_006,2026-01-24 08:35:09.939086,32.69,30.7,1006.08,438,0,46.3,-60,Idle
SENSOR_014,2026-01-24 16:46:09.939088,18.21,75.31,1010.9,280,1,66.3,-67,Idle
SENSOR_009,2026-01-23 19:49:09.939090,18.75,41.33,1001.9,348,0,68.2,-36,Idle
SENSOR_034,2026-01-24 08:31:09.939091,22.29,65.3,1008.17,231,1,67.0,-66,Active
SENSOR_015,2026-01-23 20:00:09.939093,18.37,57.65,1008.95,972,0,29.4,-83,Active
SENSOR_020,2026-01-24 01:34:09.939095,24.69,56.84,1028.78,110,0,68.0,-61,Active
SENSOR_048,2026-01-24 04:19:09.939097,21.75,65.9,1009.83,351,0,52.8,-55,Idle
SENSOR_036,2026-01-24 16:25:09.939099,19.56,40.36,1007.7,929,1,92.2,-41,Idle
SENSOR_014,2026-01-23 18:10:09.939101,27.44,37.95,1012.06,11,1,93.0,-77,Active
SENSOR_008,2026-01-24 09:16:09.939103,12.75,62.6,995.92,983,0,81.5,-62,Idle
SENSOR_024,2026-01-24 08:33:09.939105,24.71,44.53,989.41,487,0,76.2,-64,Active
SENSOR_047,2026-01-23 20:34:09.939107,19.24,78.7,999.18,532,0,29.2,-38,Active
SENSOR_010,2026-01-24 15:57:09.939109,26.08,52.58,1016.24,638,0,26.8,-41,Active
SENSOR_003,2026-01-23 22:23:09.939111,27.28,35.58,1012.97,284,0,87.3,-55,Error
SENSOR_016,2026-01-24 16:52:09.939113,10.62,64.29,1021.69,946,0,54.2,-31,Sleep
SENSOR_045,2026-01-24 01:50:09.939115,20.94,45.31,997.8,632,0,56.1,-57,Idle
SENSOR_029,2026-01-23 21:10:09.939117,22.29,37.43,1010.96,635,0,87.8,-70,Sleep
SENSOR_042,2026-01-23 20:20:09.939118,10.21,51.14,997.08,918,1,69.7,-53,Active
SENSOR_049,2026-01-24 02:24:09.939120,23.14,78.21,1015.67,544,0,34.4,-80,Sleep
SENSOR_030,2026-01-24 01:10:09.939122,19.36,50.57,999.22,391,0,36.9,-58,Active
SENSOR_008,2026-01-24 11:59:09.939124,15.97,47.37,1010.57,169,0,20.5,-76,Idle
SENSOR_002,2026-01-24 01:45:09.939126,18.75,52.23,1015.06,76,0,76.9,-79,Idle
SENSOR_032,2026-01-23 19:48:09.939128,17.88,30.61,1009.09,964,0,58.8,-67,Active
SENSOR_003,2026-01-23 23:17:09.939130,19.15,36.66,990.38,296,0,96.0,-41,Active
SENSOR_018,2026-01-24 14:22:09.939132,22.93,72.48,1029.62,329,0,77.1,-54,Active
SENSOR_018,2026-01-24 16:36:09.939134,26.91,78.9,1008.03,62,0,28.3,-80,Error
SENSOR_038,2026-01-24 05:18:09.939135,21.61,37.9,996.9,269,1,32.9,-35,Active
SENSOR_025,2026-01-24 16:55:09.939137,27.51,56.78,1020.61,215,0,60.1,-38,Active
SENSOR_020,2026-01-23 20:59:09.939139,16.77,78.32,1020.99,189,0,94.0,-72,Idle
SENSOR_006,2026-01-24 12:41:09.939141,22.76,37.83,1009.98,74,1,39.8,-37,Active
SENSOR_004,2026-01-24 11:52:09.939143,32.53,39.32,1028.36,685,0,86.0,-90,Active
SENSOR_018,2026-01-24 13:25:09.939145,14.05,76.34,1005.59,509,0,45.0,-74,Active
SENSOR_040,2026-01-24 15:05:09.939147,13.86,65.28,1014.76,578,0,41.6,-51,Active
SENSOR_025,2026-01-24 03:35:09.939149,28.4,37.6,1018.11,92,0,92.1,-36,Idle
SENSOR_032,2026-01-24 13:50:09.939150,23.1,49.67,1028.14,52,0,23.8,-75,Active
SENSOR_002,2026-01-24 16:00:09.939152,18.99,32.81,993.57,495,0,72.9,-65,Active
SENSOR_025,2026-01-24 02:46:09.939154,16.35,51.63,1035.92,947,1,23.5,-33,Active
SENSOR_025,2026-01-23 20:09:09.939156,21.82,68.9,1024.74,93,0,84.1,-48,Active
SENSOR_029,2026-01-24 15:47:09.939158,22.67,57.7,1017.49,624,0,86.4,-32,Sleep
SENSOR_003,2026-01-24 07:11:09.939160,22.69,62.37,1005.0,228,0,91.5,-40,Sleep
SENSOR_015,2026-01-24 14:35:09.939162,16.3,46.34,1004.16,249,0,34.9,-35,Active
SENSOR_014,2026-01-23 23:20:09.939164,20.32,38.07,1015.88,390,0,30.0,-48,Active
SENSOR_025,2026-01-24 08:26:09.939165,19.16,30.66,1017.94,720,1,60.3,-76,Active
SENSOR_012,2026-01-24 11:17:09.939167,25.23,71.07,1016.65,979,1,41.7,-83,Active
SENSOR_043,2026-01-23 19:33:09.939169,16.6,61.83,1014.6,181,0,68.5,-61,Active
SENSOR_028,2026-01-23 20:57:09.939171,22.38,41.47,1017.32,266,0,61.1,-77,Idle
SENSOR_035,2026-01-24 17:20:09.939173,35.17,50.92,991.14,280,1,31.6,-58,Active
SENSOR_004,2026-01-24 06:33:09.939175,16.26,70.07,1010.34,954,0,79.1,-49,Active
SENSOR_043,2026-01-23 18:58:09.939177,18.26,56.94,999.17,983,0,84.3,-84,Active
SENSOR_020,2026-01-24 07:06:09.939179,21.53,45.01,1012.59,961,0,97.0,-73,Active
SENSOR_003,2026-01-24 12:08:09.939181,7.29,43.36,1026.06,666,1,51.6,-79,Idle
SENSOR_035,2026-01-23 21:53:09.939183,14.87,40.88,1003.91,82,0,47.0,-89,Active
SENSOR_049,2026-01-24 05:24:09.939185,23.55,71.19,1005.91,185,1,35.4,-41,Active
SENSOR_023,2026-01-24 00:17:09.939187,21.12,59.09,1004.5,860,0,34.5,-62,Active
SENSOR_002,2026-01-24 17:25:09.939188,27.27,65.46,1005.84,996,0,45.7,-70,Sleep
SENSOR_039,2026-01-23 19:14:09.939190,20.81,73.01,1018.54,650,0,98.5,-84,Active
SENSOR_049,2026-01-24 04:09:09.939192,20.37,79.34,1020.87,566,0,27.4,-39,Sleep
SENSOR_022,2026-01-24 03:42:09.939194,18.49,42.47,1027.69,530,1,40.7,-64,Active
SENSOR_017,2026-01-23 19:07:09.939196,20.29,39.05,1002.95,347,0,26.9,-79,Sleep
SENSOR_049,2026-01-23 19:03:09.939198,15.94,53.1,1019.84,422,0,41.9,-71,Idle
SENSOR_038,2026-01-24 15:49:09.939200,21.26,31.75,1021.5,980,0,27.4,-34,Active
SENSOR_014,2026-01-24 15:41:09.939202,17.14,69.59,1029.53,857,0,60.7,-77,Idle
SENSOR_049,2026-01-24 11:19:09.939203,15.95,74.19,1003.7,981,0,55.1,-81,Active
SENSOR_002,2026-01-24 00:47:09.939205,18.8,64.3,992.96,453,0,33.9,-50,Active
SENSOR_022,2026-01-24 12:52:09.939207,24.26,43.4,1010.23,266,0,34.0,-68,Active
SENSOR_047,2026-01-24 08:48:09.939209,22.71,36.16,1041.09,506,1,70.1,-61,Active
SENSOR_040,2026-01-24 15:03:09.939212,25.34,49.11,1002.05,141,0,51.0,-44,Active
SENSOR_028,2026-01-24 12:01:09.939215,17.38,71.67,1017.87,315,1,24.5,-33,Idle
SENSOR_028,2026-01-24 02:46:09.939217,21.93,47.39,990.83,675,0,93.6,-60,Idle
SENSOR_047,2026-01-24 16:23:09.939219,30.51,31.71,1031.15,763,0,52.4,-39,Active
SENSOR_048,2026-01-24 08:30:09.939221,28.99,43.71,994.22,231,0,67.3,-35,Idle
SENSOR_049,2026-01-23 21:08:09.939222,15.63,79.5,989.09,296,1,90.8,-81,Active
SENSOR_004,2026-01-24 11:08:09.939224,16.96,63.83,1013.99,897,0,52.2,-72,Active
SENSOR_007,2026-01-23 18:24:09.939226,30.49,75.04,1014.18,952,1,85.7,-72,Sleep
SENSOR_036,2026-01-24 00:39:09.939228,24.26,68.74,1027.19,874,0,93.2,-47,Active
SENSOR_025,2026-01-24 03:56:09.939230,21.05,56.99,1021.49,571,0,33.9,-68,Active
SENSOR_047,2026-01-24 12:00:09.939232,20.49,37.43,992.99,915,0,91.4,-32,Idle
SENSOR_044,2026-01-23 20:13:09.939234,23.14,47.43,1011.48,21,0,29.6,-47,Active
SENSOR_019,2026-01-24 17:48:09.939235,23.2,59.19,1006.03,383,0,42.0,-50,Active
SENSOR_035,2026-01-24 07:17:09.939238,19.33,73.53,999.65,125,1,84.7,-32,Active
SENSOR_030,2026-01-24 08:34:09.939239,21.18,43.43,1017.34,102,1,92.1,-59,Active
SENSOR_028,2026-01-23 22:46:09.939241,19.16,36.06,1023.43,899,1,74.7,-71,Error
SENSOR_037,2026-01-24 05:56:09.939243,22.84,57.94,1004.95,951,1,28.4,-87,Active
SENSOR_047,2026-01-24 13:53:09.939245,18.31,38.83,1009.67,732,1,61.8,-58,Active
SENSOR_037,2026-01-24 06:15:09.939247,15.66,60.52,1010.34,109,1,65.8,-43,Active
SENSOR_050,2026-01-24 02:00:09.939249,29.38,43.18,1006.39,569,0,42.5,-90,Active
SENSOR_034,2026-01-23 22:31:09.939251,21.65,41.55,1008.73,471,0,99.3,-78,Active
SENSOR_017,2026-01-23 18:08:09.939252,30.49,49.96,1006.38,64,0,46.9,-88,Active
SENSOR_011,2026-01-24 14:58:09.939254,12.34,59.66,1014.25,471,0,36.8,-79,Active
SENSOR_025,2026-01-23 22:35:09.939256,14.75,57.27,1007.14,569,1,28.8,-62,Active
SENSOR_030,2026-01-24 02:06:09.939258,24.33,42.24,1017.27,669,0,50.3,-36,Active
SENSOR_048,2026-01-24 14:54:09.939260,21.66,74.56,1007.1,75,0,75.4,-60,Idle
SENSOR_016,2026-01-24 13:56:09.939262,16.21,35.49,1019.47,18,0,38.5,-50,Sleep
SENSOR_009,2026-01-24 14:49:09.939264,27.68,31.97,1006.88,383,0,81.6,-55,Sleep
SENSOR_001,2026-01-24 11:41:09.939266,17.65,60.14,1019.06,996,0,30.8,-89,Active
SENSOR_018,2026-01-24 14:58:09.939267,27.99,36.17,1004.51,189,0,55.2,-69,Active
SENSOR_044,2026-01-24 11:34:09.939269,21.65,55.24,1021.85,761,0,76.2,-69,Idle
SENSOR_018,2026-01-24 07:04:09.939271,16.65,77.59,995.22,359,0,30.8,-50,Active
SENSOR_006,2026-01-23 21:44:09.939273,18.66,64.93,1012.94,874,0,67.8,-60,Active
SENSOR_016,2026-01-23 20:31:09.939275,28.86,60.87,1007.33,885,0,83.9,-39,Idle
SENSOR_050,2026-01-24 17:13:09.939277,20.51,58.74,1012.54,451,0,67.6,-35,Idle
SENSOR_035,2026-01-24 12:08:09.939279,26.86,38.98,1001.14,78,0,60.9,-46,Error
SENSOR_019,2026-01-24 17:33:09.939280,29.0,51.63,1011.05,595,0,87.1,-77,Idle
SENSOR_022,2026-01-24 10:29:09.939282,21.6,47.13,1001.91,171,1,98.8,-62,Active
SENSOR_037,2026-01-23 20:08:09.939284,20.88,77.65,1010.62,211,0,34.5,-56,Active
SENSOR_026,2026-01-24 05:07:09.939286,19.98,42.12,1009.69,885,1,75.3,-41,Sleep
SENSOR_003,2026-01-24 02:12:09.939288,23.76,53.58,1016.3,444,1,26.5,-82,Active
SENSOR_040,2026-01-24 15:08:09.939290,29.53,76.9,1013.66,148,1,23.4,-44,Sleep
SENSOR_018,2026-01-24 09:29:09.939292,15.86,69.46,1031.78,9,0,42.5,-37,Active
SENSOR_024,2026-01-24 07:24:09.939294,23.1,78.23,1007.9,541,0,97.7,-59,Active
SENSOR_018,2026-01-23 18:40:09.939295,22.88,60.42,1011.67,791,0,64.2,-32,Idle
SENSOR_043,2026-01-23 19:59:09.939297,12.98,46.69,1044.84,943,0,41.5,-35,Active
SENSOR_017,2026-01-24 11:23:09.939299,17.56,71.33,1010.76,54,1,30.6,-64,Idle
SENSOR_042,2026-01-24 13:23:09.939301,18.59,44.57,1022.53,871,0,93.6,-81,Active
SENSOR_050,2026-01-24 07:19:09.939303,25.82,38.24,1018.77,638,1,49.0,-66,Sleep
SENSOR_039,2026-01-24 16:05:09.939305,26.69,65.31,1036.35,179,1,44.5,-42,Active
SENSOR_001,2026-01-24 04:58:09.939307,12.62,61.95,998.69,743,0,88.6,-46,Active
SENSOR_008,2026-01-24 08:07:09.939309,25.2,73.95,997.55,380,0,68.4,-58,Active
SENSOR_020,2026-01-24 11:50:09.939311,24.55,78.1,1001.82,421,0,33.5,-80,Active
SENSOR_037,2026-01-24 08:23:09.939313,24.89,72.86,1014.73,450,0,53.7,-54,Idle
SENSOR_043,2026-01-24 13:07:09.939315,22.76,33.0,1002.97,92,0,94.3,-82,Active
SENSOR_021,2026-01-23 22:37:09.939316,26.75,63.23,991.67,519,1,92.1,-84,Active
SENSOR_017,2026-01-24 07:08:09.939318,27.86,69.24,1003.76,412,0,25.6,-84,Active
SENSOR_012,2026-01-24 03:47:09.939320,13.83,79.1,1016.69,758,0,41.5,-57,Active
SENSOR_029,2026-01-24 10:12:09.939322,21.76,48.73,1003.96,393,0,32.4,-72,Active
SENSOR_030,2026-01-24 11:29:09.939324,20.73,38.49,1024.42,964,0,62.7,-71,Active
SENSOR_002,2026-01-24 08:36:09.939326,19.14,72.65,1001.75,330,0,80.0,-41,Active
SENSOR_029,2026-01-24 11:06:09.939328,19.73,45.87,1013.14,707,0,43.6,-49,Sleep
SENSOR_001,2026-01-24 11:52:09.939330,22.93,59.91,1009.09,432,0,80.6,-66,Active
SENSOR_030,2026-01-24 07:50:09.939331,15.52,49.49,1014.88,953,0,73.5,-86,Error
SENSOR_003,2026-01-24 09:03:09.939333,25.35,50.12,1015.89,162,0,78.3,-43,Active
SENSOR_023,2026-01-23 18:06:09.939335,20.15,66.62,1028.85,945,0,95.9,-62,Active
SENSOR_031,2026-01-24 02:54:09.939337,26.37,48.07,1019.9,39,1,54.0,-36,Active
SENSOR_041,2026-01-24 08:53:09.939339,18.9,64.65,1008.79,765,0,47.4,-64,Active
SENSOR_036,2026-01-24 14:45:09.939341,18.63,30.72,1019.13,907,0,74.7,-66,Active
SENSOR_014,2026-01-24 01:11:09.939343,17.27,46.23,1020.5,84,0,84.6,-54,Sleep
SENSOR_027,2026-01-24 05:47:09.939344,18.93,45.95,1033.45,783,0,35.3,-76,Active
SENSOR_004,2026-01-23 22:09:09.939346,17.99,67.44,1011.43,589,1,87.7,-37,Idle
SENSOR_038,2026-01-24 05:30:09.939348,24.17,45.73,1012.17,724,1,24.6,-43,Active
SENSOR_006,2026-01-24 06:00:09.939350,27.24,61.67,1026.12,815,0,20.5,-87,Active
SENSOR_018,2026-01-23 20:00:09.939352,23.94,64.43,993.01,766,1,32.7,-77,Active
SENSOR_040,2026-01-24 00:03:09.939354,21.61,62.92,1010.95,90,1,98.3,-35,Sleep
SENSOR_036,2026-01-24 02:34:09.939356,24.43,60.16,1019.94,483,0,61.9,-42,Active
SENSOR_021,2026-01-23 20:22:09.939357,21.82,50.68,1023.47,384,1,23.7,-74,Sleep
SENSOR_005,2026-01-23 18:27:09.939359,22.14,48.67,990.91,192,0,99.8,-70,Active
SENSOR_029,2026-01-24 12:05:09.939361,20.47,58.23,999.62,252,0,79.6,-75,Active
SENSOR_012,2026-01-24 16:39:09.939363,26.18,33.19,988.07,789,1,87.0,-65,Active
SENSOR_017,2026-01-23 21:56:09.939365,9.17,73.79,1021.73,654,0,37.0,-82,Idle
SENSOR_050,2026-01-24 04:45:09.939367,11.34,71.27,1015.04,243,1,28.4,-89,Idle
SENSOR_018,2026-01-24 12:36:09.939369,27.14,47.32,1027.19,723,0,61.2,-48,Active
SENSOR_017,2026-01-23 23:33:09.939371,21.02,58.34,1013.29,706,1,81.8,-76,Sleep
SENSOR_032,2026-01-23 22:30:09.939372,26.59,76.61,1035.41,269,0,71.0,-56,Active
SENSOR_009,2026-01-24 10:43:09.939374,18.96,43.58,1003.57,840,0,70.5,-67,Sleep
SENSOR_015,2026-01-23 17:56:09.939376,30.37,67.12,1009.33,18,0,80.6,-43,Idle
SENSOR_041,2026-01-24 03:06:09.939378,21.32,34.14,1017.13,39,1,38.2,-38,Idle
SENSOR_012,2026-01-24 06:04:09.939380,24.25,56.17,1005.87,609,0,72.9,-40,Idle
SENSOR_010,2026-01-23 19:51:09.939382,19.76,74.2,1017.17,515,0,51.4,-37,Active
SENSOR_040,2026-01-23 18:38:09.939384,17.51,57.59,1011.89,32,0,25.6,-53,Active
SENSOR_042,2026-01-24 08:03:09.939386,13.3,60.81,1011.31,810,0,36.2,-77,Active
SENSOR_004,2026-01-24 10:50:09.939387,25.93,75.38,1011.75,676,1,83.5,-54,Active
SENSOR_015,2026-01-24 06:14:09.939389,23.98,65.77,1020.05,449,0,91.7,-54,Active
SENSOR_008,2026-01-23 18:02:09.939391,22.47,64.79,1009.57,538,0,42.6,-85,Active
SENSOR_042,2026-01-24 00:43:09.939393,16.31,59.32,1001.8,684,0,35.2,-73,Active
SENSOR_003,2026-01-23 23:05:09.939395,29.08,61.65,1013.67,848,0,22.1,-69,Active
SENSOR_012,2026-01-24 08:44:09.939397,22.53,70.19,1006.66,624,0,95.8,-73,Active
SENSOR_044,2026-01-24 14:49:09.939399,25.51,78.96,1003.01,945,1,74.7,-40,Active
SENSOR_033,2026-01-24 00:23:09.939401,21.99,69.77,995.69,884,1,96.6,-89,Sleep
SENSOR_029,2026-01-24 10:43:09.939403,16.55,65.38,1022.31,891,0,89.1,-59,Active
SENSOR_038,2026-01-24 09:06:09.939405,26.96,36.78,1019.62,606,0,47.2,-74,Idle
SENSOR_021,2026-01-24 10:28:09.939406,24.25,70.85,1027.07,318,1,29.0,-31,Active
SENSOR_003,2026-01-24 01:57:09.939408,21.09,66.8,1013.03,744,0,59.9,-90,Active
SENSOR_036,2026-01-24 09:00:09.939410,24.17,68.52,1023.79,645,0,22.1,-82,Active
SENSOR_046,2026-01-24 16:50:09.939412,26.09,41.55,1003.56,123,0,32.0,-78,Active
SENSOR_015,2026-01-24 13:58:09.939414,25.3,75.17,993.92,371,0,38.7,-55,Active
SENSOR_004,2026-01-24 00:16:09.939416,13.44,34.86,1005.48,350,0,73.3,-54,Active
SENSOR_046,2026-01-23 19:26:09.939417,14.55,42.68,1010.94,322,1,60.8,-33,Active
SENSOR_017,2026-01-23 20:22:09.939419,25.66,63.15,1016.6,487,0,44.2,-61,Active
SENSOR_017,2026-01-24 11:33:09.939421,18.52,63.69,1025.81,450,1,65.2,-60,Sleep
SENSOR_002,2026-01-24 01:41:09.939423,16.76,45.67,1016.22,352,0,30.0,-68,Active
SENSOR_044,2026-01-24 13:08:09.939425,23.86,65.08,1035.57,115,0,80.5,-41,Active
SENSOR_023,2026-01-24 01:58:09.939427,16.61,49.4,1014.2,954,0,77.0,-63,Active
SENSOR_035,2026-01-23 21:53:09.939428,19.6,30.01,1014.01,12,1,37.3,-32,Active
SENSOR_046,2026-01-24 06:53:09.939430,26.26,38.13,1016.38,916,0,68.5,-81,Error
SENSOR_003,2026-01-24 05:12:09.939432,14.43,74.13,1016.79,319,0,60.3,-66,Active
SENSOR_039,2026-01-23 22:40:09.939434,15.16,41.13,1016.65,164,1,24.9,-31,Active
SENSOR_016,2026-01-24 05:01:09.939436,13.95,35.65,1000.68,719,1,42.3,-55,Active
SENSOR_023,2026-01-23 19:26:09.939438,17.69,64.11,1021.52,84,1,100.0,-65,Active
SENSOR_007,2026-01-23 21:49:09.939467,22.41,52.04,1038.06,247,0,28.0,-65,Active
SENSOR_005,2026-01-24 16:45:09.939471,18.91,69.83,1004.17,431,1,60.5,-46,Sleep
SENSOR_033,2026-01-24 06:54:09.939473,29.52,73.07,1012.59,567,0,87.9,-78,Active
SENSOR_029,2026-01-23 17:58:09.939475,24.28,72.3,999.27,683,1,44.1,-74,Active
SENSOR_008,2026-01-24 14:20:09.939477,21.91,45.65,1020.52,652,1,40.9,-51,Active
SENSOR_033,2026-01-23 20:25:09.939479,28.34,55.28,1020.51,643,1,91.3,-87,Active
SENSOR_005,2026-01-24 05:40:09.939481,15.35,62.51,997.96,478,1,44.4,-68,Active
SENSOR_016,2026-01-24 17:38:09.939483,26.33,46.1,999.88,712,0,72.1,-56,Active
SENSOR_014,2026-01-24 12:29:09.939485,20.82,32.05,992.18,367,1,79.2,-80,Active
SENSOR_021,2026-01-24 03:31:09.939487,19.72,54.78,1028.7,800,0,83.1,-79,Active
SENSOR_037,2026-01-24 01:41:09.939489,25.06,30.64,1004.61,932,1,99.6,-82,Active
SENSOR_024,2026-01-24 06:29:09.939490,19.94,77.53,1011.66,820,1,84.3,-76,Active
SENSOR_044,2026-01-24 06:25:09.939492,22.91,69.83,1009.33,356,0,72.6,-46,Active
SENSOR_027,2026-01-23 19:48:09.939494,21.5,39.6,1022.88,407,0,91.6,-54,Active
SENSOR_005,2026-01-24 14:29:09.939496,23.53,44.38,1019.6,344,1,92.5,-86,Active
SENSOR_042,2026-01-24 11:31:09.939498,19.46,79.14,1019.07,178,0,97.9,-72,Active
SENSOR_028,2026-01-24 05:41:09.939500,26.63,48.68,1004.88,424,0,82.1,-80,Sleep
SENSOR_019,2026-01-24 07:27:09.939502,11.78,69.19,1019.81,540,0,35.6,-82,Sleep
SENSOR_010,2026-01-24 12:21:09.939504,25.2,52.34,1022.28,442,0,76.8,-56,Error
SENSOR_002,2026-01-24 01:58:09.939506,12.54,73.2,1019.52,935,0,26.0,-41,Error
SENSOR_021,2026-01-23 23:15:09.939508,18.23,65.19,1000.11,818,0,45.4,-64,Idle
SENSOR_039,2026-01-24 11:33:09.939510,24.61,31.15,1001.7,305,0,29.3,-78,Error
SENSOR_024,2026-01-24 17:10:09.939511,11.93,44.72,1030.37,366,1,96.0,-34,Sleep
SENSOR_022,2026-01-24 02:55:09.939513,22.83,57.9,1032.44,35,0,47.1,-31,Idle
SENSOR_027,2026-01-23 20:52:09.939515,15.14,76.31,1012.3,462,0,77.1,-79,Active
SENSOR_042,2026-01-24 02:20:09.939517,17.15,35.1,1012.29,620,0,65.7,-82,Active
SENSOR_024,2026-01-23 21:39:09.939519,16.92,60.06,1014.57,827,0,28.6,-49,Idle
SENSOR_031,2026-01-23 22:15:09.939521,15.28,45.11,1018.79,145,0,64.9,-63,Active
SENSOR_019,2026-01-23 18:12:09.939522,13.35,74.47,998.57,787,1,72.9,-78,Idle
SENSOR_040,2026-01-24 03:04:09.939524,32.36,68.26,1015.3,900,0,90.5,-71,Active
SENSOR_002,2026-01-24 04:17:09.939526,21.09,48.49,1002.69,145,0,25.6,-39,Active
SENSOR_011,2026-01-24 01:45:09.939528,15.81,38.36,1012.8,379,1,43.7,-78,Idle
SENSOR_024,2026-01-24 09:36:09.939530,19.19,30.57,1004.16,167,0,75.4,-64,Sleep
SENSOR_003,2026-01-24 09:17:09.939532,22.18,61.06,1006.52,768,0,22.7,-65,Active
SENSOR_019,2026-01-24 05:10:09.939534,20.11,50.31,1014.82,274,1,36.3,-62,Sleep
SENSOR_010,2026-01-23 21:24:09.939536,15.67,45.74,1006.83,86,0,37.5,-62,Idle
SENSOR_038,2026-01-24 06:23:09.939538,17.5,79.28,1002.01,153,1,73.5,-69,Active
SENSOR_002,2026-01-24 01:26:09.939539,27.93,53.31,1027.54,496,0,42.9,-82,Active
SENSOR_007,2026-01-23 18:45:09.939541,14.99,67.49,1002.15,796,0,68.0,-67,Active
SENSOR_039,2026-01-24 04:13:09.939543,12.02,38.87,989.9,314,1,97.2,-49,Active
SENSOR_014,2026-01-24 07:40:09.939545,20.06,30.67,1018.69,830,0,83.5,-72,Active
SENSOR_021,2026-01-24 16:32:09.939547,12.34,50.88,1010.1,609,0,46.6,-53,Active
SENSOR_033,2026-01-24 09:55:09.939549,17.45,63.28,1012.71,722,1,57.8,-60,Active
SENSOR_046,2026-01-24 00:36:09.939551,15.74,55.33,1014.58,957,0,36.1,-52,Idle
SENSOR_050,2026-01-24 14:14:09.939553,15.78,74.52,1025.71,559,1,21.3,-76,Active
SENSOR_048,2026-01-24 03:32:09.939555,22.35,51.7,1031.64,829,1,43.2,-37,Active
SENSOR_033,2026-01-24 03:22:09.939557,23.29,45.55,1015.53,273,0,49.6,-59,Active
SENSOR_038,2026-01-24 08:43:09.939558,17.97,75.8,1001.24,705,0,65.1,-40,Idle
SENSOR_046,2026-01-23 22:12:09.939560,21.53,50.34,1014.46,763,0,95.5,-45,Sleep
SENSOR_023,2026-01-24 04:14:09.939562,17.72,43.48,1018.89,794,1,95.8,-43,Active
SENSOR_014,2026-01-23 21:40:09.939564,24.0,34.88,1023.04,261,0,25.6,-45,Sleep
SENSOR_025,2026-01-24 16:56:09.939566,14.61,69.67,1014.37,486,0,69.2,-62,Idle
SENSOR_038,2026-01-24 12:19:09.939568,22.83,71.25,1007.39,453,0,23.4,-34,Idle
SENSOR_003,2026-01-24 00:26:09.939570,23.21,31.66,1003.93,442,0,71.8,-39,Idle
SENSOR_043,2026-01-24 12:14:09.939571,33.68,47.93,1011.83,261,0,29.4,-57,Active
SENSOR_047,2026-01-24 07:39:09.939573,13.23,67.49,997.99,542,1,95.7,-82,Active
SENSOR_010,2026-01-23 21:32:09.939575,35.28,77.32,1016.94,104,0,89.1,-56,Active
SENSOR_025,2026-01-23 18:06:09.939577,25.78,48.89,1014.77,999,0,21.8,-85,Active
SENSOR_049,2026-01-24 00:01:09.939579,31.14,73.6,1014.72,349,1,82.6,-54,Active
SENSOR_042,2026-01-24 11:08:09.939581,26.53,49.69,1020.18,823,0,70.9,-77,Sleep
SENSOR_006,2026-01-23 22:31:09.939583,17.28,38.97,1027.51,437,1,59.6,-44,Active
SENSOR_005,2026-01-24 13:09:09.939585,25.29,30.17,1012.3,980,0,68.2,-41,Error
SENSOR_015,2026-01-24 13:28:09.939587,18.67,46.51,1013.77,168,0,74.3,-42,Active
SENSOR_037,2026-01-23 19:16:09.939588,21.56,48.92,1009.3,747,1,90.8,-82,Active
SENSOR_033,2026-01-24 06:32:09.939590,16.13,77.26,1018.52,785,0,81.4,-72,Active
SENSOR_037,2026-01-24 16:04:09.939592,18.61,40.3,1012.92,342,0,66.0,-68,Active
SENSOR_041,2026-01-24 14:49:09.939594,26.48,49.11,1024.55,229,0,86.0,-34,Error
SENSOR_036,2026-01-24 07:21:09.939596,24.19,31.26,1024.34,22,1,99.0,-50,Idle
SENSOR_047,2026-01-24 13:05:09.939598,27.12,68.18,1016.16,987,1,44.0,-63,Active
SENSOR_027,2026-01-24 06:06:09.939600,15.01,75.76,1012.2,675,0,29.5,-75,Sleep
SENSOR_035,2026-01-24 02:15:09.939602,12.65,41.89,1010.27,280,1,78.5,-65,Idle
SENSOR_047,2026-01-24 04:24:09.939604,27.51,51.45,1017.8,518,0,98.3,-53,Active
SENSOR_008,2026-01-24 12:16:09.939606,27.14,36.11,1017.83,721,0,29.3,-51,Active
SENSOR_034,2026-01-24 02:11:09.939607,23.06,52.84,1010.26,252,1,54.5,-66,Active
SENSOR_004,2026-01-24 17:53:09.939609,24.1,36.67,1015.88,403,1,25.0,-56,Active
SENSOR_039,2026-01-23 19:26:09.939611,26.33,56.17,1005.26,132,0,82.1,-37,Idle
SENSOR_031,2026-01-24 12:52:09.939613,22.91,66.73,1017.51,273,0,95.9,-86,Active
SENSOR_043,2026-01-24 11:04:09.939615,24.68,57.67,1006.1,617,0,59.9,-84,Active
SENSOR_034,2026-01-24 12:02:09.939617,26.07,42.26,1020.72,231,1,52.8,-68,Active
SENSOR_034,2026-01-24 07:37:09.939619,21.53,47.69,1009.83,544,1,92.6,-66,Error
SENSOR_029,2026-01-24 07:25:09.939621,20.27,61.93,1029.74,78,0,30.7,-90,Idle
SENSOR_021,2026-01-24 15:10:09.939622,23.91,59.49,1013.39,34,1,91.3,-69,Active
SENSOR_018,2026-01-24 11:36:09.939624,33.32,36.84,1015.38,494,1,51.4,-38,Active
SENSOR_013,2026-01-24 09:51:09.939626,17.76,72.25,999.01,109,1,64.8,-87,Active
SENSOR_037,2026-01-24 10:58:09.939628,19.85,53.76,1027.07,320,0,62.3,-33,Idle
SENSOR_019,2026-01-24 03:00:09.939630,13.22,38.12,1012.62,574,0,69.3,-63,Active
SENSOR_016,2026-01-24 14:50:09.939632,24.17,36.14,1030.4,980,0,95.4,-43,Idle
SENSOR_022,2026-01-24 09:33:09.939634,19.35,78.28,1013.48,327,0,96.1,-32,Sleep
SENSOR_016,2026-01-24 12:39:09.939636,15.0,44.08,1010.86,966,1,86.5,-77,Active
SENSOR_050,2026-01-23 18:32:09.939637,21.68,75.43,1007.89,808,1,35.3,-58,Active
SENSOR_024,2026-01-23 22:57:09.939639,29.47,50.53,1019.42,689,0,46.7,-87,Active
SENSOR_015,2026-01-24 05:08:09.939641,20.24,49.3,1018.21,383,1,59.0,-49,Active
SENSOR_030,2026-01-24 17:44:09.939643,20.7,65.05,999.66,363,0,92.4,-80,Active
SENSOR_021,2026-01-24 01:37:09.939645,29.28,30.49,1007.31,231,0,61.7,-52,Active
SENSOR_048,2026-01-24 12:28:09.939647,21.97,46.9,1020.22,615,0,98.2,-59,Active
SENSOR_008,2026-01-24 06:09:09.939649,15.96,45.13,1006.56,413,0,98.7,-87,Active
SENSOR_045,2026-01-24 14:30:09.939651,25.44,73.4,1004.83,293,0,67.9,-90,Sleep
