node_id,peer_count,latency_ms,bandwidth_mbps,block_propagation_time,transactions_per_second,mempool_size,sync_status,uptime_hours,geographic_region
node_0006,7,185.08,40.77,2.06,870.41,2381,syncing,379,EU
node_0045,16,329.08,19.72,5.54,169.78,2452,synced,407,US-East
node_0035,16,460.0,46.79,9.86,225.97,4146,syncing,148,US-West
node_0036,23,425.0,67.35,8.02,632.1,2398,synced,620,US-East
node_0005,16,188.4,2.97,5.4,793.67,2914,synced,90,Asia
node_0012,15,144.06,53.47,4.31,120.46,113,synced,523,Oceania
node_0020,16,10.62,75.81,1.37,54.3,1556,syncing,658,US-East
node_0041,20,303.34,5.5,3.58,748.59,2200,synced,183,US-East
node_0015,9,332.07,27.39,2.12,984.6,2744,syncing,355,US-West
node_0008,15,443.25,49.18,6.57,143.61,2626,synced,109,Asia
node_0045,2,312.25,36.84,7.33,979.77,115,synced,560,EU
node_0030,25,179.65,81.6,4.29,794.9,862,syncing,139,US-West
node_0046,25,68.56,60.5,0.66,207.14,3088,synced,119,US-East
node_0008,19,405.35,28.4,2.96,884.14,1517,synced,226,EU
node_0021,8,215.8,51.08,2.45,626.01,2515,synced,713,US-West
node_0016,16,50.76,2.28,4.56,695.83,4500,syncing,613,EU
node_0005,6,231.18,2.33,4.12,196.67,230,synced,376,Asia
node_0007,4,466.19,14.05,5.48,152.89,2679,syncing,494,Oceania
node_0033,6,296.66,48.25,8.04,678.02,3959,synced,517,Oceania
node_0041,5,130.25,54.84,3.4,259.23,4198,synced,566,EU
node_0017,13,433.92,22.83,2.1,857.8,3196,synced,277,EU
node_0046,13,116.08,13.3,7.87,52.83,1614,syncing,283,US-West
node_0023,14,359.62,66.85,1.94,203.37,4078,synced,17,EU
node_0031,13,167.6,33.35,6.84,308.88,3944,synced,586,Oceania
node_0017,7,178.08,90.02,1.71,553.02,78,syncing,630,US-East
node_0017,6,103.54,18.23,3.77,979.1,3090,syncing,379,Oceania
node_0019,14,302.76,64.42,1.47,52.35,4300,syncing,310,EU
node_0035,25,452.34,66.72,7.61,175.69,457,syncing,272,EU
node_0020,10,61.82,63.44,1.98,844.37,3815,synced,363,US-West
node_0024,15,107.2,54.48,9.96,233.43,4626,syncing,523,Asia
node_0036,8,301.84,18.33,3.88,657.7,4981,syncing,468,US-West
node_0042,24,207.61,26.33,4.68,908.71,335,synced,489,EU
node_0042,6,179.32,21.14,1.09,737.5,659,synced,8,Asia
node_0031,24,14.28,75.19,6.19,803.77,1466,synced,624,US-East
node_0001,8,12.8,69.27,6.71,84.17,2141,synced,221,EU
node_0039,22,89.11,14.03,9.76,720.36,3075,synced,494,Asia
node_0046,8,332.72,19.02,4.86,576.6,2625,syncing,325,Asia
node_0000,14,242.45,12.04,5.97,156.42,3758,synced,70,EU
node_0028,25,438.57,47.44,0.98,702.82,62,synced,476,US-East
node_0047,15,54.72,82.92,8.64,583.89,3706,syncing,327,Oceania
node_0004,24,397.81,61.63,9.63,805.37,3404,syncing,99,EU
node_0042,23,129.41,83.7,7.47,781.33,1328,synced,238,US-East
node_0002,6,450.86,63.72,4.03,150.89,4062,synced,566,Asia
node_0040,13,292.55,90.09,9.97,473.69,1122,synced,258,Oceania
node_0007,18,199.1,21.79,4.5,965.59,3840,synced,40,EU
node_0040,22,392.37,81.55,9.03,393.35,812,syncing,245,EU
node_0038,2,294.05,5.86,5.59,191.56,2686,synced,480,US-East
node_0034,25,364.15,1.98,3.37,448.38,167,synced,54,US-West
node_0034,9,249.32,55.36,2.91,230.68,758,synced,629,US-East
node_0048,8,390.68,68.04,5.48,498.88,1351,synced,592,Oceania
node_0032,15,454.55,65.23,9.05,742.03,3249,synced,48,US-West
node_0016,3,446.93,59.46,4.94,637.63,1046,syncing,288,Asia
node_0006,6,168.14,28.85,5.07,949.77,889,synced,42,EU
node_0043,11,72.81,18.82,4.18,818.54,2207,synced,342,Asia
node_0027,22,81.27,61.07,1.21,65.37,4504,syncing,275,EU
node_0044,5,338.69,11.89,1.92,893.33,4744,syncing,217,US-West
node_0030,13,349.3,42.46,2.11,426.05,1492,syncing,535,Asia
node_0024,9,32.28,78.18,4.28,85.68,4752,syncing,603,Asia
node_0026,3,434.76,72.77,3.01,412.44,734,syncing,622,EU
node_0000,17,230.67,80.87,6.9,584.12,3120,synced,565,EU
node_0049,19,297.46,79.54,5.69,215.06,3344,syncing,188,Oceania
node_0046,17,106.09,51.08,0.56,505.14,4518,syncing,260,Oceania
node_0018,16,394.57,86.98,4.01,180.67,4009,syncing,169,Oceania
node_0002,1,400.57,20.65,7.73,118.55,2556,synced,55,US-East
node_0041,20,95.71,22.93,1.08,318.08,1899,synced,215,US-East
node_0031,25,490.64,82.35,2.46,90.07,3356,synced,138,Asia
node_0020,21,394.87,88.44,8.1,84.41,2308,synced,537,US-East
node_0047,13,146.98,54.87,1.77,10.31,1960,syncing,96,Asia
node_0032,13,40.83,69.57,1.49,47.2,2092,syncing,42,Oceania
node_0014,15,196.79,25.24,6.62,652.74,4037,syncing,295,EU
node_0034,20,48.05,41.29,0.84,663.17,152,synced,586,EU
node_0015,9,198.88,57.64,8.26,275.68,2850,syncing,502,US-West
node_0011,9,76.19,10.91,9.74,58.9,2560,synced,415,US-West
node_0025,25,355.62,50.0,1.08,50.99,4451,syncing,642,Oceania
node_0049,9,81.91,21.28,1.6,863.43,4353,synced,330,EU
node_0029,12,328.97,27.64,1.76,901.69,1251,syncing,459,Asia
node_0046,14,220.4,14.77,7.02,101.97,1347,synced,352,Asia
node_0047,11,396.06,15.22,1.1,24.01,1139,syncing,52,US-East
node_0008,13,357.44,59.45,9.81,596.57,893,syncing,660,Oceania
node_0014,20,23.59,15.39,1.65,295.54,3846,synced,134,Oceania
node_0049,17,383.32,61.19,4.74,787.56,2258,syncing,440,US-West
node_0015,5,453.79,25.35,9.67,220.74,2794,synced,568,Oceania
node_0027,7,16.79,82.41,9.72,180.72,1375,syncing,416,Oceania
node_0037,10,243.0,36.77,2.42,459.95,3804,synced,618,Oceania
node_0033,14,378.21,54.62,0.66,179.26,3591,synced,560,Asia
node_0042,5,281.0,31.76,2.08,989.9,2212,syncing,412,Asia
node_0001,24,369.14,59.6,3.69,943.62,1943,synced,570,Asia
node_0019,21,29.24,36.57,9.05,322.94,4709,synced,503,Oceania
node_0041,7,495.41,86.51,4.07,658.32,2781,synced,626,US-East
node_0003,9,184.47,29.42,4.54,390.39,1864,synced,61,EU
node_0027,23,400.55,29.18,3.31,100.33,3715,syncing,284,EU
node_0012,7,331.31,87.77,4.41,55.8,3193,synced,488,US-East
node_0027,24,397.19,62.76,4.19,740.87,529,syncing,127,US-West
node_0026,8,131.14,34.6,9.85,288.21,932,synced,418,US-East
node_0028,17,50.82,54.63,3.0,812.68,3923,syncing,663,EU
node_0012,18,216.47,35.87,0.88,807.67,3138,synced,616,EU
node_0012,8,245.9,98.48,2.8,934.83,4154,synced,605,Oceania
node_0017,8,114.4,37.39,8.25,691.85,3559,synced,280,US-West
node_0021,25,268.57,48.55,5.64,400.2,2424,syncing,295,Asia
node_0016,23,483.73,64.21,1.34,688.33,29,synced,107,US-West
node_0034,9,51.43,63.09,4.41,383.96,540,syncing,216,Oceania
node_0048,23,209.7,59.13,4.57,364.88,1166,syncing,156,EU
node_0041,5,442.79,45.42,1.8,21.7,1780,syncing,368,US-East
node_0022,19,235.77,17.92,5.29,451.33,2384,syncing,463,Oceania
node_0042,8,496.8,8.43,9.94,426.97,4055,syncing,637,Oceania
node_0036,23,440.56,78.78,7.3,992.21,4620,synced,463,EU
node_0033,9,318.49,8.56,6.45,404.41,3052,synced,60,Oceania
node_0027,12,108.52,4.56,6.79,384.74,761,syncing,269,US-East
node_0045,4,432.77,16.6,8.17,569.57,676,synced,478,Oceania
node_0049,3,378.79,7.03,7.82,885.6,1480,syncing,452,EU
node_0035,3,50.99,75.78,7.35,385.34,2912,synced,532,EU
node_0011,8,160.25,99.44,2.81,323.92,1891,syncing,286,Asia
node_0012,2,477.62,14.01,8.19,359.7,2592,synced,148,Asia
node_0004,23,153.84,50.85,4.26,936.14,2534,synced,613,US-East
node_0030,3,328.07,6.17,2.9,373.04,2434,synced,5,Asia
node_0021,4,400.71,82.56,2.39,629.36,1817,synced,374,EU
node_0016,14,39.16,52.76,4.34,774.81,4977,syncing,74,EU
node_0021,8,115.96,91.53,6.34,912.14,3531,syncing,551,US-West
node_0028,24,363.42,1.76,8.58,769.16,3092,synced,364,US-East
node_0029,17,135.91,64.81,2.55,617.66,3628,syncing,496,Oceania
node_0003,15,85.84,33.97,8.86,72.11,681,synced,499,US-East
node_0005,24,309.78,94.08,4.3,934.28,4022,synced,339,EU
node_0009,20,340.81,67.54,5.85,365.47,782,synced,312,Asia
node_0007,11,347.1,63.04,7.31,340.19,1193,syncing,89,EU
node_0007,1,300.33,71.54,6.66,942.41,3490,synced,326,US-East
node_0024,20,285.1,27.15,8.63,539.66,1955,synced,113,EU
node_0038,8,457.55,15.27,9.19,572.65,21,syncing,257,Oceania
node_0022,10,268.76,97.81,2.95,336.43,4443,synced,600,US-West
node_0048,22,174.91,56.71,9.1,916.04,4383,syncing,656,US-East
node_0004,6,50.9,69.21,8.93,726.18,1602,synced,120,Asia
node_0022,22,266.78,96.67,4.61,442.74,278,syncing,328,US-West
node_0032,12,361.11,57.86,1.69,45.26,2166,synced,563,US-East
node_0025,13,164.19,94.82,0.71,542.74,164,synced,581,EU
node_0032,22,471.74,51.52,8.37,603.15,3868,synced,225,US-West
node_0020,12,119.23,83.48,0.8,182.43,3831,syncing,424,US-West
node_0002,11,144.02,17.2,3.8,631.91,1159,synced,481,Oceania
node_0024,9,474.96,93.97,1.09,964.18,3459,synced,487,EU
node_0026,18,374.77,75.24,6.11,757.55,4980,syncing,542,EU
node_0036,8,191.13,50.96,5.47,398.45,188,synced,689,Oceania
node_0024,6,364.34,40.11,3.7,386.04,2423,syncing,515,Asia
node_0043,4,156.71,42.93,8.28,697.93,1558,syncing,28,Asia
node_0026,3,324.46,7.32,7.15,469.75,4988,synced,168,Asia
node_0026,21,77.34,11.62,5.78,942.88,60,synced,714,US-East
node_0013,10,72.64,24.45,0.94,788.75,4529,synced,425,US-West
node_0035,11,149.06,29.78,5.45,940.69,511,synced,360,Asia
node_0040,19,147.65,14.87,4.85,843.18,1895,synced,676,EU
node_0041,5,390.06,81.44,8.63,406.0,2445,syncing,402,Oceania
node_0049,10,235.74,40.83,6.68,203.59,1591,synced,358,EU
node_0029,23,119.32,47.48,4.64,953.15,4914,synced,313,Oceania
node_0037,12,18.94,50.92,1.55,318.73,3492,synced,324,US-West
node_0013,6,247.34,58.23,7.22,516.79,3477,synced,145,EU
node_0005,18,64.47,51.34,2.34,31.57,3713,synced,103,US-West
node_0030,15,200.32,2.04,5.03,895.07,4098,synced,615,Oceania
node_0012,21,312.84,3.84,7.56,438.89,3505,synced,521,US-East
node_0046,17,372.71,35.09,0.94,408.23,1402,synced,113,EU
node_0032,1,85.91,12.18,1.07,739.72,3171,synced,376,US-West
node_0031,22,336.81,98.81,7.1,572.49,609,synced,332,US-East
node_0004,7,109.02,83.26,2.79,355.93,3042,synced,311,Oceania
node_0041,11,87.2,67.75,2.71,741.58,2548,syncing,317,EU
node_0040,9,495.76,72.68,3.32,345.06,1757,synced,560,EU
node_0023,1,477.6,80.07,1.17,11.82,3169,synced,32,EU
node_0010,19,149.09,33.96,8.36,172.66,874,synced,199,US-West
node_0017,23,475.35,52.63,7.48,365.57,2704,synced,568,EU
node_0000,6,60.05,81.2,3.64,294.21,1153,synced,126,US-East
node_0001,19,76.7,13.34,5.37,338.16,183,synced,214,US-East
node_0041,24,357.95,58.98,1.51,465.08,2212,synced,305,US-East
node_0009,13,202.25,2.44,6.83,112.35,305,synced,360,Asia
node_0016,18,398.5,73.52,5.54,76.67,640,synced,169,US-West
node_0022,25,172.22,49.89,1.69,938.7,3297,synced,322,Oceania
node_0022,14,199.6,1.69,4.91,622.39,1744,synced,153,US-East
node_0029,17,208.48,10.93,0.87,590.66,3883,synced,141,Oceania
node_0044,4,416.95,41.87,8.65,918.3,3267,synced,677,US-West
node_0033,21,382.55,71.08,7.0,763.14,115,syncing,355,US-East
node_0043,5,424.43,94.18,8.66,351.96,2617,synced,657,Oceania
node_0027,5,458.7,73.87,5.89,831.88,4564,syncing,684,US-West
node_0049,22,190.49,17.68,6.7,978.25,2585,synced,613,US-East
node_0001,11,284.31,39.68,5.29,720.9,2801,synced,543,US-East
node_0030,9,237.0,30.01,2.28,290.06,1812,synced,451,Oceania
node_0008,24,335.54,18.2,6.82,68.65,1411,synced,120,Oceania
node_0033,3,329.47,1.29,8.43,533.79,4606,synced,189,US-East
node_0009,5,224.79,14.62,5.24,571.48,650,synced,366,EU
node_0008,20,339.46,47.41,3.55,71.49,3103,synced,614,EU
node_0024,1,170.59,4.63,6.55,974.23,924,synced,465,Asia
node_0048,5,199.08,90.08,6.41,616.52,1082,synced,85,US-East
node_0043,6,363.24,59.67,6.91,261.26,301,synced,393,Asia
node_0009,17,440.83,1.8,2.13,809.64,3960,synced,369,US-East
node_0049,19,457.68,3.8,5.03,272.0,4408,syncing,196,Asia
node_0025,2,252.82,53.37,8.42,622.32,1922,syncing,518,US-East
node_0001,23,374.23,98.63,5.04,523.35,2276,synced,613,Asia
node_0026,7,64.46,97.68,8.44,896.6,3677,synced,560,US-East
node_0002,10,422.32,22.8,5.25,768.03,4990,synced,126,EU
node_0002,11,438.99,6.65,4.01,257.83,3375,syncing,163,US-West
node_0036,16,485.89,94.42,9.58,168.56,3836,synced,418,Oceania
node_0021,13,188.76,83.82,2.5,208.62,3315,synced,49,US-West
node_0005,15,496.96,2.1,8.78,819.5,4459,synced,335,Oceania
node_0040,10,109.14,2.25,6.39,124.72,4978,syncing,404,US-East
node_0023,23,396.46,7.55,5.9,602.13,1307,synced,579,EU
node_0035,9,267.07,41.65,5.57,771.47,4622,syncing,217,US-West
node_0032,6,318.46,84.71,5.49,770.1,1310,synced,696,EU
node_0009,21,199.65,17.47,5.56,905.7,2200,synced,473,Asia
node_0006,25,209.64,94.04,6.9,774.97,4444,synced,264,US-East
node_0048,3,370.39,93.4,1.46,239.97,4682,synced,638,EU
node_0018,20,287.17,85.34,8.78,140.72,4562,synced,249,US-West
node_0013,23,273.14,98.12,1.01,157.23,2863,synced,296,EU
node_0005,10,277.01,75.04,3.46,796.45,1562,syncing,607,Oceania
node_0007,21,400.0,8.46,1.55,688.84,2784,synced,649,Oceania
node_0040,17,353.31,40.15,8.81,583.2,9,syncing,249,US-East
node_0031,12,396.43,24.59,6.72,519.33,1766,synced,222,Oceania
node_0005,15,473.81,18.04,5.31,773.6,4913,synced,480,Asia
node_0038,20,22.64,20.17,6.43,455.31,270,synced,301,EU
node_0049,15,21.67,66.51,9.63,645.96,1870,syncing,185,Asia
node_0042,21,440.05,64.51,6.05,445.51,2852,synced,247,Oceania
node_0046,14,99.1,25.02,5.78,48.58,2384,synced,485,US-West
node_0005,10,13.59,87.01,8.98,806.39,829,synced,5,Oceania
node_0041,8,495.14,14.74,2.61,366.13,3131,syncing,615,Asia
node_0005,13,85.6,1.32,9.62,554.04,168,synced,440,EU
node_0035,16,36.77,11.85,1.98,775.44,460,synced,480,Asia
node_0029,23,305.32,51.54,4.23,252.84,367,synced,205,US-East
node_0021,19,391.05,87.97,9.51,978.98,1824,synced,426,EU
node_0003,25,386.26,15.85,3.5,528.57,1955,synced,35,US-West
node_0039,8,371.08,18.97,7.39,481.5,4279,synced,241,US-East
node_0009,9,452.14,52.58,1.78,152.01,2905,synced,533,EU
node_0009,2,463.52,34.3,9.86,821.39,2443,syncing,80,EU
node_0045,10,109.52,63.76,2.98,16.54,2213,synced,346,US-West
node_0045,1,224.69,67.23,6.22,424.95,3789,syncing,634,Oceania
node_0000,2,76.34,99.01,6.07,191.41,1073,synced,469,EU
node_0044,17,149.55,57.1,8.89,908.02,3843,syncing,397,US-East
node_0010,14,327.23,55.0,3.36,351.56,343,syncing,228,Asia
node_0015,3,235.39,2.5,4.75,771.1,1991,synced,39,EU
node_0049,12,384.72,22.2,2.55,637.39,4771,synced,48,EU
node_0015,12,103.75,31.57,2.73,423.11,3889,synced,200,US-East
node_0020,5,492.57,60.76,4.07,185.55,1563,syncing,374,US-West
node_0011,21,202.33,22.35,2.56,52.23,2742,synced,292,US-East
node_0013,9,128.88,38.76,0.6,342.44,995,synced,608,Oceania
node_0042,3,498.16,51.16,0.84,671.38,2603,syncing,462,US-West
node_0002,19,375.92,57.05,3.14,76.89,970,syncing,533,EU
node_0034,7,181.74,33.22,1.24,305.88,1764,synced,290,US-West
node_0034,17,207.03,42.99,7.08,810.82,791,syncing,188,EU
node_0017,5,130.01,79.86,0.79,690.2,1156,syncing,46,US-East
node_0019,12,430.98,31.19,3.74,527.74,3522,syncing,377,Asia
node_0048,25,420.45,25.94,8.69,42.74,10,synced,22,Oceania
node_0041,11,60.76,8.88,6.05,112.83,1649,syncing,174,Oceania
node_0018,21,157.66,20.86,1.78,691.44,3086,synced,87,US-East
node_0033,23,223.23,42.87,0.55,135.11,3856,synced,540,Asia
node_0047,5,498.55,95.94,5.19,227.55,1576,synced,51,US-East
node_0010,19,337.13,69.74,3.24,353.62,4514,synced,666,US-East
node_0049,11,264.89,63.4,4.56,839.06,2481,synced,271,Asia
node_0016,15,281.9,32.05,1.13,450.46,1526,synced,170,US-West
node_0000,7,368.44,37.81,3.5,92.56,1661,synced,508,EU
node_0019,4,393.9,83.03,6.98,503.57,4858,synced,508,US-West
node_0019,6,486.14,14.44,8.01,271.62,4465,synced,156,EU
node_0032,14,33.7,3.33,5.63,785.34,1434,synced,550,US-East
node_0012,10,257.78,23.19,5.09,268.33,4726,synced,179,Asia
node_0004,3,306.07,98.59,3.36,384.59,1526,syncing,392,US-West
node_0042,5,443.1,50.74,5.23,678.95,2722,synced,499,US-East
node_0013,24,266.18,35.47,1.98,864.18,4977,synced,462,Asia
node_0013,5,491.73,30.31,2.52,948.92,1747,syncing,13,EU
node_0000,18,48.44,11.68,2.78,983.3,351,synced,647,EU
node_0006,25,410.14,40.98,6.61,467.62,4584,synced,669,US-West
node_0045,1,66.01,31.8,4.44,443.29,3452,syncing,475,Oceania
node_0023,10,102.47,17.1,6.15,197.54,777,synced,12,US-East
node_0026,21,303.41,88.18,7.68,457.26,398,synced,100,EU
node_0038,4,380.3,88.14,8.05,998.47,3001,synced,48,US-East
node_0015,7,287.97,26.7,8.03,24.33,1799,synced,686,US-West
node_0016,20,111.81,28.54,2.84,115.38,2901,synced,212,Oceania
node_0004,2,272.69,66.4,1.65,864.16,3903,synced,584,US-West
node_0001,15,192.31,2.85,1.91,131.56,2005,syncing,250,US-East
node_0011,2,400.17,32.33,2.23,153.72,1554,synced,703,US-East
node_0014,12,38.59,53.9,2.96,372.69,4543,synced,656,US-East
node_0024,15,172.22,66.91,9.13,131.78,901,syncing,607,Asia
node_0009,14,167.37,43.7,3.17,443.58,39,synced,307,Oceania
node_0041,19,68.82,19.45,9.18,378.39,4972,syncing,257,Asia
node_0046,12,112.05,18.06,3.47,393.06,4109,syncing,46,Oceania
node_0023,19,468.02,58.09,9.22,704.51,2367,synced,285,US-East
node_0007,5,469.84,56.61,2.34,219.22,1851,synced,266,US-West
node_0046,3,253.75,72.39,3.35,981.94,2996,syncing,24,US-East
node_0040,7,215.41,57.71,3.78,852.2,1748,synced,371,EU
node_0026,15,68.72,96.05,8.52,435.25,4071,syncing,294,US-East
node_0005,2,357.55,13.26,1.49,915.47,4251,synced,18,Oceania
node_0021,20,497.1,23.79,0.84,697.94,1775,syncing,622,EU
node_0024,1,117.15,86.67,5.06,553.73,1251,synced,269,Asia
node_0012,22,370.25,5.39,0.84,145.72,2724,synced,593,EU
node_0040,15,402.11,64.22,2.29,784.91,170,syncing,75,US-East
node_0026,7,51.48,22.07,6.46,102.45,1299,synced,713,Asia
node_0006,2,313.08,37.27,0.82,620.98,4120,synced,42,US-West
node_0041,23,247.41,63.18,1.08,654.68,1744,synced,80,Asia
node_0042,7,31.36,26.97,8.68,385.17,721,syncing,199,US-West
node_0044,21,408.97,63.25,0.98,214.83,9,synced,53,US-East
node_0007,22,251.1,86.41,0.59,430.44,1016,synced,72,US-East
node_0028,24,224.8,52.01,6.21,944.56,1856,synced,461,Asia
node_0021,17,279.33,60.09,3.55,87.98,3993,synced,287,Oceania
node_0025,2,55.94,42.75,7.42,595.01,1340,synced,296,US-East
node_0020,18,387.12,87.87,9.83,174.66,2827,syncing,606,US-East
node_0029,21,118.47,7.03,1.63,867.35,2488,synced,379,Asia
node_0029,8,123.86,73.25,2.68,191.01,3761,synced,248,US-West
node_0035,12,401.65,5.6,3.38,67.35,4493,synced,647,US-West
node_0039,16,328.72,60.2,8.94,618.73,2399,synced,576,Asia
node_0043,3,45.36,38.67,7.12,361.22,3941,synced,535,US-West
node_0011,10,310.97,82.59,5.38,684.87,4212,syncing,382,Asia
node_0027,15,356.33,6.13,8.91,378.54,4292,syncing,573,US-East
node_0003,15,219.47,12.18,5.05,888.98,1046,synced,294,Asia
node_0000,11,198.55,69.05,0.5,587.38,3438,synced,41,EU
node_0048,15,37.62,5.55,8.88,695.23,1524,synced,38,Asia
node_0012,20,95.48,8.84,2.1,334.62,3207,synced,249,Asia
node_0031,17,343.68,2.3,2.15,585.34,1084,syncing,93,US-East
node_0005,5,487.91,64.18,9.12,858.45,3472,synced,86,Asia
node_0033,24,163.96,8.38,0.74,319.29,2560,synced,222,Oceania
node_0015,19,286.67,49.99,6.11,782.5,4579,syncing,541,US-East
node_0029,14,426.71,96.75,5.83,712.26,3068,syncing,394,US-West
node_0005,17,307.12,13.55,7.9,115.33,1468,syncing,629,Asia
node_0045,18,391.21,16.15,6.67,32.25,4718,syncing,525,US-West
node_0033,10,218.6,89.3,3.94,746.94,2330,synced,699,US-West
node_0024,23,195.39,84.94,9.24,103.47,3573,synced,178,US-West
node_0037,24,296.46,19.34,8.77,728.12,3668,synced,254,Oceania
node_0017,11,40.69,54.31,7.83,589.06,313,synced,682,US-East
node_0017,24,357.9,90.07,6.47,208.17,3659,synced,287,US-West
node_0034,4,431.42,38.0,3.8,25.19,4238,synced,293,US-East
node_0024,23,188.55,13.84,1.93,492.71,1966,synced,215,Asia
node_0043,8,190.76,90.14,8.06,533.58,2207,syncing,386,US-West
node_0011,17,196.41,28.3,8.71,303.49,3170,synced,310,Asia
node_0034,17,386.82,12.27,2.12,622.34,1845,synced,297,US-West
node_0006,20,54.65,64.71,2.66,446.67,1745,synced,530,US-East
node_0038,18,171.47,34.47,7.43,665.5,2983,synced,581,US-West
node_0035,12,264.23,36.58,5.89,554.56,4328,synced,643,US-East
node_0031,11,491.16,25.2,2.09,658.99,3509,syncing,161,EU
node_0043,11,296.63,13.19,0.88,544.62,2917,synced,325,US-West
node_0026,12,291.98,61.35,9.37,808.62,1995,synced,587,Asia
node_0035,23,18.38,6.78,9.13,168.01,266,synced,376,US-West
node_0001,24,419.05,64.64,0.83,749.1,268,synced,548,US-East
node_0028,20,376.21,23.82,7.78,13.17,337,synced,207,EU
node_0015,12,280.54,37.24,4.67,123.05,11,synced,122,US-East
node_0046,15,52.86,65.24,5.23,606.06,955,syncing,443,US-West
node_0033,23,483.67,85.8,3.76,547.47,676,synced,350,US-West
node_0034,2,344.57,49.68,6.47,359.61,3053,synced,303,US-West
node_0047,3,435.4,46.75,3.47,365.05,1954,syncing,278,US-West
node_0044,9,284.31,27.69,1.15,358.3,2767,synced,644,Oceania
node_0009,17,61.27,85.71,7.24,324.09,2421,synced,586,Asia
node_0038,10,89.62,88.94,8.43,540.25,383,syncing,47,Asia
node_0046,18,183.84,64.66,9.02,607.56,2488,synced,339,US-East
node_0032,9,433.39,70.54,8.6,20.48,2676,synced,169,US-East
node_0005,8,458.6,42.14,7.38,233.11,1578,synced,284,Asia
node_0046,3,487.81,72.05,4.15,713.66,1041,synced,423,Asia
node_0010,7,59.99,42.9,3.77,668.3,820,synced,676,US-West
node_0047,16,216.1,6.09,8.14,604.16,2460,synced,570,US-West
node_0002,9,391.08,54.27,7.65,626.2,4944,synced,113,Asia
node_0020,9,317.0,58.51,1.55,898.83,2948,synced,308,US-East
node_0045,15,446.39,71.48,2.75,754.27,4418,synced,380,Oceania
node_0005,3,290.43,62.36,2.06,443.7,3019,synced,499,US-West
node_0034,18,483.26,57.32,1.35,422.48,4797,synced,44,Oceania
node_0018,6,209.59,28.62,1.58,417.4,2175,synced,234,US-West
node_0035,24,387.66,79.37,9.84,244.8,1035,syncing,491,EU
node_0022,7,361.26,12.2,3.01,270.24,874,synced,572,Oceania
node_0003,18,256.58,47.98,3.44,352.94,1279,synced,594,Oceania
node_0003,22,330.16,4.64,4.38,943.6,4781,syncing,420,EU
node_0030,15,342.07,30.28,4.3,188.36,4834,syncing,142,US-West
node_0039,24,242.68,27.78,3.98,977.33,1942,synced,626,US-East
node_0015,13,404.45,88.52,6.96,535.69,2218,syncing,584,EU
node_0023,3,232.13,81.9,5.56,949.8,4042,syncing,708,EU
node_0046,2,21.5,66.78,5.4,338.84,2703,synced,157,Oceania
node_0028,21,37.02,6.42,7.27,625.09,1703,synced,247,US-East
node_0039,12,463.97,42.43,7.29,341.2,4369,syncing,210,Asia
node_0011,1,453.34,30.37,7.83,940.06,4975,syncing,257,US-East
node_0010,13,144.33,87.29,2.53,959.88,493,synced,266,Oceania
node_0035,20,68.86,79.7,2.84,609.53,1011,syncing,602,US-West
node_0032,25,363.75,54.72,2.96,558.96,346,synced,657,Oceania
node_0049,14,334.25,65.04,6.05,648.92,1105,syncing,282,Oceania
node_0046,20,240.85,92.21,9.82,588.58,1584,synced,249,Oceania
node_0044,25,150.41,67.08,9.45,590.67,4288,synced,384,EU
node_0041,22,242.05,43.83,9.19,156.29,4248,synced,123,EU
node_0026,9,474.31,7.95,1.86,468.85,4316,synced,213,US-West
node_0003,4,299.32,42.12,5.15,304.8,4837,synced,381,EU
node_0005,8,440.89,20.69,5.54,153.97,2583,syncing,163,US-East
node_0030,18,81.37,4.54,8.87,407.83,1695,synced,74,EU
node_0018,21,422.59,67.3,8.97,595.85,721,synced,518,EU
node_0036,4,244.65,71.15,4.94,755.81,2703,synced,180,EU
node_0035,13,17.48,49.56,0.68,964.39,646,synced,121,Oceania
node_0041,17,438.51,59.11,3.87,638.42,880,syncing,592,Oceania
node_0016,15,182.34,27.29,7.72,574.13,750,syncing,413,EU
node_0023,18,88.46,6.99,8.7,45.77,2344,syncing,290,US-East
node_0048,4,434.39,95.2,3.25,984.02,1385,synced,162,Asia
node_0008,2,308.33,98.0,3.09,52.01,4736,syncing,509,Asia
node_0047,6,307.98,69.74,6.75,477.97,2608,syncing,309,US-West
node_0042,18,171.34,87.1,7.76,483.63,1567,synced,56,US-East
node_0044,25,247.51,52.57,9.37,822.96,2881,synced,58,Oceania
node_0012,9,407.65,55.42,5.9,122.56,4959,synced,416,Oceania
node_0007,7,42.18,89.66,3.82,313.76,2675,synced,332,Oceania
node_0014,8,416.62,2.77,8.0,146.59,2699,synced,195,EU
node_0004,18,491.38,94.98,1.28,704.63,2068,synced,270,US-West
node_0014,21,341.2,22.63,7.74,315.89,1068,synced,715,Oceania
node_0010,2,297.9,25.9,6.54,705.83,2466,synced,373,Oceania
node_0040,10,139.15,76.06,1.8,740.1,2241,synced,564,EU
node_0038,6,172.92,36.34,8.62,938.41,943,synced,465,EU
node_0006,7,452.22,67.74,7.43,149.9,110,syncing,669,US-East
node_0003,12,84.35,33.89,8.37,527.51,3223,synced,498,US-East
node_0019,4,414.13,7.73,2.91,750.58,1384,syncing,418,Oceania
node_0011,12,188.9,62.75,4.95,757.74,2753,syncing,507,US-West
node_0009,11,167.83,20.2,8.74,265.75,4715,syncing,174,Asia
node_0045,4,99.18,62.12,0.76,732.97,1626,synced,227,US-West
node_0003,21,319.27,63.1,3.61,950.8,4938,synced,656,US-West
node_0015,15,55.71,32.18,3.17,154.22,225,synced,222,Asia
node_0033,4,176.6,60.3,8.84,736.65,3786,syncing,97,Oceania
node_0042,10,266.96,80.35,5.28,477.7,2072,synced,399,US-East
node_0012,17,431.72,11.89,5.53,74.73,94,synced,241,Oceania
node_0049,24,229.7,92.83,9.59,241.95,3907,syncing,85,US-East
node_0042,25,297.26,57.39,9.44,986.99,2215,syncing,614,US-East
node_0010,17,317.81,88.89,1.03,498.54,3796,synced,551,Oceania
node_0032,9,325.45,77.67,3.0,535.18,4530,synced,298,US-East
node_0034,7,344.57,57.69,0.75,817.59,1792,synced,405,EU
node_0047,18,388.65,67.28,2.52,322.77,708,synced,50,Asia
node_0009,14,292.26,99.63,3.02,713.44,3845,synced,193,US-West
node_0047,21,452.82,66.04,1.38,449.59,1988,syncing,272,EU
node_0032,24,209.55,94.14,7.03,771.28,3100,synced,355,Asia
node_0033,9,56.58,3.2,5.57,887.73,3993,syncing,488,US-East
node_0010,2,223.82,23.32,1.55,190.75,1935,syncing,534,Oceania
node_0013,5,390.61,80.97,9.2,845.55,4377,synced,124,Oceania
node_0013,1,315.63,80.12,5.6,58.56,1337,synced,150,US-East
node_0047,17,404.46,39.84,9.53,137.95,1997,syncing,451,US-East
node_0006,1,134.6,66.96,7.22,982.33,1516,syncing,591,Oceania
node_0031,15,105.93,82.01,8.25,87.22,2340,synced,311,EU
node_0015,21,234.47,25.74,7.68,802.42,195,synced,129,Asia
node_0049,3,324.75,20.23,2.85,101.36,3849,synced,365,EU
node_0049,5,419.17,17.17,8.01,405.07,2423,synced,48,US-East
node_0005,22,222.92,85.67,4.12,523.88,2606,syncing,677,Oceania
node_0049,11,115.49,88.32,4.68,917.98,3441,syncing,405,US-West
node_0042,18,154.0,91.16,4.84,625.1,3043,syncing,531,EU
node_0014,14,74.39,20.11,2.67,256.3,1234,synced,334,Asia
node_0039,9,182.45,61.92,6.53,27.33,1659,synced,614,US-East
node_0049,7,244.47,77.73,6.26,752.13,2740,synced,607,US-East
node_0024,6,141.0,56.91,5.33,297.33,85,synced,51,EU
node_0029,18,405.04,6.48,1.3,536.43,2781,synced,81,US-East
node_0026,8,210.33,1.67,2.76,842.02,2936,synced,582,EU
node_0002,21,114.75,71.0,7.0,985.36,3519,synced,436,Asia
node_0022,22,51.13,24.57,6.47,859.72,4454,synced,471,Asia
node_0011,20,253.21,57.91,3.2,944.92,3570,syncing,349,US-East
node_0002,17,179.93,87.6,6.89,755.46,3788,synced,19,EU
node_0035,13,402.42,21.59,6.95,202.67,2477,synced,583,US-East
node_0004,8,484.31,95.8,6.4,229.64,4835,syncing,93,Asia
node_0009,10,88.57,30.22,8.11,476.06,2735,syncing,294,EU
node_0018,5,63.52,9.48,3.85,814.45,1679,syncing,142,US-East
node_0038,16,483.35,4.36,1.14,876.09,3295,synced,525,Oceania
node_0030,23,201.39,57.31,0.7,488.81,1537,syncing,604,US-East
node_0015,13,393.39,28.3,3.64,820.37,532,syncing,245,Oceania
node_0032,21,24.93,12.57,1.16,672.99,2923,synced,512,EU
node_0046,4,261.2,42.25,7.61,87.86,944,synced,430,Asia
node_0041,10,162.12,53.96,3.57,563.0,3964,syncing,329,Oceania
node_0001,23,301.63,17.52,2.16,274.34,2766,synced,433,Oceania
node_0007,23,338.47,4.28,9.26,439.65,4189,synced,167,EU
node_0002,12,324.09,82.05,8.18,971.37,934,syncing,244,US-East
node_0010,20,457.43,80.59,5.94,396.77,4545,synced,7,Oceania
node_0008,14,104.86,32.97,5.95,847.1,4096,synced,303,EU
node_0024,15,222.13,18.03,4.93,277.81,4274,synced,682,Asia
node_0042,23,60.26,60.02,2.9,954.01,45,synced,387,Oceania
node_0049,24,314.27,47.09,4.63,100.25,2143,synced,672,Asia
node_0013,12,246.63,52.05,2.14,464.38,1645,synced,637,US-West
node_0029,10,120.37,21.23,7.0,566.5,961,synced,184,Oceania
node_0033,19,145.01,78.92,9.99,823.74,2793,synced,50,EU
node_0005,5,258.51,61.75,9.62,693.35,4145,synced,465,US-West
node_0017,19,478.4,50.72,8.97,427.74,10,synced,708,Asia
node_0044,10,443.35,1.04,8.5,755.68,4478,synced,406,US-East
node_0049,17,301.54,2.07,1.67,163.19,2906,syncing,143,EU
node_0022,1,395.36,28.15,3.51,348.15,3711,synced,565,Oceania
node_0029,19,480.27,71.67,2.01,137.68,2878,synced,387,Asia
node_0016,17,438.97,94.78,9.38,917.19,4519,synced,120,US-West
node_0015,1,458.98,43.91,5.07,99.58,1653,synced,256,US-West
node_0004,24,118.58,45.72,0.93,747.24,4271,synced,326,US-East
node_0020,6,401.67,90.32,7.89,260.52,2117,synced,631,Oceania
node_0046,7,477.15,15.31,6.99,986.42,1650,syncing,276,Asia
node_0024,5,219.25,1.8,3.56,439.85,3300,synced,541,US-East
node_0030,12,321.06,14.11,7.05,325.32,1044,synced,409,US-West
node_0044,17,152.32,19.68,5.89,680.4,2522,syncing,279,Asia
node_0047,7,382.42,38.58,9.01,497.78,1618,synced,273,EU
node_0025,22,104.69,41.98,2.72,384.08,1645,synced,415,US-East
node_0046,22,46.12,2.19,1.93,96.33,2689,syncing,600,Oceania
node_0019,15,196.76,75.19,6.1,235.42,4759,synced,103,Oceania
node_0003,23,53.85,17.94,0.58,303.69,1564,synced,673,EU
node_0016,10,213.39,58.4,6.79,783.74,4,synced,340,US-West
node_0005,19,429.32,48.69,5.99,153.69,4818,synced,379,EU
node_0016,17,121.55,17.13,6.03,822.87,436,synced,73,Oceania
node_0022,8,287.85,19.31,3.7,413.86,1523,syncing,675,US-West
node_0022,3,408.22,23.33,9.2,788.07,3352,syncing,456,Asia
node_0042,17,244.92,22.97,5.64,460.26,3811,synced,201,EU
node_0021,25,166.85,58.14,5.55,230.25,767,syncing,61,EU
node_0003,14,58.68,74.94,5.77,150.04,1003,synced,222,US-West
node_0040,23,92.32,47.47,5.52,144.91,2902,synced,246,Oceania
node_0010,4,207.66,37.73,3.45,939.75,4004,synced,395,US-West
node_0035,25,334.31,39.61,9.86,291.13,2036,synced,706,Oceania
node_0002,11,270.76,4.35,8.74,666.88,2214,syncing,2,Asia
node_0036,14,59.97,89.03,9.25,334.81,1762,syncing,298,Asia
node_0037,24,148.39,85.81,3.2,899.18,1369,synced,360,Asia
node_0021,4,260.21,89.15,9.21,890.42,2575,synced,501,US-East
node_0019,16,184.51,54.42,3.1,314.13,2137,syncing,606,Asia
node_0007,19,204.78,94.09,5.95,748.03,3499,synced,158,EU
node_0036,23,263.75,92.67,3.37,674.62,1906,synced,351,Asia
node_0001,17,74.3,97.34,5.16,397.79,1726,synced,678,US-East
node_0041,21,274.54,69.99,7.91,433.17,3684,syncing,548,US-East
node_0007,10,177.53,42.82,7.12,546.36,1001,synced,720,Oceania
node_0032,1,443.81,61.63,7.27,416.21,3564,synced,386,US-West
node_0032,4,262.08,90.95,2.41,147.09,3736,synced,612,Asia
node_0044,4,306.64,57.46,6.36,563.71,2016,syncing,311,US-West
node_0016,22,277.21,1.39,1.31,834.91,107,syncing,371,US-East
node_0046,21,207.87,21.29,5.14,434.7,1952,synced,33,Asia
node_0042,5,361.25,91.72,2.9,558.94,233,syncing,609,US-West
node_0024,2,478.59,44.72,2.05,737.33,2079,synced,227,Oceania
node_0009,13,364.46,91.65,4.98,616.1,959,synced,711,Oceania
node_0038,8,231.98,29.74,6.92,759.79,189,synced,633,Oceania
node_0011,6,258.34,6.87,9.36,417.0,3404,synced,225,EU
node_0025,8,196.88,98.64,2.14,542.24,1204,synced,292,US-West
node_0016,15,160.37,86.72,6.55,770.81,1629,synced,53,US-East
node_0003,9,292.93,89.56,5.55,505.35,230,syncing,519,Oceania
node_0016,18,353.81,70.31,6.0,972.99,2094,synced,301,EU
node_0001,10,355.48,39.94,2.28,612.99,256,syncing,221,EU
node_0029,19,412.2,44.49,5.11,537.11,3135,synced,108,Asia
node_0039,21,190.48,37.1,3.96,488.8,2091,syncing,610,Asia
node_0021,25,74.74,14.13,1.57,198.42,4628,syncing,230,US-West
node_0014,1,148.35,82.11,5.07,263.57,743,syncing,595,US-West
node_0022,10,181.04,49.38,7.91,240.88,3240,synced,327,EU
node_0037,25,393.31,3.21,6.02,114.72,4697,syncing,233,Asia
node_0044,19,304.52,17.82,4.55,901.41,1957,syncing,281,EU
node_0046,12,202.78,44.96,7.55,884.52,2256,synced,463,EU
node_0005,18,437.69,83.13,1.92,641.7,836,syncing,411,Asia
node_0021,13,386.3,76.63,2.58,637.09,477,synced,312,US-East
node_0046,14,56.42,80.34,2.42,77.63,1917,syncing,437,Asia
node_0011,3,169.48,79.94,7.61,804.75,204,synced,95,US-East
node_0047,20,93.88,90.82,0.86,601.42,1590,synced,211,US-East
node_0016,15,356.75,73.95,2.25,760.97,3152,synced,567,Asia
node_0044,20,492.99,36.1,5.1,230.13,3407,synced,204,EU
node_0004,6,379.8,47.8,2.18,802.89,1438,synced,150,US-West
node_0018,1,349.95,78.25,7.05,988.29,4547,synced,686,US-East
node_0035,16,238.38,42.84,2.13,933.95,1676,synced,609,US-East
node_0014,6,429.92,96.04,8.64,370.35,2735,synced,53,US-East
node_0018,4,124.6,97.43,3.24,436.91,4407,synced,669,EU
node_0013,19,355.09,34.2,7.38,311.13,3947,synced,661,Asia
node_0035,21,42.32,20.3,8.07,431.69,3493,synced,434,US-West
node_0035,1,192.88,19.14,6.2,535.82,4152,synced,448,EU
node_0026,20,359.02,44.84,8.0,612.09,1676,synced,522,US-East
node_0014,23,267.29,76.2,1.69,415.48,4127,syncing,165,EU
node_0008,14,404.37,14.15,3.31,523.82,1325,synced,445,US-West
node_0019,19,323.73,9.42,8.09,220.2,4177,synced,98,Oceania
node_0022,10,98.79,22.84,2.4,945.76,1391,synced,64,Asia
node_0013,22,441.84,83.86,8.36,629.2,1951,synced,501,Oceania
node_0029,8,452.37,58.55,7.04,819.73,1462,syncing,487,EU
node_0000,10,142.83,5.9,4.13,15.02,3911,synced,404,US-West
node_0036,23,112.82,90.62,6.98,808.17,1940,syncing,262,US-West
node_0029,25,101.36,82.61,2.58,987.23,4022,synced,82,Oceania
node_0042,23,271.57,45.77,2.6,783.11,783,syncing,446,Asia
node_0044,19,496.1,4.69,3.22,835.36,1354,syncing,70,US-East
node_0037,14,60.77,76.98,4.84,512.74,1433,synced,97,Oceania
node_0037,15,54.57,10.94,3.26,329.42,729,synced,148,US-West
node_0037,13,346.56,99.04,7.44,56.26,416,synced,516,Oceania
node_0003,14,26.23,29.08,3.91,975.14,1226,synced,424,EU
node_0022,1,249.02,82.71,9.58,153.82,4610,synced,541,Asia
node_0021,22,168.95,49.78,8.0,623.45,4517,syncing,161,Oceania
node_0047,2,231.04,86.9,5.92,570.72,3825,synced,106,Oceania
node_0033,1,445.49,66.69,3.03,167.58,1863,syncing,390,Asia
node_0040,20,410.65,49.79,5.64,818.26,1656,syncing,638,US-East
node_0020,5,147.48,26.25,4.8,334.23,4733,synced,436,EU
node_0046,21,197.36,93.14,2.18,863.73,1351,syncing,435,US-West
node_0011,3,16.34,66.66,5.27,128.14,2117,synced,76,EU
node_0006,4,71.83,85.37,9.07,178.69,1363,synced,380,US-West
node_0022,17,460.05,52.93,4.51,823.68,1829,synced,8,US-West
node_0024,19,410.2,43.37,3.83,920.11,597,synced,486,Oceania
node_0020,22,427.17,78.4,6.5,637.55,2490,synced,296,Oceania
node_0044,20,22.52,99.27,6.71,448.43,4479,syncing,488,EU
node_0017,16,405.15,68.34,2.19,768.4,1201,synced,586,Asia
node_0046,9,40.17,33.41,6.7,332.41,2736,synced,526,Oceania
node_0032,6,57.79,54.74,5.14,930.47,1143,synced,362,Oceania
node_0001,23,364.56,48.79,4.28,715.06,357,synced,202,US-West
node_0019,14,333.84,54.32,0.64,234.78,4080,syncing,563,Asia
node_0027,1,339.97,88.79,7.04,495.49,4633,synced,414,EU
node_0040,18,321.59,92.58,3.58,484.55,278,synced,487,US-East
node_0036,15,202.4,50.12,4.28,745.67,4510,synced,641,US-East
node_0032,21,39.0,73.21,5.31,938.95,3141,synced,466,Oceania
node_0023,23,310.16,37.76,6.36,985.74,2151,synced,211,Oceania
node_0031,21,323.48,94.7,6.39,495.73,1695,synced,153,Oceania
node_0010,5,97.87,10.04,4.52,587.02,363,synced,292,Oceania
node_0020,24,73.09,70.45,7.27,676.84,713,syncing,108,Asia
node_0007,15,451.46,76.51,2.27,64.91,3071,synced,316,Asia
node_0005,23,412.64,23.99,1.49,795.66,2937,synced,640,US-West
node_0021,4,76.13,27.98,3.38,49.88,2467,synced,688,US-West
node_0010,25,225.45,31.06,5.35,556.01,1915,synced,627,Asia
node_0019,17,31.5,15.38,4.32,75.78,2269,syncing,293,US-East
node_0006,20,379.64,29.25,2.08,717.6,1854,synced,207,Oceania
node_0039,21,301.2,94.48,7.61,216.66,2428,synced,257,Oceania
node_0012,3,428.02,6.41,7.6,851.26,2437,syncing,3,Oceania
node_0039,22,292.62,39.19,1.37,231.71,4369,syncing,49,US-West
node_0021,16,195.8,69.81,0.56,53.34,306,synced,128,Asia
node_0019,1,465.52,17.14,5.21,168.41,1769,synced,454,Oceania
node_0016,9,58.57,70.13,1.35,866.21,1537,synced,149,Oceania
node_0028,14,84.04,85.53,6.95,308.31,2665,synced,350,US-West
node_0039,20,118.28,57.06,7.28,306.85,1125,synced,567,Asia
node_0031,12,17.12,23.88,4.57,734.32,3958,synced,657,US-East
node_0021,25,364.98,83.19,3.26,518.39,87,synced,82,US-East
node_0030,14,226.65,72.32,4.14,610.36,1832,synced,422,US-East
node_0020,5,335.45,5.59,9.87,638.25,4474,synced,90,US-East
node_0025,11,314.01,36.17,2.0,110.56,4380,synced,320,US-West
node_0001,13,243.29,78.22,1.83,145.97,2794,synced,471,Asia
node_0018,4,348.95,89.77,4.16,95.67,2713,synced,80,US-East
node_0018,17,93.45,98.91,3.4,684.99,3159,synced,460,Asia
node_0033,24,194.17,65.15,5.38,967.59,817,syncing,196,Asia
node_0011,5,397.38,19.29,4.8,348.05,1046,synced,312,EU
node_0005,24,216.96,3.31,5.31,650.75,1061,synced,624,US-East
node_0007,3,345.86,90.08,6.97,669.21,4902,synced,588,EU
node_0039,1,467.1,26.59,8.88,534.51,4446,synced,233,Asia
node_0006,22,434.7,77.6,7.43,915.65,782,syncing,671,EU
node_0024,15,135.23,49.27,7.2,652.44,2358,synced,354,US-East
node_0006,8,457.86,47.02,7.06,197.02,705,synced,647,US-West
node_0037,13,131.66,32.33,5.1,68.66,3851,syncing,631,Asia
node_0013,3,55.03,18.07,8.01,408.38,554,synced,705,US-West
node_0039,8,442.26,71.21,7.21,798.75,714,synced,631,Oceania
node_0014,19,331.57,35.64,9.75,271.02,333,synced,563,US-East
node_0002,2,38.91,59.21,4.82,810.74,2519,syncing,460,Oceania
node_0001,24,479.72,78.7,0.62,544.36,2085,syncing,185,US-West
node_0040,17,138.67,88.12,7.56,795.8,3802,synced,324,US-East
node_0049,24,380.72,8.99,2.6,308.77,1860,synced,600,US-East
node_0001,22,421.83,83.28,8.49,987.46,1237,syncing,418,Oceania
node_0014,20,30.3,8.11,8.13,219.5,3355,synced,322,Oceania
node_0048,22,439.16,30.46,6.18,43.32,4220,syncing,128,US-West
node_0035,15,142.95,13.83,5.09,426.27,1317,synced,295,Asia
node_0007,5,485.63,80.16,2.39,995.09,2551,syncing,36,Oceania
node_0014,12,312.82,59.51,6.47,446.72,2931,syncing,185,Oceania
node_0042,13,369.04,39.31,5.0,747.32,2336,syncing,654,Oceania
node_0006,23,335.02,56.77,4.04,442.04,1901,synced,66,Asia
node_0000,25,121.99,54.4,3.99,515.08,1608,syncing,222,Oceania
node_0047,22,42.01,5.41,5.42,946.78,2091,syncing,349,EU
node_0002,7,254.36,66.81,1.68,80.53,2707,synced,304,Asia
node_0019,2,189.75,89.84,3.65,412.88,3717,synced,284,US-East
node_0008,16,382.12,90.08,3.25,495.59,68,synced,217,Oceania
node_0048,23,239.65,36.65,0.67,509.43,491,synced,78,Oceania
node_0038,15,488.18,88.49,5.08,252.84,2101,syncing,653,Asia
node_0049,7,485.61,12.06,3.09,970.4,4463,syncing,226,US-West
node_0019,15,315.53,50.46,5.04,584.87,3084,syncing,703,Asia
node_0013,7,450.56,65.63,8.98,20.9,2770,synced,340,EU
node_0024,20,467.69,43.07,2.16,334.58,2852,synced,684,Oceania
node_0046,13,477.53,9.26,1.93,189.04,524,synced,333,Asia
node_0045,15,18.85,31.88,0.98,376.29,4272,synced,127,US-West
node_0041,14,370.86,48.01,7.82,335.49,4822,synced,431,US-East
node_0014,15,481.36,5.32,9.33,151.42,1145,syncing,499,US-East
node_0022,17,178.18,96.45,9.08,822.12,4770,synced,146,US-East
node_0034,5,36.61,16.1,3.95,876.28,2469,syncing,437,Oceania
node_0028,16,431.74,4.09,2.32,318.6,1942,syncing,402,US-West
node_0013,9,231.17,36.84,8.51,650.01,3973,syncing,295,Asia
node_0048,2,399.57,18.7,9.4,350.61,4583,synced,280,US-East
node_0033,25,371.1,52.12,2.27,942.14,3656,synced,7,EU
node_0031,7,176.37,12.31,1.53,312.87,3986,synced,631,EU
node_0047,24,490.86,58.7,0.94,93.49,1232,synced,594,US-East
node_0047,10,440.71,73.64,3.88,473.94,1687,syncing,286,Asia
node_0038,23,391.15,52.97,8.62,713.05,3898,synced,26,Oceania
node_0021,13,249.09,12.03,6.52,776.1,2490,synced,493,US-West
node_0018,10,213.99,66.8,7.82,43.76,3702,synced,465,US-East
node_0017,8,273.83,19.18,1.3,98.85,3357,synced,454,Asia
node_0044,1,252.49,3.36,3.22,145.76,1859,syncing,709,US-East
node_0030,11,158.71,44.43,4.18,499.15,3346,synced,461,US-East
node_0010,17,252.14,60.72,2.7,224.09,4454,syncing,230,US-East
node_0040,1,193.82,13.79,0.7,910.59,3085,syncing,13,US-West
node_0040,10,342.86,45.31,0.72,985.9,3472,synced,201,US-West
node_0026,7,489.91,35.99,5.98,145.25,389,synced,656,US-West
node_0036,9,403.15,11.71,9.44,801.0,4640,syncing,384,US-West
node_0004,5,236.6,72.87,3.63,383.53,4326,syncing,324,Oceania
node_0024,13,152.78,41.89,4.39,542.93,4460,syncing,510,US-East
node_0012,3,291.49,84.59,1.94,155.29,4894,synced,678,EU
node_0004,2,350.98,11.4,5.77,435.17,4180,syncing,614,US-West
node_0027,3,442.76,76.81,4.31,608.49,4037,synced,709,Oceania
node_0037,21,378.58,5.98,2.05,951.07,3741,synced,361,EU
node_0039,11,185.96,29.61,7.75,850.43,3600,syncing,26,Asia
node_0041,4,389.91,78.3,5.4,271.89,2879,syncing,466,US-West
node_0017,8,15.14,25.58,4.54,843.69,2850,syncing,287,US-East
node_0049,11,179.77,71.28,7.08,933.84,1459,synced,452,US-West
node_0005,11,128.92,16.61,7.83,652.53,2323,synced,600,Asia
node_0020,6,158.28,35.15,9.22,51.42,3184,synced,432,US-West
node_0040,9,326.31,12.63,2.56,172.11,1756,synced,386,Asia
node_0010,18,48.36,52.32,5.09,159.87,2052,syncing,22,Oceania
node_0020,8,483.35,93.49,7.4,625.49,1497,synced,205,Oceania
node_0010,19,170.29,24.47,8.73,971.07,1499,synced,10,US-East
node_0019,16,353.9,57.74,0.9,412.75,930,syncing,366,US-East
node_0048,18,60.52,85.98,1.28,322.69,2824,synced,321,EU
node_0044,21,89.44,42.24,5.92,147.4,797,synced,112,Oceania
node_0023,25,294.35,28.54,6.82,950.96,2797,synced,644,US-East
node_0048,17,239.55,40.93,8.54,755.2,2525,synced,186,US-East
node_0038,16,442.6,85.5,3.94,51.38,4882,synced,332,US-West
node_0042,13,103.21,2.36,5.33,346.16,3736,synced,155,Oceania
node_0018,25,228.8,39.51,8.52,942.92,4987,syncing,382,Asia
node_0033,15,103.52,90.95,4.1,547.92,3518,syncing,12,US-West
node_0047,1,178.22,58.1,7.8,723.07,4831,syncing,636,Oceania
node_0021,8,189.37,51.81,1.65,70.32,4818,synced,237,Oceania
node_0016,24,21.93,85.85,9.82,623.78,4571,syncing,411,EU
node_0041,9,490.17,5.08,8.99,199.6,4179,syncing,102,EU
node_0006,1,179.87,82.32,9.16,690.98,2870,synced,424,US-East
node_0002,4,192.26,10.13,6.77,461.83,2937,syncing,596,US-West
node_0004,13,321.48,40.73,3.71,533.29,949,synced,466,EU
node_0026,4,348.43,18.92,6.77,232.29,3762,syncing,401,EU
node_0008,3,361.35,46.63,6.02,269.79,3919,synced,178,EU
node_0040,1,243.68,5.14,2.07,417.91,1218,synced,369,EU
node_0043,20,191.54,98.28,3.68,668.24,2027,syncing,99,US-East
node_0000,25,286.91,1.52,9.31,985.95,864,synced,703,US-East
node_0040,20,57.7,69.49,6.9,618.46,4504,synced,667,US-West
node_0025,24,219.33,73.99,9.84,943.66,163,synced,367,Oceania
node_0046,16,163.31,8.7,4.0,710.78,1256,synced,70,US-West
node_0035,25,49.89,40.48,5.45,299.36,142,synced,245,US-West
node_0017,17,154.36,12.97,5.12,553.61,4315,syncing,441,EU
node_0008,18,254.13,30.35,2.46,203.77,3636,synced,509,US-West
node_0021,2,204.58,20.19,1.89,642.06,1644,syncing,345,US-West
node_0007,20,135.17,60.57,3.68,394.6,1973,synced,601,Oceania
node_0001,1,311.11,56.64,5.48,853.51,3665,synced,162,Oceania
node_0032,21,290.77,79.67,3.36,30.22,3342,syncing,286,Oceania
node_0043,21,306.36,71.91,5.16,743.39,4178,synced,269,Asia
node_0004,14,357.88,62.98,9.12,99.63,77,synced,44,Asia
node_0024,22,338.71,42.62,4.25,932.79,3161,syncing,706,US-East
node_0017,8,397.77,65.59,9.26,714.49,383,synced,258,US-East
node_0007,7,338.99,65.19,8.17,92.09,4567,synced,285,EU
node_0039,23,109.58,25.45,1.9,259.81,3251,synced,397,Oceania
node_0024,21,488.38,60.52,4.8,262.26,2491,synced,341,US-West
node_0005,24,18.77,19.76,9.36,594.01,1265,synced,170,US-West
node_0048,15,413.91,29.97,7.08,208.22,677,synced,467,Asia
node_0039,6,323.39,5.02,9.32,814.47,2386,synced,242,US-East
node_0047,12,306.28,74.9,8.44,87.67,3135,synced,104,Asia
node_0020,20,269.17,29.25,1.99,439.96,3939,synced,121,Asia
node_0011,2,205.46,66.13,3.01,533.6,3633,syncing,566,EU
node_0047,5,142.92,90.95,7.24,555.81,2556,synced,663,EU
node_0048,7,393.48,60.07,1.82,512.74,4417,synced,408,Asia
node_0020,4,206.49,58.4,0.74,760.34,2803,syncing,189,EU
node_0020,16,87.46,34.63,1.68,173.01,3767,synced,629,EU
node_0002,6,200.37,1.07,2.83,349.96,1002,syncing,424,Oceania
node_0023,12,44.82,71.81,1.41,872.43,2353,synced,235,US-East
node_0021,20,386.09,60.32,0.81,912.6,2779,syncing,497,EU
node_0038,17,167.52,75.92,8.29,383.24,176,synced,193,EU
node_0005,5,490.34,10.97,3.55,902.81,4287,synced,710,US-East
node_0039,24,377.6,11.52,1.52,897.71,995,synced,494,US-East
node_0029,19,34.47,44.52,8.11,694.0,4171,synced,320,EU
node_0017,13,49.47,52.85,7.27,80.85,3643,synced,2,EU
node_0004,8,281.73,67.7,0.8,326.27,691,synced,609,US-West
node_0017,10,357.98,17.0,2.29,548.61,2997,synced,519,US-West
node_0007,20,141.1,1.0,2.26,843.15,4179,syncing,226,US-East
node_0008,2,220.54,54.77,6.39,183.51,4174,synced,380,US-West
node_0045,12,240.58,92.59,4.06,809.73,3981,synced,644,US-West
node_0003,6,379.44,86.85,4.28,89.69,971,synced,598,Asia
node_0039,16,408.25,82.7,9.55,521.01,1226,synced,512,Asia
node_0048,10,488.7,23.24,8.22,380.75,406,synced,205,US-East
node_0016,8,208.92,20.84,6.43,860.77,1869,synced,348,EU
node_0030,25,496.48,54.28,7.33,330.54,2525,synced,141,EU
node_0034,18,120.84,33.21,2.85,842.42,4511,synced,44,Oceania
node_0046,11,127.81,23.16,3.51,926.83,1768,syncing,207,US-East
node_0015,7,31.6,9.21,2.4,918.51,2417,synced,339,US-East
node_0045,23,80.78,60.26,1.99,387.64,3501,synced,89,US-East
node_0044,22,388.54,91.41,8.25,292.22,1284,syncing,647,US-West
node_0000,2,268.28,53.48,5.42,210.25,4495,syncing,606,US-East
node_0044,15,364.46,27.75,2.8,221.67,2463,syncing,603,EU
node_0007,16,89.05,97.68,1.8,709.07,4357,synced,504,US-East
node_0034,3,298.99,88.6,6.78,247.2,1481,synced,347,Oceania
node_0028,19,11.16,29.42,9.46,907.47,2058,syncing,194,US-West
node_0047,20,285.48,60.4,2.01,509.43,4035,syncing,636,EU
node_0034,21,46.52,16.85,3.34,19.35,2102,synced,159,Asia
node_0017,17,407.71,11.43,3.91,380.72,1162,synced,239,Oceania
node_0008,7,280.48,73.55,8.83,165.46,3808,synced,141,Oceania
node_0021,9,386.68,23.0,1.56,410.49,1771,synced,55,US-East
node_0046,16,464.91,98.0,9.94,296.53,3588,synced,201,Oceania
node_0001,13,489.07,37.64,3.14,725.12,3431,synced,675,Asia
node_0007,19,324.09,93.53,8.7,458.25,3589,synced,404,US-West
node_0034,8,327.07,4.17,4.69,189.46,1602,synced,699,EU
node_0031,19,298.68,45.79,1.28,720.44,3234,synced,531,US-East
node_0026,25,218.6,69.68,4.77,160.46,77,synced,161,EU
node_0030,3,66.5,94.01,6.22,916.06,3562,synced,49,US-West
node_0011,14,372.6,25.41,6.24,547.56,4261,synced,383,Oceania
node_0039,19,366.05,30.77,4.31,306.32,2512,syncing,239,US-East
node_0043,5,73.02,85.85,9.35,765.22,3239,syncing,476,EU
node_0027,14,266.14,54.62,1.4,460.83,3797,syncing,412,Oceania
node_0042,10,25.06,53.8,9.44,913.13,4909,syncing,426,Oceania
node_0042,17,346.95,21.71,2.08,147.33,2933,synced,584,EU
node_0004,1,498.94,72.76,9.72,190.6,3218,syncing,207,US-West
node_0004,23,64.47,92.33,0.89,42.81,4547,synced,319,Oceania
node_0016,20,321.72,24.44,6.15,169.93,2721,syncing,535,US-East
node_0027,5,481.31,47.85,3.09,636.5,1016,syncing,224,US-East
node_0039,1,214.94,35.59,6.78,857.36,1078,synced,289,US-East
node_0032,9,202.44,86.69,4.45,125.49,4330,synced,387,EU
node_0023,8,36.19,29.37,1.73,348.9,417,synced,373,US-West
node_0027,22,86.33,69.07,0.84,817.23,4651,synced,187,Oceania
node_0014,3,114.6,81.74,8.75,973.2,1534,syncing,531,US-East
node_0003,3,41.39,26.18,9.39,25.92,1849,synced,498,US-West
node_0004,18,232.08,95.6,1.5,618.97,2775,syncing,119,EU
node_0013,8,208.72,73.06,3.39,393.08,935,synced,153,US-West
node_0032,25,100.28,21.93,8.97,759.15,183,synced,355,Oceania
node_0038,23,217.05,19.58,8.18,346.76,801,syncing,519,Asia
node_0014,25,144.49,33.05,7.86,346.71,2360,synced,359,US-East
node_0029,17,135.09,70.1,4.43,856.92,2510,synced,129,EU
node_0031,1,138.82,57.99,6.51,355.19,2254,syncing,536,Asia
node_0033,10,245.99,43.31,5.78,989.13,4662,synced,289,Asia
node_0013,9,384.45,8.87,6.76,406.1,4778,syncing,373,US-West
node_0031,24,286.85,5.85,8.89,821.19,4303,syncing,537,EU
node_0042,25,216.27,44.89,2.36,81.5,4930,syncing,624,Oceania
node_0048,19,250.54,15.96,2.93,353.06,3036,synced,252,US-East
node_0025,23,69.61,52.53,2.72,222.39,3158,synced,584,US-West
node_0029,1,279.37,14.97,9.72,760.3,3785,syncing,290,EU
node_0008,3,325.54,11.7,6.75,431.56,1118,synced,85,Oceania
node_0044,6,295.13,26.14,1.36,731.47,2520,syncing,191,Asia
node_0034,12,165.75,41.88,5.08,257.85,1915,synced,190,US-East
node_0044,23,244.84,47.27,5.81,47.37,4516,synced,588,US-West
node_0035,17,107.25,66.46,4.24,70.4,2110,synced,21,Asia
node_0028,17,334.63,39.24,0.83,212.08,2498,syncing,33,US-East
node_0019,11,264.44,35.86,5.57,461.33,4431,syncing,485,Oceania
node_0025,2,266.92,5.13,3.17,776.5,2235,synced,270,US-East
node_0035,2,208.66,65.47,8.89,258.47,4828,syncing,214,Oceania
node_0026,21,269.65,61.42,1.4,916.57,3923,synced,29,EU
node_0012,6,464.36,92.33,9.09,188.53,2714,synced,256,Oceania
node_0016,6,485.37,11.02,4.41,423.17,2105,synced,581,Oceania
node_0029,23,179.34,70.73,2.56,62.82,1047,synced,640,Asia
node_0044,4,275.01,32.66,2.48,157.7,2213,syncing,10,Asia
node_0015,6,119.36,30.03,3.73,505.11,189,syncing,609,US-East
node_0045,15,103.85,25.24,0.64,387.98,1028,synced,468,Asia
node_0021,23,29.71,20.49,6.31,448.62,2936,synced,89,EU
node_0018,8,395.99,44.85,1.13,972.29,1126,synced,326,EU
node_0024,24,321.51,49.37,9.73,386.68,3871,syncing,326,US-East
node_0017,25,143.68,64.97,7.98,757.06,4858,synced,218,Asia
node_0014,13,53.56,21.06,2.64,409.53,1216,syncing,138,US-East
node_0010,19,274.1,58.95,6.25,524.93,3936,synced,111,US-East
node_0023,8,140.64,13.67,8.76,87.18,1307,syncing,606,Oceania
node_0030,23,235.97,64.73,1.65,70.59,1614,synced,536,EU
node_0036,3,278.53,70.08,7.68,389.7,4265,syncing,318,Asia
node_0008,8,322.24,20.18,9.28,74.26,4495,syncing,297,Oceania
node_0026,3,361.81,5.73,8.93,994.76,4903,synced,438,US-East
node_0047,10,291.26,97.06,2.29,39.92,4092,synced,707,Asia
node_0045,3,330.76,69.64,5.59,537.23,2861,synced,257,US-West
node_0017,24,152.75,69.02,5.69,951.43,1253,syncing,361,US-East
node_0049,6,497.5,75.95,9.66,778.5,3994,syncing,421,Oceania
node_0016,24,381.86,96.83,7.17,754.14,4898,syncing,641,Asia
node_0047,10,155.0,54.81,2.42,156.47,4637,synced,315,Asia
node_0014,25,150.26,32.9,5.77,737.91,3811,synced,441,US-West
node_0030,8,404.87,58.71,4.73,770.4,4709,syncing,612,EU
node_0018,7,470.11,27.89,4.6,492.8,3957,synced,645,US-West
node_0046,10,59.64,52.05,0.62,702.18,2343,syncing,70,EU
node_0031,13,69.26,92.01,2.49,34.38,829,syncing,36,EU
node_0037,10,351.38,64.85,7.88,253.57,2454,synced,294,US-West
node_0035,21,292.46,67.74,8.57,50.68,4466,syncing,165,EU
node_0005,22,398.74,62.59,9.4,289.35,2585,synced,699,Oceania
node_0014,12,63.53,98.38,5.34,865.06,1538,synced,173,US-East
node_0037,10,120.82,85.43,3.44,490.59,4652,synced,161,EU
node_0040,9,267.15,78.63,1.83,322.91,3134,synced,286,Asia
node_0036,23,394.94,2.58,9.31,169.13,317,synced,674,US-East
node_0017,24,365.28,96.05,5.05,170.54,496,syncing,477,US-East
node_0009,14,216.16,83.97,6.6,695.56,4749,synced,334,Asia
node_0033,8,446.86,8.01,4.31,544.65,2435,synced,340,EU
node_0042,23,59.38,53.84,8.6,422.08,2120,synced,251,Asia
node_0008,20,326.09,55.07,7.65,448.63,2035,synced,673,Asia
node_0026,1,208.39,19.42,5.78,942.45,31,synced,7,Oceania
node_0037,1,232.25,39.95,0.59,830.44,4455,syncing,204,Oceania
node_0012,21,28.26,13.14,8.68,205.05,2954,synced,220,EU
node_0011,3,365.48,59.07,0.77,994.76,3417,synced,547,Oceania
node_0007,1,467.73,81.56,8.83,684.78,3455,synced,345,US-West
node_0011,24,464.01,31.45,7.6,386.34,3421,syncing,254,US-West
node_0026,7,175.01,93.65,1.97,722.95,1531,synced,106,Oceania
node_0043,4,224.0,4.98,1.85,578.84,3723,synced,251,EU
node_0041,5,341.82,33.35,4.68,297.25,4999,synced,705,Asia
node_0008,19,395.36,76.83,5.83,741.1,37,synced,24,EU
node_0018,18,61.2,76.19,9.83,836.0,1736,synced,372,Asia
node_0039,25,99.18,73.14,8.69,532.38,2461,syncing,622,US-East
node_0022,3,290.13,8.31,4.22,964.05,4947,synced,136,Asia
node_0042,3,147.49,42.3,9.1,401.78,4655,synced,522,EU
node_0017,3,458.17,34.54,8.38,402.15,2503,syncing,95,Asia
node_0026,15,82.27,74.95,5.52,892.4,1766,synced,706,US-East
node_0002,13,342.79,32.31,3.32,887.98,3379,synced,477,EU
node_0000,20,399.72,12.88,4.83,949.95,3792,synced,666,EU
node_0011,16,76.97,38.84,7.95,540.92,4157,synced,556,Oceania
node_0017,25,370.11,88.8,6.09,864.89,4194,syncing,111,US-East
node_0020,8,396.84,71.14,4.01,255.14,609,synced,470,EU
node_0003,24,107.72,30.65,2.63,185.53,1908,syncing,593,US-West
node_0025,22,307.3,55.46,9.64,662.93,4178,synced,384,Oceania
node_0015,10,294.47,70.39,6.5,501.71,2043,synced,559,Asia
node_0035,11,57.05,30.09,3.15,958.18,3277,synced,211,Asia
node_0023,18,359.95,39.93,1.98,774.01,492,syncing,46,US-East
node_0033,21,286.49,93.87,9.09,455.9,1049,synced,585,US-West
node_0041,11,183.44,23.32,1.08,663.2,4579,synced,285,Oceania
node_0014,6,119.19,6.28,0.69,52.18,4538,synced,243,Asia
node_0035,1,450.8,9.48,6.99,338.84,1087,synced,560,EU
node_0025,23,333.14,35.27,8.41,571.75,2212,syncing,368,Asia
node_0027,10,412.74,35.08,7.26,642.3,327,synced,57,Asia
node_0011,1,369.23,64.31,1.88,505.79,1881,synced,262,EU
node_0016,16,281.82,56.26,5.94,551.71,539,syncing,96,US-East
node_0022,25,390.87,52.58,8.17,949.64,2954,syncing,217,Asia
node_0007,19,71.43,35.23,2.25,626.63,3787,synced,663,Asia
node_0016,13,132.19,80.4,2.25,337.47,3706,syncing,374,US-West
node_0011,8,436.04,43.03,5.76,752.96,4099,syncing,264,US-West
node_0002,24,53.79,73.88,0.81,500.27,4075,synced,224,US-East
node_0004,3,498.52,90.9,9.54,304.54,2662,syncing,504,Asia
node_0044,1,439.42,68.08,5.41,557.43,1693,synced,573,US-East
node_0042,24,53.61,41.96,5.33,637.61,4117,synced,275,EU
node_0036,8,481.31,91.76,1.07,677.02,2597,synced,82,Asia
node_0021,15,175.79,78.97,5.45,424.37,4858,synced,424,US-West
node_0046,5,70.76,49.97,3.19,549.37,1158,syncing,212,Asia
node_0032,16,397.15,53.22,2.1,902.23,2592,syncing,666,US-West
node_0028,24,98.74,71.25,9.07,482.53,2367,synced,587,Asia
node_0002,13,259.35,78.99,7.4,731.17,670,synced,19,US-West
node_0015,16,162.87,27.57,7.19,96.29,560,syncing,664,Asia
node_0044,5,22.04,59.26,6.45,224.56,766,syncing,713,US-East
node_0021,6,215.12,85.84,3.24,439.71,4724,synced,429,US-West
node_0041,13,20.56,21.74,7.92,12.18,402,synced,66,US-West
node_0026,6,250.89,65.21,0.76,771.75,749,synced,397,EU
node_0032,4,382.41,18.11,2.76,101.34,1430,syncing,228,Asia
node_0039,23,310.35,71.76,4.75,586.82,368,synced,507,EU
node_0020,20,396.97,47.86,3.4,377.69,1101,synced,186,Oceania
node_0029,16,67.38,95.13,4.24,349.71,1812,synced,489,US-West
node_0002,16,246.88,32.81,2.13,833.55,4375,synced,651,EU
node_0030,20,269.39,25.48,8.9,228.46,4713,synced,474,EU
node_0019,11,109.57,81.47,3.71,369.3,1321,synced,243,US-West
node_0035,20,78.06,94.16,6.12,129.75,2680,syncing,419,US-West
node_0015,3,323.12,85.13,8.39,196.15,4258,syncing,700,US-West
node_0044,5,471.23,77.72,8.87,747.48,1793,syncing,400,Oceania
node_0016,7,15.31,98.05,4.39,422.71,224,synced,183,Asia
node_0002,19,364.5,14.7,4.71,699.82,124,syncing,72,US-East
node_0037,25,146.71,89.37,3.57,888.39,4555,syncing,558,US-East
node_0032,8,389.95,98.03,9.82,797.99,4371,syncing,388,EU
node_0044,8,193.93,36.05,4.19,385.6,279,synced,74,Asia
node_0032,7,101.5,60.17,1.9,973.04,1293,syncing,421,US-West
node_0021,2,97.92,68.07,2.4,352.9,3920,synced,636,US-East
node_0049,12,388.42,21.73,6.71,346.09,702,synced,280,Oceania
node_0021,4,47.85,92.75,4.65,425.61,2462,synced,234,Oceania
node_0012,8,411.27,93.35,4.27,951.77,4310,synced,533,Asia
node_0003,2,310.63,20.42,0.62,265.22,1074,synced,499,US-East
node_0027,22,388.71,94.46,4.13,887.25,3061,synced,603,Asia
node_0034,15,301.74,74.48,1.29,831.35,809,synced,693,Asia
node_0043,21,274.8,1.35,5.1,923.81,2832,synced,287,EU
node_0020,21,470.1,14.53,7.6,594.3,2965,syncing,605,US-West
node_0018,3,70.69,61.53,3.73,148.14,4401,synced,325,US-West
node_0009,22,416.29,66.74,9.88,52.53,1535,syncing,131,Oceania
node_0020,18,327.33,33.37,1.38,17.88,1319,synced,670,US-West
node_0009,22,387.3,96.15,8.02,265.98,2825,syncing,176,EU
node_0000,2,198.01,9.14,4.59,636.46,4173,synced,401,Asia
node_0028,14,285.76,92.85,6.35,305.7,3250,synced,403,EU
node_0037,5,451.2,69.36,7.87,173.57,4051,synced,251,Asia
node_0013,22,64.54,64.82,6.93,545.04,1279,syncing,333,EU
node_0003,1,375.17,21.75,9.73,423.37,3262,synced,632,US-West
node_0010,8,130.14,26.77,2.0,597.55,911,synced,531,US-West
node_0027,25,268.21,30.44,6.38,32.54,2414,syncing,571,Oceania
node_0011,7,494.38,30.68,5.88,971.07,2953,synced,602,US-East
node_0039,22,153.2,76.94,7.64,956.1,1857,synced,189,EU
node_0015,11,105.86,24.66,3.66,894.49,3421,syncing,113,US-East
node_0027,12,350.99,50.38,4.92,125.25,22,syncing,558,US-East
node_0025,24,335.35,11.31,6.27,99.81,778,syncing,267,US-West
node_0014,15,106.03,41.0,3.28,789.92,2227,synced,390,Oceania
node_0029,7,46.6,25.14,0.74,715.51,4470,syncing,622,EU
node_0012,14,81.74,94.42,5.38,134.35,2815,synced,76,US-West
node_0047,22,284.93,95.26,5.46,932.67,2568,synced,492,US-West
node_0040,19,353.34,89.18,9.93,33.22,1723,synced,45,Oceania
node_0004,9,31.54,2.47,8.41,456.25,3988,syncing,376,EU
node_0039,8,222.63,71.16,6.85,800.6,4986,syncing,21,Asia
node_0034,14,330.76,20.19,3.62,963.32,2794,syncing,103,Oceania
node_0017,12,169.2,40.97,5.7,787.25,689,syncing,706,US-East
node_0045,11,377.4,36.05,1.51,880.34,4308,syncing,482,US-West
node_0030,7,85.33,61.72,2.99,618.9,2587,synced,123,Oceania
node_0017,18,484.13,57.33,0.83,480.39,2003,syncing,678,Oceania
node_0009,4,169.32,29.77,3.94,380.67,3977,syncing,397,US-East
node_0037,20,395.08,78.28,8.41,959.63,3008,synced,422,Asia
node_0025,15,34.24,20.62,9.21,991.91,2216,syncing,531,EU
node_0048,16,306.18,8.56,8.9,659.88,1230,syncing,418,Asia
node_0033,6,266.11,50.6,6.97,81.94,773,synced,564,Asia
node_0031,18,266.84,82.42,5.86,269.04,1124,syncing,500,US-East
node_0026,13,452.69,82.4,2.35,591.75,330,synced,58,Asia
node_0019,14,348.48,98.21,3.92,221.18,1368,synced,606,US-West
node_0005,1,450.38,51.21,1.51,938.95,186,syncing,407,Asia
node_0038,10,250.1,85.6,2.56,552.97,4500,synced,399,US-West
node_0029,5,110.79,57.97,1.21,270.5,2121,synced,398,US-East
node_0040,7,312.0,91.81,1.05,28.29,4088,synced,319,Oceania
node_0035,6,427.66,2.58,4.6,225.57,985,syncing,250,EU
node_0041,1,119.96,21.78,7.89,69.68,995,synced,377,Oceania
node_0012,3,210.78,22.63,6.97,209.84,2331,synced,397,US-West
node_0018,23,83.83,47.58,8.17,992.72,3585,synced,455,US-West
node_0041,7,215.73,75.02,9.45,319.66,3514,synced,69,Asia
node_0011,12,161.86,31.39,0.78,836.91,1039,syncing,208,Asia
node_0039,1,336.3,42.91,7.99,856.44,3775,synced,74,US-East
node_0038,22,260.88,36.85,4.93,785.79,1849,synced,610,EU
node_0017,8,176.12,50.33,7.85,267.1,3588,syncing,499,Asia
node_0031,19,243.92,26.77,2.15,223.77,2104,synced,559,US-West
node_0038,2,332.43,60.55,7.88,945.48,236,synced,336,Asia
node_0023,3,363.86,81.75,9.66,360.88,2943,synced,195,US-East
node_0007,24,175.02,1.73,4.42,386.3,1638,syncing,146,Asia
node_0039,24,331.11,19.53,9.41,124.92,3632,syncing,384,US-West
node_0029,2,399.18,48.11,4.88,981.37,1015,synced,188,US-West
node_0047,13,221.3,26.99,7.54,768.02,4309,synced,19,Oceania
node_0036,16,268.6,3.69,1.51,216.66,2899,synced,553,US-West
node_0019,7,457.46,46.96,0.59,411.53,2071,synced,460,US-West
node_0024,5,305.46,61.23,4.71,17.86,3621,synced,711,US-West
node_0028,24,405.51,45.44,9.76,971.3,1283,syncing,580,Asia
node_0006,18,410.53,13.69,3.0,610.91,3597,syncing,82,US-West
node_0014,6,417.6,28.57,3.86,919.09,3319,synced,699,EU
node_0002,21,172.86,3.88,8.38,945.64,1522,synced,8,US-West
node_0025,14,331.87,33.33,5.6,227.9,786,syncing,265,US-West
node_0048,9,256.55,51.04,2.28,352.49,3613,synced,259,Asia
node_0047,4,285.04,5.89,7.21,101.28,3006,synced,407,US-West
node_0003,25,297.03,9.13,7.96,700.4,4930,synced,608,US-East
node_0042,13,473.1,6.7,1.48,28.27,2393,synced,230,EU
node_0025,12,85.56,95.88,2.42,85.02,4290,syncing,581,Oceania
node_0011,5,243.38,98.22,3.73,243.36,4768,syncing,64,EU
node_0047,9,491.31,45.06,8.64,576.55,2350,synced,327,US-East
node_0022,13,58.28,61.47,7.91,588.44,4353,syncing,161,US-West
node_0008,23,495.04,87.67,7.41,814.92,654,synced,206,Oceania
node_0049,6,150.51,80.52,4.16,326.21,1572,synced,356,EU
node_0044,11,78.41,82.35,1.88,507.98,580,syncing,34,EU
node_0048,21,136.44,72.63,2.03,932.08,901,synced,712,EU
node_0042,3,248.81,33.48,8.33,714.28,4024,synced,578,US-West
node_0041,1,392.61,31.29,3.5,552.92,2534,syncing,255,EU
node_0043,6,478.43,66.72,9.04,777.48,1637,synced,196,US-East
node_0000,3,75.35,42.93,4.88,213.97,517,synced,540,US-West
node_0029,11,329.52,28.17,1.3,559.65,96,synced,167,EU
