user_id,transaction_count,total_volume,avg_transaction_size,active_days,peak_hour,preferred_gas_price,contract_interactions,token_types_used,privacy_score,risk_score,account_age_days
user_5feceb66ffc86f38,119,8762.72,53.86,29,18,21.47,49,9,0.003,0.704,842
user_6b86b273ff34fce1,163,4180.04,86.02,205,15,20.66,49,7,0.975,0.064,760
user_d4735e3a265e16ee,67,7178.19,82.8,131,8,44.15,98,9,0.448,0.091,441
user_4e07408562bedb8b,154,7535.5,20.65,93,4,4.03,51,9,0.103,0.718,897
user_4b227777d4dd1fc6,82,1871.39,57.76,219,10,29.88,17,15,0.266,0.839,137
user_ef2d127de37b942b,175,1588.32,64.38,192,10,17.02,63,4,0.591,0.77,730
user_e7f6c011776e8db7,112,2297.97,90.89,364,11,12.4,84,1,0.307,0.796,686
user_7902699be42c8a8e,14,215.54,95.14,160,9,47.82,76,13,0.978,0.808,782
user_2c624232cdd22177,12,3730.49,98.11,156,1,49.25,30,12,0.014,0.478,136
user_19581e27de7ced00,134,6227.34,42.05,103,22,41.81,61,4,0.63,0.104,523
user_4a44dc15364204a8,132,2805.45,10.13,198,10,31.06,49,1,0.207,0.963,857
user_4fc82b26aecb47d2,19,5304.72,72.17,299,20,15.81,71,20,0.102,0.672,316
user_6b51d431df5d7f14,180,4370.84,81.58,258,17,4.66,4,17,0.397,0.699,41
user_3fdba35f04dc8c46,124,3917.27,79.52,242,5,18.82,29,6,0.896,0.741,507
user_8527a891e2241369,39,3543.7,42.33,317,18,36.93,22,11,0.101,0.536,620
user_e629fa6598d73276,25,1320.46,44.91,246,9,2.44,33,10,0.406,0.838,740
user_b17ef6d19c7a5b1e,82,4225.52,95.69,282,7,6.79,4,10,0.999,0.433,385
user_4523540f1504cd17,187,7331.38,32.68,197,0,15.67,28,10,0.97,0.976,897
user_4ec9599fc203d176,97,1994.72,37.84,105,11,35.02,56,14,0.397,0.842,458
user_9400f1b21cb527d7,92,5980.88,35.55,212,13,41.37,14,3,0.31,0.515,370
user_f5ca38f748a1d6ea,65,2427.24,61.46,93,13,48.26,98,5,0.932,0.564,128
user_6f4b6612125fb3a0,24,7087.81,0.82,73,2,17.7,13,1,0.672,0.115,977
user_785f3ec7eb32f30b,13,8501.43,13.92,218,6,28.95,20,12,0.963,0.775,260
user_535fa30d7e25dd8a,121,3449.41,70.89,7,13,11.05,17,16,0.224,0.757,875
user_c2356069e9d1e79c,108,9116.08,68.7,24,14,11.76,33,3,0.589,0.15,828
user_b7a56873cd771f2c,51,1881.21,55.32,99,12,44.13,50,10,0.634,0.001,563
user_5f9c4ab08cac7457,54,6346.71,5.58,329,15,18.79,51,7,0.359,0.344,7
user_670671cd97404156,118,9140.83,91.7,37,9,42.93,19,15,0.769,0.011,713
user_59e19706d51d39f6,83,1862.52,61.28,229,14,27.5,82,16,0.437,0.134,261
user_35135aaa6cc23891,61,2988.35,40.19,339,5,47.38,99,20,0.053,0.022,506
user_624b60c58c9d8bfb,176,6236.57,42.27,156,1,4.01,91,14,0.546,0.265,993
user_eb1e33e8a81b697b,44,3339.26,7.64,165,11,29.41,28,2,0.608,0.63,975
user_e29c9c180c6279b0,124,3321.4,47.83,86,13,6.72,71,7,0.168,0.377,557
user_c6f3ac57944a5314,70,2885.9,58.53,355,18,31.08,51,17,0.688,0.061,615
user_86e5014965866131,58,4911.42,32.17,48,19,31.51,32,13,0.173,0.275,759
user_9f14025af0065b30,152,2472.65,76.23,197,4,22.03,4,3,0.717,0.673,985
user_76a50887d8f1c2e9,178,6806.14,17.24,316,17,16.28,98,7,0.058,0.866,205
user_7a61b53701befdae,76,7196.84,23.01,92,17,42.83,99,12,0.393,0.913,220
user_aea92132c4cbeb26,55,2797.65,11.56,278,16,23.28,68,5,0.017,0.955,487
user_0b918943df0962bc,176,7823.44,89.57,69,4,32.8,67,10,0.033,0.385,151
user_d59eced1ded07f84,59,7011.71,47.13,157,6,28.48,54,13,0.863,0.272,938
user_3d914f9348c9cc0f,139,9577.3,60.73,218,12,30.51,88,1,0.723,0.674,588
user_73475cb40a568e8d,152,2282.87,21.88,102,14,13.59,13,3,0.191,0.426,167
user_44cb730c420480a0,24,8918.11,75.64,240,16,39.0,72,17,0.43,0.293,762
user_71ee45a3c0db9a98,96,7394.44,8.8,315,22,47.94,60,3,0.06,0.95,347
user_811786ad1ae74adf,147,9676.22,27.41,221,17,31.25,39,4,0.698,0.063,825
user_25fc0e7096fc6537,36,4675.54,28.63,89,5,17.05,30,1,0.645,0.894,205
user_31489056e0916d59,15,6986.23,75.47,30,22,47.17,54,8,0.439,0.972,352
user_98010bd9270f9b10,77,3959.25,91.2,294,12,46.27,81,14,0.44,0.955,899
user_0e17daca5f3e175f,154,2326.51,63.46,224,8,43.96,52,8,0.366,0.259,935
user_1a6562590ef19d10,50,6202.34,45.0,202,20,28.92,24,3,0.267,0.762,347
user_031b4af5197ec30a,23,6812.31,42.0,13,8,31.85,1,16,0.806,0.818,688
user_41cfc0d1f2d127b0,164,487.67,38.38,23,19,24.16,23,11,0.083,0.076,340
user_2858dcd1057d3eae,177,2279.57,46.31,41,19,21.73,16,9,0.676,0.983,561
user_2fca346db6561871,168,1214.56,17.75,346,3,6.66,75,5,0.772,0.365,70
user_02d20bbd7e394ad5,135,9792.64,16.06,138,12,21.93,33,12,0.219,0.307,734
user_7688b6ef52555962,111,5961.81,95.65,144,10,15.05,6,12,0.806,0.568,751
user_c837649cce43f272,156,3341.45,55.45,129,16,15.29,91,11,0.512,0.132,98
user_6208ef0f7750c111,98,7903.43,63.8,73,15,40.91,3,1,0.029,0.378,275
user_3e1e967e9b793e90,72,3872.86,13.86,129,21,2.84,71,10,0.973,0.844,718
user_39fa9ec190eee7b6,70,3419.84,65.45,41,6,27.42,74,20,0.159,0.703,53
user_d029fa3a95e174a1,165,4454.01,88.85,233,9,45.46,44,11,0.189,0.453,111
user_81b8a03f97e8787c,88,901.55,96.14,342,6,14.21,61,1,0.4,0.718,556
user_da4ea2a5506f2693,85,1585.42,88.72,110,11,2.72,48,11,0.204,0.533,689
user_a68b412c4282555f,105,4199.56,27.12,216,17,29.21,61,13,0.44,0.127,223
user_108c995b953c8a35,105,1252.21,73.73,6,18,44.62,79,11,0.941,0.123,614
user_3ada92f28b4ceda3,125,6032.78,39.06,155,2,34.18,33,4,0.097,0.769,701
user_49d180ecf5613281,52,8324.37,4.02,319,4,44.0,33,11,0.074,0.501,252
user_a21855da08cb102d,127,2729.1,26.83,247,22,30.29,72,15,0.373,0.018,663
user_c75cb66ae28d8ebc,33,4407.91,49.48,313,3,12.09,43,8,0.765,0.093,365
user_ff5a1ae012afa5d4,151,7739.66,19.5,111,6,12.19,9,13,0.184,0.666,14
user_7f2253d7e228b22a,27,403.52,53.59,178,0,14.49,56,14,0.925,0.325,115
user_8722616204217edd,41,9818.81,26.76,179,21,20.08,8,3,0.258,0.969,910
user_96061e92f58e4bdc,158,6861.31,73.26,291,19,26.24,33,12,0.072,0.66,888
user_eb624dbe56eb6620,114,4066.25,5.51,9,0,31.34,32,13,0.77,0.446,271
user_f369cb89fc627e66,123,7587.97,0.95,288,23,13.6,57,8,0.008,0.494,147
user_f74efabef12ea619,186,4286.91,13.78,328,15,17.94,54,14,0.503,0.816,217
user_a88a7902cb4ef697,133,5787.04,0.27,252,20,48.93,85,1,0.628,0.974,840
user_349c41201b62db85,109,8034.01,0.81,191,4,26.47,0,18,0.786,0.603,451
user_98a3ab7c340e8a03,62,1420.53,52.37,278,10,29.36,6,17,0.097,0.437,802
user_48449a14a4ff7d79,159,1371.53,95.06,22,22,14.28,27,13,0.424,0.244,438
user_5316ca1c5ddca8e6,142,7913.74,89.81,106,6,19.75,0,1,0.426,0.712,411
user_a46e37632fa6ca51,93,889.29,10.45,58,17,15.43,59,2,0.816,0.557,31
user_bbb965ab0c80d653,60,8212.22,40.73,345,0,43.36,63,7,0.686,0.43,799
user_44c8031cb036a735,174,8816.71,49.08,86,3,31.58,54,17,0.884,0.759,696
user_b4944c6ff08dc6f4,74,7220.92,10.09,363,3,21.78,52,9,0.89,0.953,252
user_434c9b5ae514646b,25,1645.12,29.68,20,5,39.48,74,4,0.938,0.864,824
user_bdd2d3af3a5a1213,19,8920.99,65.73,155,22,14.55,21,4,0.653,0.01,599
user_8b940be7fb78aaa6,139,7549.47,60.67,227,0,44.23,76,5,0.76,0.419,840
user_cd70bea023f752a0,21,8746.75,74.85,98,12,30.86,26,2,0.524,0.048,974
user_69f59c273b6e669a,195,5096.25,64.99,165,18,3.98,15,13,0.756,0.021,613
user_1da51b8d8ff98f6a,124,3784.11,83.31,80,10,36.61,73,3,0.911,0.389,941
user_8241649609f88ccd,166,5677.38,89.82,110,14,39.92,77,20,0.458,0.766,264
user_6e4001871c0cf27c,159,2195.95,69.14,93,20,5.15,53,1,0.938,0.702,97
user_e3d6c4d4599e0088,84,7458.94,27.7,297,17,43.0,41,5,0.43,0.947,2
user_ad48ff99415b2f00,124,4586.46,76.02,44,22,45.69,25,15,0.717,0.683,708
user_7b1a278f5abe8e9d,35,2241.25,5.89,314,7,7.45,42,5,0.466,0.915,247
user_d6d824abba4afde8,3,5527.29,0.41,282,5,28.67,37,16,0.136,0.196,97
user_29db0c6782dbd500,103,9239.41,52.19,18,21,48.42,16,12,0.308,0.063,840
user_8c1f1046219ddd21,41,9263.1,83.6,269,14,3.39,47,15,0.7,0.39,559
user_ad57366865126e55,151,4586.58,29.91,188,9,28.74,27,13,0.09,0.842,495
user_16dc368a89b428b2,151,6386.66,80.83,31,13,7.57,13,5,0.433,0.269,753
user_37834f2f25762f23,120,4749.66,30.82,62,18,15.79,43,10,0.648,0.182,840
user_454f63ac30c83229,32,2651.99,26.43,326,23,18.36,90,10,0.085,0.646,206
user_5ef6fdf32513aa7c,70,2807.2,52.85,3,7,12.5,76,5,0.59,0.542,990
user_1253e9373e781b75,17,4697.26,68.77,15,8,37.38,93,20,0.317,0.298,705
user_482d9673cfee5de3,168,2512.63,47.83,134,0,43.74,94,14,0.522,0.622,449
user_3346f2bbf6c34bd2,70,8953.68,29.55,283,19,39.5,43,12,0.225,0.495,517
user_9537f32ec7599e1a,195,3897.2,74.86,198,19,10.06,96,5,0.254,0.254,188
user_0fd42b3f73c448b3,192,9529.08,50.96,237,6,46.44,72,8,0.576,0.714,110
user_9bdb2af6799204a2,135,7786.77,61.92,11,5,29.59,97,6,0.372,0.962,909
user_f6e0a1e2ac41945a,3,9101.23,37.44,294,18,26.74,52,4,0.135,0.78,462
user_b1556dea32e9d0cd,164,7343.6,46.01,155,19,29.59,15,7,0.244,0.089,689
user_6c658ee83fb7e812,162,4491.53,31.54,348,7,7.85,19,9,0.033,0.087,367
user_9f1f9dce319c4700,7,8361.11,99.45,45,23,16.67,48,19,0.971,0.922,314
user_28dae7c8bde2f3ca,196,7482.28,12.8,311,4,31.33,10,12,0.149,0.922,125
user_e5b861a6d8a966df,173,9428.0,2.58,2,14,24.27,8,20,0.775,0.06,483
user_2ac878b0e2180616,142,3004.29,92.79,351,22,33.61,3,16,0.068,0.755,705
user_85daaf6f7055cd57,106,8168.69,34.42,209,16,29.18,86,1,0.688,0.475,247
user_3038bfb575bee6a0,3,3636.96,27.35,276,19,35.39,53,19,0.474,0.744,955
user_2abaca4911e68fa9,146,3129.88,35.24,259,2,11.59,56,6,0.476,0.906,540
user_89aa1e580023722d,74,1633.03,96.04,280,3,49.49,63,2,0.833,0.764,7
user_1be00341082e25c4,200,1637.53,49.84,151,16,28.85,44,11,0.96,0.881,24
user_a665a45920422f9d,83,2460.6,41.69,276,19,7.03,52,8,0.687,0.424,107
user_6affdae3b3c1aa6a,175,4898.55,48.88,208,21,44.74,60,20,0.107,0.115,422
user_0f8ef3377b30fc47,14,7329.37,0.2,207,8,25.22,82,15,0.078,0.97,985
user_65a699905c026193,157,3416.91,62.07,147,13,32.07,82,20,0.524,0.56,140
user_922c7954216ccfe7,142,5479.81,40.93,119,4,14.2,60,4,0.601,0.703,312
user_2747b7c718564ba5,131,4839.88,36.25,116,11,10.14,40,6,0.642,0.427,245
user_6566230e3a3ce377,177,6882.28,8.82,98,12,29.11,26,5,0.015,0.974,160
user_38d66d9692ac5900,185,5162.91,98.16,156,23,34.64,84,13,0.981,0.11,706
user_eeca91fd439b6d5e,43,3839.65,37.72,60,0,25.84,100,3,0.618,0.837,910
user_dbb1ded63bc70732,132,4606.64,82.98,153,9,22.7,32,15,0.702,0.287,378
user_d2f483672c0239f6,189,7139.7,28.25,27,22,31.09,61,15,0.386,0.989,97
user_5d389f5e2e34c6b0,81,6987.19,37.03,300,12,17.3,85,7,0.534,0.437,668
user_13671077b66a2987,191,5636.02,38.62,5,23,7.05,2,18,0.798,0.54,484
user_36ebe205bcdfc499,67,1906.93,90.43,153,21,40.28,56,2,0.918,0.937,211
user_d80eae6e96d148b3,189,8699.03,74.87,15,7,16.39,83,20,0.711,0.021,383
user_d6a4031733610bb0,153,6864.8,74.04,314,17,3.16,41,16,0.474,0.896,649
user_8d27ba37c5d81010,1,2696.24,10.32,212,7,37.18,50,14,0.06,0.015,493
user_dbae772db29058a8,79,9170.09,66.72,312,12,45.56,83,15,0.318,0.913,990
user_2c7d5490e6050836,118,2469.94,89.65,348,2,2.73,54,7,0.65,0.74,504
user_d4ee9f58e5860574,31,2464.64,22.67,91,21,24.11,12,20,0.164,0.746,94
user_d6f0c71ef0c88e45,152,247.82,36.28,290,4,27.8,86,12,0.484,0.125,156
user_5ec1a0c99d428601,154,8049.51,47.44,10,14,11.92,11,13,0.209,0.741,111
user_be47addbcb8f6056,170,5329.89,82.89,314,13,47.04,88,18,0.096,0.588,496
user_0a5b046d07f6f971,189,2607.06,81.36,15,11,37.26,36,7,0.014,0.769,207
user_1d28c120568c10e1,139,6850.46,10.39,92,8,4.88,58,18,0.709,0.878,597
user_ec2e990b934dde55,50,2047.71,64.27,301,0,18.06,57,19,0.339,0.24,312
user_05ada863a4cf9660,106,7180.01,79.77,38,3,36.91,15,17,0.507,0.17,636
user_9ae2bdd7beedc2e7,42,5089.55,30.11,264,7,24.91,70,15,0.279,0.325,516
user_8e612bd1f5d132a3,189,6344.93,90.3,202,9,30.7,35,11,0.288,0.34,464
user_043066daf2109523,121,5769.86,17.61,69,23,38.91,99,8,0.519,0.448,737
user_620c9c332101a5ba,5,8483.86,59.16,279,13,1.76,86,9,0.109,0.53,784
user_1d0ebea552eb43d0,152,258.62,77.31,284,9,46.92,19,17,0.378,0.127,265
user_210e3b160c355818,56,3795.65,11.9,235,0,43.54,58,3,0.888,0.726,463
user_0fecf9247f3ddc84,55,7556.06,89.15,53,7,19.22,16,3,0.677,0.386,218
user_c75de23d89df36ba,118,7936.34,42.17,39,9,19.53,91,17,0.595,0.838,831
user_7ed8f0f3b707956d,168,9295.81,4.76,277,6,13.23,100,7,0.312,0.08,305
user_ff2ccb6ba423d356,125,8960.25,5.91,206,20,15.69,35,16,0.173,0.604,887
user_a512db2741cd2069,101,5579.07,69.01,260,8,23.23,2,14,0.38,0.694,238
user_bb668ca955632160,62,922.46,98.89,132,3,11.18,99,19,0.802,0.856,270
user_79d6eaa2676189eb,118,9442.7,76.45,181,8,45.66,89,14,0.852,0.907,466
user_3d3286f7cd19074f,191,720.98,74.28,252,9,48.08,63,8,0.844,0.038,561
user_3f9807cb9ae9fb6c,46,823.77,31.87,211,20,3.14,8,19,0.618,0.074,78
user_bc52dd634277c4a3,197,2279.89,64.69,141,11,33.05,15,8,0.479,0.744,585
user_e0f05da93a0f5a86,66,9341.46,20.68,287,3,31.54,89,19,0.792,0.643,407
user_73d3f1ba062585bc,18,8855.11,64.03,25,23,26.17,77,19,0.836,0.712,541
user_80c3cd40fa35f908,77,1421.06,16.29,123,7,26.88,15,5,0.332,0.775,699
user_f57e5cb1f4532c00,128,4175.05,7.26,144,3,13.67,85,10,0.607,0.182,906
user_734d0759cdb4e0d0,1,3090.37,75.12,161,12,38.89,81,13,0.426,0.747,191
user_284de502c9847342,152,9035.39,43.71,243,3,7.49,7,17,0.776,0.224,513
user_68519a9eca55c68c,175,8289.04,40.71,301,22,40.1,67,4,0.51,0.811,123
user_4a8596a7790b5ca9,16,9927.01,69.53,307,14,15.93,54,15,0.354,0.108,170
user_41e521adf8ae7a0f,137,7131.94,5.96,316,21,41.51,15,14,0.928,0.488,47
user_dac53c17c250fd4d,87,3773.66,36.4,297,10,46.09,19,7,0.862,0.437,272
user_cba28b89eb859497,101,9659.68,33.01,183,18,18.84,42,11,0.49,0.016,719
user_8cd2510271575d84,26,696.69,58.64,198,23,7.34,45,18,0.09,0.227,572
user_01d54579da446ae1,57,478.42,7.01,130,9,28.24,17,7,0.101,0.701,423
user_3068430da9e4b7a6,28,7883.71,92.49,259,12,27.93,27,13,0.129,0.715,704
user_7b69759630f869f2,135,7785.79,73.62,137,0,14.24,21,14,0.925,0.186,829
user_580811fa95269f3e,125,2451.77,58.22,265,16,48.75,33,8,0.459,0.126,70
user_bfa7634640c53da7,157,8962.31,37.43,292,19,20.25,9,3,0.561,0.745,306
user_b8aed072d29403ec,49,6024.58,5.01,204,10,44.24,20,11,0.125,0.326,284
user_52f11620e397f867,85,4637.47,5.0,16,2,20.36,96,10,0.344,0.372,756
user_61a229bae1e90331,163,8146.82,24.63,334,8,17.82,28,4,0.477,0.001,841
user_2811745d7b8d8874,155,2686.11,83.64,210,19,41.78,62,4,0.328,0.57,306
user_38b2d03f3256502b,1,7321.33,18.15,104,8,45.64,47,7,0.223,0.988,305
user_d6061bbee6cf13bd,175,5148.76,6.7,225,10,47.19,28,17,0.781,0.248,36
user_7045d16ae7f043ec,92,5033.42,63.05,335,18,8.7,85,13,0.227,0.761,981
user_2397346b45823e07,131,6612.48,82.71,116,13,20.96,98,20,0.56,0.159,896
user_70260742c2952154,111,7999.07,63.83,304,12,3.95,30,13,0.35,0.683,570
user_eb3be230bbd2844b,165,907.18,96.37,180,14,2.75,32,17,0.873,0.569,960
user_684fe39f03758de6,137,3190.37,31.57,280,15,21.0,53,15,0.458,0.912,283
user_7559ca4a957c8c82,169,3299.63,3.51,112,5,45.99,65,7,0.666,0.807,436
user_1dfacb2ea5a03e0a,78,1788.31,33.28,51,18,11.7,24,11,0.647,0.808,380
user_b4bbe448fde336bb,11,1573.61,50.97,274,23,43.46,26,1,0.302,0.922,843
user_8bcbb4c131df56f7,55,5598.97,67.28,161,16,13.65,49,11,0.289,0.406,143
user_a4e00d7e6aa82111,31,5948.75,50.3,58,14,42.71,27,6,0.571,0.456,747
user_5a39cadd1b007093,29,4226.5,5.67,174,8,46.9,94,12,0.724,0.874,831
user_27badc983df1780b,192,4204.71,64.49,247,4,19.84,46,10,0.352,0.773,287
user_43974ed74066b207,127,2344.43,79.31,142,9,16.04,45,8,0.699,0.845,156
user_c17edaae86e4016a,140,8721.95,22.82,173,8,38.0,57,12,0.965,0.809,336
user_4621c1d55fa4e86c,126,8334.58,11.86,181,4,16.52,96,14,0.597,0.138,802
user_fc56dbc6d4652b31,4,3971.13,41.23,41,8,40.94,24,1,0.151,0.974,250
user_f8809aff4d69bece,165,1913.88,79.59,225,22,40.19,79,12,0.185,0.889,660
user_5cf4e26bd3d87da5,199,9721.56,63.29,75,2,10.13,79,17,0.127,0.6,223
user_968076be2e38cf89,194,1263.88,8.55,56,19,28.68,47,6,0.382,0.553,862
user_8df66f64b5742439,25,841.53,22.0,199,22,46.68,74,20,0.008,0.782,494
user_83f814f7a92e365c,79,6245.51,24.49,297,21,4.51,88,8,0.155,0.191,484
user_d29d53701d3c859e,43,3412.32,1.53,126,8,47.24,49,16,0.649,0.9,523
user_093434a3ee9e0a01,2,7529.67,63.45,26,23,35.77,89,19,0.803,0.32,324
user_fa2b7af0a811b9ac,46,4691.11,9.21,126,19,16.49,45,1,0.487,0.534,837
user_d48ff4b2f68a10fd,130,9765.96,66.36,125,15,25.51,43,3,0.901,0.336,391
user_802b906a18591ead,157,7195.59,40.34,298,17,16.29,14,4,0.217,0.542,934
user_d86580a57f7bf542,186,6264.81,67.66,255,15,36.14,68,2,0.574,0.284,753
user_0f4121d0ef1df4c8,9,5008.04,74.67,193,16,4.12,45,8,0.18,0.402,652
user_16badfc6202cb3f8,50,8318.21,3.39,29,6,22.01,69,4,0.987,0.127,863
user_5966abd0cbfc86f9,178,408.38,72.12,342,13,10.35,66,6,0.689,0.367,52
user_314f04b30f62e005,148,5908.07,7.02,176,4,43.81,65,5,0.682,0.446,493
user_36790ecd55c2030d,58,5286.03,34.95,365,20,40.23,60,15,0.234,0.755,498
user_67e9c3acebb154a2,93,3302.56,8.86,331,12,42.82,27,1,0.762,0.867,474
user_9b871512327c09ce,114,7339.5,54.17,278,19,5.36,34,10,0.211,0.49,999
user_56f4da26ed956730,196,2652.27,55.12,70,15,31.57,61,7,0.954,0.359,243
user_84a5092e4a5b6fe9,114,7656.9,69.84,212,18,14.31,68,3,0.301,0.475,718
user_0e6523810856a138,178,3020.37,10.65,235,9,48.69,58,18,0.437,0.183,442
user_8f1f64db81c40ea1,86,9705.31,80.82,60,1,42.46,28,18,0.723,0.251,797
user_dfe62e836a0a6f26,96,3898.1,93.15,289,4,5.44,11,3,0.114,0.6,428
user_9d693eeee1d1899c,177,5353.15,17.33,27,11,1.71,74,1,0.735,0.179,23
user_08490295488a1189,183,6139.64,64.24,295,23,36.12,29,17,0.714,0.198,918
user_a0eaec5a55dc2f5b,133,9524.76,16.0,145,14,48.95,97,19,0.082,0.957,639
user_138d9e809e386a7b,35,996.03,94.69,340,8,6.7,45,7,0.494,0.47,24
user_835d5e8314340ab8,34,869.68,1.58,6,4,11.37,12,3,0.771,0.556,149
user_c0509a487a18b003,83,9155.99,17.48,270,1,22.26,56,10,0.045,0.207,950
user_114bd151f8fb0c58,103,3122.45,33.78,323,21,39.49,82,8,0.553,0.586,458
user_0a2d643bfd24a028,179,6009.9,19.89,141,6,27.71,93,10,0.735,0.631,219
user_9a049b03f6fc40bf,194,1023.56,5.39,137,1,30.41,99,1,0.477,0.83,455
user_f0bc318fb8965cad,95,8614.92,19.28,318,23,7.3,29,5,0.214,0.318,486
user_8ae4c23b80d1e7c8,150,736.02,14.38,16,10,27.07,96,9,0.144,0.006,211
user_79bf08685d3138f9,44,6037.76,94.99,22,21,18.56,70,12,0.975,0.95,184
user_6af1f692e9496c6d,193,3636.86,89.33,16,17,13.58,57,3,0.969,0.553,218
user_749fc650cacb0f06,23,9610.28,11.35,102,5,37.77,34,1,0.715,0.737,235
user_14063697603e22d6,38,3158.74,43.01,22,8,3.4,20,2,0.106,0.228,36
user_72440a20f54075ac,83,3999.71,15.67,34,7,24.48,85,17,0.633,0.213,979
user_82c01ce15b431d42,159,9817.7,78.98,101,16,11.4,54,7,0.373,0.916,501
user_011af72a910ac4ac,180,5509.67,2.48,34,12,42.06,37,4,0.958,0.205,143
user_37c20f19f3272b5c,193,9099.54,40.46,309,14,3.2,44,17,0.759,0.477,387
user_396f804443825586,124,3388.57,77.74,75,4,48.03,33,1,0.198,0.259,899
user_766cb53c753baeda,124,2495.52,59.56,88,23,17.76,70,12,0.339,0.477,961
user_9f484139a27415ae,48,7129.6,52.2,97,12,15.44,45,3,0.613,0.353,184
user_1e472b39b105d349,26,1094.86,34.64,53,10,7.93,22,13,0.298,0.782,31
user_c75d3f1f5bcd6914,31,1930.06,45.3,269,13,4.35,76,13,0.868,0.415,907
user_d6e5a20b30f87216,79,56.62,39.13,341,1,22.19,85,7,0.348,0.354,228
user_e7866fdc6672f827,183,5407.48,85.29,339,4,7.34,82,6,0.08,0.358,855
user_9512d95d00d61bde,55,7884.71,2.2,174,20,10.8,51,14,0.323,0.297,419
user_9556b82499cc0aaf,161,7819.53,44.73,255,13,37.88,34,12,0.315,0.674,931
user_51e8ea280b44e169,30,6780.04,10.42,255,0,38.31,57,8,0.974,0.146,55
user_4c970004b0678d43,86,2679.55,16.96,236,9,35.69,49,20,0.991,0.621,691
user_a30f4ef42176d28f,71,7408.16,72.71,121,2,40.27,83,6,0.637,0.68,76
user_7c252ab334fb8fd8,146,5878.93,15.84,25,8,23.87,60,19,0.608,0.248,373
user_39bb88f40d3aa2b2,125,8358.25,0.07,107,1,13.86,70,14,0.52,0.428,121
user_e888a676e1926d0c,59,7409.15,29.16,208,10,43.22,71,16,0.368,0.943,403
user_9e6a72557ada15d0,69,8304.84,38.4,326,20,10.78,8,12,0.326,0.269,471
user_4be84111a613654b,121,763.53,42.16,255,10,28.61,67,6,0.796,0.076,801
user_bba58959c32abe68,19,338.64,12.8,321,22,16.06,82,9,0.073,0.03,924
user_768b84ef05f655d5,9,7339.58,7.19,273,17,3.2,22,3,0.597,0.188,544
user_ea5b27556fbb134d,82,6786.24,37.95,307,6,27.41,90,11,0.464,0.934,198
user_8acc23987b8960d8,188,3002.17,94.71,261,18,47.97,56,9,0.393,0.042,641
user_8b496bf96bbcc9e5,198,7834.38,87.37,315,23,18.26,12,12,0.075,0.901,557
user_f747870ae666c39b,140,122.73,82.02,317,7,9.22,73,6,0.782,0.968,866
user_d8d1790737d57ac4,82,3727.48,37.28,261,21,4.36,70,9,0.846,0.303,58
user_3635a91e3da857f7,52,294.87,9.88,131,21,30.78,27,10,0.508,0.733,375
user_1c6c0bb2c7ecdc3b,179,9487.84,6.09,244,16,6.91,1,8,0.666,0.611,861
user_303c8bd55875dda2,112,6828.77,49.92,171,3,45.56,7,1,0.406,0.153,340
user_718127812c05853f,168,5242.95,77.11,198,1,17.41,58,19,0.857,0.723,187
user_3a1dfb05d7257530,134,2643.5,93.71,321,2,4.47,17,6,0.704,0.519,271
user_c76b405781134be1,44,8184.85,66.25,16,14,39.76,16,19,0.34,0.446,480
user_27d719c754aacd49,170,1540.97,83.46,141,15,19.82,58,2,0.009,0.243,723
user_ee62de25ccc2b55d,152,2068.79,79.87,326,21,29.29,7,16,0.846,0.616,248
user_efd96aedf377e20a,125,1669.02,29.92,355,2,22.72,21,2,0.484,0.337,857
user_7f0a22117f8fe017,91,8659.73,74.42,96,17,18.21,41,6,0.211,0.735,169
user_71a1c003a2b855d8,80,287.27,83.83,358,19,31.74,100,14,0.671,0.544,242
user_27e1615212f3c6ea,144,8383.53,44.66,40,9,14.48,60,8,0.569,0.591,174
user_e0850a775c17a870,59,9199.7,84.3,326,3,30.3,47,12,0.371,0.977,559
user_1e68ed4e3d58a510,65,5056.37,84.16,7,5,35.47,66,14,0.956,0.762,815
user_a0d177b4967a6d99,138,3561.79,64.75,41,2,40.76,26,9,0.207,0.425,678
user_00328ce57bbc14b3,146,2097.92,30.96,31,14,38.36,20,12,0.042,0.257,223
user_d7cdaa5ca0582076,92,5939.25,78.97,115,13,36.58,52,10,0.241,0.398,903
user_23c657f2efda7731,92,1373.79,13.96,136,22,40.72,49,12,0.447,0.177,371
user_af180e4359fc6179,142,4074.83,13.3,303,12,41.82,93,5,0.883,0.111,168
user_09895de0407bcb03,145,6275.3,84.76,112,10,49.07,84,15,0.236,0.819,122
user_33512007840ced1b,39,7036.55,86.46,351,15,45.83,12,17,0.353,0.656,943
user_6db6eb4af1e18ab8,58,4508.46,25.54,89,20,19.45,47,17,0.244,0.209,706
user_7cb676d57114874e,90,6613.21,91.38,128,22,22.5,35,17,0.91,0.075,671
user_2cfc8ccbd7c0b176,31,9852.91,40.27,330,16,23.1,22,19,0.645,0.579,156
user_9cfd3c755be26b4e,120,6060.32,74.93,162,18,38.99,63,17,0.159,0.356,623
user_a0f8b2c4cb1ac82a,162,7583.18,50.81,339,16,34.72,38,13,0.092,0.452,852
user_4c15f47afe7f817f,42,7153.59,19.83,332,22,9.14,4,5,0.829,0.033,506
user_76ebdb6d45c61ca1,71,4452.49,63.75,43,23,38.33,13,16,0.126,0.834,666
user_308831041ea4863c,65,1444.83,94.91,228,8,37.36,89,5,0.132,0.954,939
user_983bd614bb5afece,190,9334.71,76.35,81,14,44.82,35,2,0.446,0.494,280
user_c3ea99f86b2f8a74,39,6389.52,9.71,94,18,46.92,70,20,0.971,0.046,239
user_f32828acecb4282c,162,5450.57,6.84,298,21,20.63,48,19,0.937,0.157,406
user_8bd9c0d453533757,184,6131.39,20.26,241,6,39.1,35,4,0.131,0.918,204
user_d874e4e4a5df2117,160,1385.42,72.61,197,0,40.71,21,19,0.298,0.845,304
user_090d3859ff6840b2,69,9852.89,19.86,248,5,48.35,56,12,0.423,0.627,73
user_38b83caefa1ef269,183,7945.11,62.68,117,21,45.58,4,6,0.735,0.608,576
user_6d976934be74941f,143,7531.33,76.82,347,17,8.83,95,17,0.882,0.664,826
user_48a1706eca5ee614,52,2352.44,85.53,352,3,35.15,15,11,0.053,0.384,584
user_43c727ee4fc72505,192,7717.44,48.61,299,18,5.53,40,4,0.431,0.688,628
user_226f76b55acb4970,126,9246.53,7.4,202,11,17.61,46,3,0.67,0.849,787
user_20e9c64c05a54d19,41,6202.72,25.6,229,2,2.52,91,5,0.208,0.858,249
user_865736a1c30a82dc,11,2568.35,98.24,255,12,26.78,42,10,0.111,0.414,749
user_8efbbe9bc19ad2e0,108,5501.76,2.23,45,6,22.79,51,11,0.387,0.87,62
user_748064be03a08df8,34,855.88,0.35,257,11,11.79,88,7,0.713,0.278,980
user_377adeb4cd4096ad,75,9350.12,8.4,201,10,33.24,32,13,0.503,0.868,255
user_7a20311cf7a4b222,27,8336.88,55.44,175,18,35.38,98,3,0.854,0.249,570
user_8d1ede4f889e0ed6,158,22.46,23.58,176,6,2.21,27,14,0.845,0.977,114
user_aae02129362d6117,194,1536.48,48.7,241,23,36.15,88,15,0.139,0.453,318
user_156091ee0884f36d,110,2445.49,75.1,288,13,30.57,8,8,0.831,0.522,656
user_88820462180e5c89,82,6995.63,54.0,116,22,10.09,13,5,0.943,0.189,806
user_8d23cf6c86e834a7,109,6020.72,50.71,315,9,2.34,67,11,0.541,0.421,796
user_f10d91a7596bf5a6,181,3008.86,12.08,169,23,5.78,54,5,0.962,0.442,53
user_3949ac1596ec7710,34,4476.65,36.63,25,16,36.01,75,11,0.29,0.829,523
user_1038e0b72d98745f,66,4061.73,98.97,181,19,16.83,91,14,0.391,0.368,774
user_9e11c362bc3d3572,46,6789.78,4.71,186,19,29.72,58,2,0.414,0.815,797
user_a4e987d17584557e,79,6953.62,23.82,295,18,9.51,9,3,0.186,0.256,330
user_02cca3803b564ede,4,794.53,72.9,294,9,31.35,1,18,0.88,0.232,932
user_2452984f72ef1195,74,9288.23,72.35,100,22,19.79,57,7,0.317,0.782,447
user_0791963ca2667a23,80,1071.64,46.52,267,10,31.36,93,15,0.182,0.931,761
user_5426d2ca50f244fb,47,4321.0,95.57,255,17,5.31,25,7,0.009,0.243,31
user_0bba869d7f392cbc,186,4553.67,11.72,138,3,31.18,21,11,0.76,0.381,704
user_7104741a92e73eb6,12,1688.11,77.84,176,16,24.33,30,19,0.306,0.873,701
user_556d7dc3a1153563,132,1715.66,30.27,360,20,34.14,56,11,0.22,0.24,557
user_058d5d43bf485bf7,102,783.98,31.12,267,7,2.41,25,12,0.433,0.969,932
user_7acc684a848a9b95,130,3029.98,12.4,102,5,28.34,70,3,0.158,0.172,763
user_eaa0689a095d4394,126,9928.37,5.31,15,11,45.69,63,11,0.47,0.114,225
user_8ede6b26343305e0,161,5184.74,3.66,260,14,1.07,9,3,0.306,0.674,471
user_5d8f6cce532a7aeb,189,3895.74,12.51,239,13,46.02,65,10,0.331,0.019,490
user_fc95ce176603e9e1,50,5801.17,56.21,258,17,28.19,58,5,0.565,0.415,495
user_9644294ac4ffb309,34,3897.81,11.22,34,3,41.03,57,19,0.7,0.265,125
user_524b2d27a1e7fbc3,180,3333.8,3.22,12,23,44.74,36,11,0.659,0.402,749
user_023849c38925e2af,49,3843.5,2.8,70,1,21.12,1,19,0.915,0.56,695
user_3c15285c04fff400,200,1454.75,46.2,39,3,11.6,16,15,0.986,0.954,321
user_02e6295d8f522840,107,3139.91,74.51,9,6,2.12,12,11,0.789,0.785,851
user_da70dfa4d9f95ac9,139,2911.78,10.75,253,14,48.02,89,8,0.979,0.476,163
user_6aac0cf87a32e631,23,8327.39,62.76,229,16,42.0,88,5,0.074,0.914,579
user_2289b221b39605c3,1,4262.2,81.34,329,5,3.39,1,11,0.867,0.395,76
user_06b2d82840e43ed8,172,8349.26,27.95,16,0,47.58,43,15,0.147,0.363,935
user_72ba187b05e705de,54,9993.54,85.52,100,11,33.82,16,8,0.51,0.921,597
user_deeeb5df3f2cee6b,194,6639.54,32.37,320,20,6.54,26,13,0.654,0.094,889
user_04a8708c3a481ced,138,5174.36,91.94,212,4,27.05,91,7,0.684,0.305,904
user_9a72c24f2fd76561,178,5147.27,44.1,133,4,4.54,29,15,0.054,0.726,765
user_459535faa370a3b5,154,8620.2,28.38,57,10,7.94,50,20,0.318,0.45,935
user_09a1b036b82baba3,5,2073.26,75.77,10,4,45.66,60,12,0.757,0.013,82
user_355d8c0ee4e5698e,153,2972.83,82.55,313,12,44.81,63,18,0.376,0.143,945
user_03a3d955b8799a90,88,623.33,26.3,220,18,46.05,99,5,0.305,0.7,419
user_2ab0ce7632a611e9,182,4237.78,58.28,233,3,49.01,46,20,0.368,0.53,560
user_62a0eae98b9fc0bd,124,2668.94,32.6,320,9,25.71,33,12,0.355,0.844,140
user_9197e4844abed2fe,140,8179.51,23.95,270,23,43.26,29,7,0.665,0.398,798
user_838f461c2fa673ce,150,7084.82,39.98,151,23,5.6,24,4,0.55,0.743,348
user_73daa9289ddd08a5,170,3310.96,71.31,110,10,7.83,50,2,0.711,0.737,127
user_3963317a2b410e53,187,7635.93,26.55,341,0,41.15,35,10,0.992,0.06,982
user_a43231c2216f23db,105,1003.42,48.23,100,15,49.82,2,14,0.218,0.877,96
user_b3dfdc6efe322a6f,121,4453.46,19.54,265,17,26.7,18,4,0.671,0.07,717
user_4e47eb5525df25f9,40,8547.62,73.79,31,7,35.19,11,13,0.649,0.184,434
user_600b4cdf20cc06a7,137,4118.34,67.92,129,0,8.99,50,4,0.421,0.363,195
user_0788979fc9366e21,50,4697.09,29.37,124,17,39.17,15,17,0.903,0.333,440
user_8e6aee9efac8086e,39,6949.31,11.05,126,9,34.24,26,1,0.271,0.977,542
user_5f193b350c8aba48,117,8387.95,77.05,262,1,31.63,74,7,0.508,0.764,664
user_f1607c19a0f910ca,117,1807.3,90.98,29,16,15.74,2,18,0.766,0.346,219
user_9b15fed64ef16980,13,4548.56,10.07,228,2,40.04,0,1,0.377,0.879,515
user_62f77e7d6197863a,86,526.43,89.79,338,10,3.31,47,9,0.614,0.907,456
user_e52d08747b9d7a6d,166,8394.53,71.64,176,9,29.1,4,6,0.341,0.402,589
user_01299ac65733b5a3,41,3517.85,53.44,179,12,10.72,5,4,0.308,0.007,691
user_de5872c6bb4494ce,131,9195.14,2.36,212,19,4.37,56,9,0.548,0.73,403
user_12e2c8df501501b2,51,4135.88,51.51,290,11,1.81,56,9,0.333,0.658,526
user_2c4cf65733783512,64,1852.93,16.35,59,9,43.47,52,16,0.771,0.033,669
user_21ef779311a43f0e,5,7278.08,31.26,147,8,16.35,77,11,0.885,0.452,201
user_64c212df34c66e6f,17,6456.88,84.85,132,6,13.38,30,14,0.193,0.004,326
user_2af4dd48399a5cf6,8,3101.45,7.85,220,20,13.3,56,13,0.522,0.074,631
user_392a52e4f77c40bf,93,4054.74,63.49,348,14,39.33,83,6,0.444,0.593,885
user_f65ccfbfec288565,36,4595.11,69.3,328,7,25.67,55,1,0.913,0.625,583
user_48b361d46638bfa4,108,8334.76,95.79,301,20,43.89,97,14,0.907,0.991,815
user_37b73510175057c6,137,983.13,22.21,277,5,15.79,57,6,0.171,0.919,906
user_131b0c35e2d7edef,2,3905.61,68.2,302,3,37.7,53,15,0.92,0.431,427
user_15a26c6fa5151c71,15,5165.9,56.61,127,10,15.29,59,10,0.604,0.128,197
user_25dac95b8f595046,183,5448.42,75.32,207,3,2.18,89,12,0.084,0.952,680
user_ab5e292db6495899,163,2875.8,33.6,191,4,11.53,22,14,0.653,0.04,294
user_b98880883fd8d975,152,3546.17,71.51,209,12,34.92,14,2,0.895,0.306,49
user_48a1a756f2d83f1d,34,4363.88,95.5,33,4,15.49,81,11,0.356,0.54,785
user_a934c244755c66ae,57,9705.98,18.17,327,1,38.22,22,10,0.832,0.8,639
user_6ea2fdb3399f4d2e,17,3603.29,97.77,315,11,15.13,72,14,0.38,0.272,956
user_99a0b871c9047c4f,21,2847.49,60.19,15,1,27.1,33,10,0.733,0.201,179
user_04d19fde0a08b17a,2,3822.52,62.38,275,15,19.71,62,13,0.932,0.217,773
user_a3af7b3808c4cf72,185,918.74,9.68,51,14,11.87,62,17,0.903,0.006,427
user_3c1b7053f0edd447,93,7726.83,79.28,145,13,2.66,18,15,0.246,0.878,926
user_1d2028ddcd746a7e,106,6840.48,31.63,350,1,27.74,9,20,0.274,0.216,368
user_188c1fdca79d927f,61,5945.9,4.33,69,3,5.71,58,17,0.827,0.768,8
user_0f78540965a86402,69,6087.99,84.55,36,18,34.47,85,15,0.917,0.64,752
user_26d228663f13a885,76,4578.04,57.28,95,7,42.76,35,2,0.066,0.301,353
user_dcaadad1cfce4377,157,8880.79,11.18,169,1,45.22,63,19,0.824,0.055,109
user_b7c7470e59e2a2df,181,5963.53,80.24,218,15,23.49,58,10,0.155,0.793,692
user_d26eae87829adde5,72,2243.26,72.48,133,22,18.11,64,17,0.567,0.543,939
user_6b3c238ebcf1f3c0,102,5493.64,82.36,261,5,18.86,79,20,0.982,0.391,154
user_a73b320dc0d3a57c,85,2332.75,30.8,122,14,46.74,80,11,0.468,0.719,361
user_f64f410744d9470f,190,8756.0,83.79,355,21,42.21,41,2,0.323,0.315,942
user_a5abb1500bdeaef4,78,3962.4,47.7,285,14,26.22,50,4,0.686,0.98,620
user_e6f47e008cc58b38,193,7135.06,79.1,315,4,30.97,15,19,0.059,0.011,703
user_480f5a496560ae42,65,4641.54,36.93,44,1,22.5,92,11,0.785,0.281,491
user_612111a352a571cb,163,1635.58,66.01,143,11,23.91,40,17,0.215,0.155,539
user_52f14fc33ef45dd8,87,3713.85,82.95,46,15,15.44,30,18,0.246,0.761,492
user_fabf5b7fedb3e62a,89,4906.51,63.68,329,20,45.48,61,5,0.711,0.791,584
user_1c49f22f6de9bd15,162,1007.5,85.81,36,20,15.06,44,12,0.066,0.942,780
user_8111eb1556229541,127,8206.48,63.07,53,14,36.21,67,6,0.061,0.556,742
user_fc72c98a6c2916c1,72,9377.37,99.6,172,20,37.74,51,13,0.827,0.61,586
user_67e0bdb7b6c549d4,200,9851.54,91.26,159,20,47.84,39,7,0.746,0.203,211
user_afcf8bc077e68eb9,139,4647.77,42.7,168,23,39.91,35,18,0.14,0.987,451
user_4c8d5b6c695d265f,21,1019.02,36.88,203,23,30.52,23,4,0.501,0.822,208
user_cc6aed2709b80e14,19,6961.81,83.19,210,15,31.53,8,6,0.862,0.18,479
user_db55da3fc3098e9c,40,4602.15,91.35,248,4,25.4,66,2,0.212,0.778,198
user_5092c37bcbc9f0fb,27,6218.4,74.96,218,11,49.3,79,16,0.78,0.962,44
user_5658b88806a236b6,95,3681.4,89.82,19,7,45.57,3,13,0.557,0.542,831
user_814bb6b8dc12188a,106,8222.07,56.5,33,17,49.73,54,19,0.575,0.423,277
user_814fd2e8e45e9a6d,1,8791.21,90.84,204,18,47.06,94,9,0.595,0.241,860
user_0dfcddb0440e967f,108,8019.78,39.87,184,16,9.98,80,17,0.14,0.88,649
user_9be3da431e0a833d,199,147.04,40.62,348,14,13.92,49,1,0.505,0.26,507
user_42f25adecf476298,50,7794.64,31.87,174,12,30.32,11,5,0.772,0.121,654
user_cbf2f7864f1c9883,68,1453.41,97.33,238,18,3.62,68,2,0.745,0.359,601
user_2d1007980f492153,88,8594.82,93.95,58,10,18.09,46,15,0.611,0.952,440
user_fed88b40aba63cac,148,1584.54,99.86,182,6,3.16,39,14,0.785,0.287,869
user_0a1f1256f9bac68e,67,8966.83,3.33,131,0,20.37,14,10,0.72,0.122,481
user_98f1f17f9a73ccfe,192,1390.39,89.72,219,11,41.24,93,4,0.302,0.07,264
user_aaf01d71b55e51b1,156,2869.33,95.21,84,17,30.6,83,2,0.632,0.174,877
user_ea415bf50eb65ade,111,6247.07,52.9,47,23,41.01,73,19,0.713,0.938,112
user_5f2703a5211db19a,43,9386.65,86.77,294,12,29.94,17,16,0.471,0.988,975
user_155d1cf609cedded,1,4450.8,67.61,172,12,8.3,93,1,0.212,0.594,362
user_0ef962215cc05578,156,9659.06,1.85,60,22,22.84,35,11,0.065,0.821,41
user_18d37c950a3e810d,61,99.31,87.0,12,4,16.85,72,8,0.933,0.188,285
user_050a010ce24d0896,130,6368.95,66.18,251,13,5.75,9,16,0.749,0.076,104
user_e3f6959781c353c2,150,9907.91,38.94,97,19,27.18,73,20,0.583,0.831,649
user_2dfe70c43208f52b,36,7508.88,96.98,290,14,1.8,74,19,0.999,0.378,862
user_5627b4a8f9efbd8f,74,2394.26,93.7,344,8,6.67,72,2,0.41,0.889,883
user_6d05621ab7cb7b4f,176,4366.75,46.41,29,7,27.45,63,14,0.264,0.07,726
user_3538a1ef2e113da6,148,3342.8,53.48,177,17,48.24,84,16,0.569,0.856,55
user_0e12831a7047f759,16,6657.8,21.69,223,1,37.33,37,5,0.776,0.117,586
user_75c3e223190bf1a1,26,4846.37,59.55,290,17,29.57,29,6,0.076,0.862,823
user_c498f3fe97c0df55,42,9746.16,47.72,286,7,5.35,14,12,0.672,0.081,774
user_a4ecdd704d258aa8,7,5242.27,57.09,70,7,20.73,8,9,0.29,0.059,761
user_4a30a219a9d7663f,111,8364.86,49.36,31,2,11.82,26,6,0.884,0.888,277
user_83151157c10d85af,32,1518.19,17.82,20,0,17.07,7,16,0.511,0.008,209
user_caa1aedb2a6ce96b,128,9211.62,98.99,239,15,25.48,79,20,0.91,0.39,853
user_549a2fac47d713cc,135,6873.27,89.94,284,16,1.16,58,3,0.132,0.045,761
user_d83c7ee736be931d,97,8408.14,68.01,128,6,32.89,15,20,0.298,0.651,592
user_48f89b630677c2cb,121,3666.15,97.46,15,15,24.1,83,13,0.619,0.054,48
user_f626051bc94422f2,47,8028.34,0.64,236,7,34.37,1,2,0.393,0.262,556
user_b3a8e0e1f9ab1bfe,45,5163.3,79.36,209,0,45.9,41,6,0.722,0.915,724
user_353767b239099863,85,3136.7,27.13,259,4,7.82,83,18,0.099,0.579,88
user_ad21a2b810af49a8,135,5632.75,24.1,241,1,3.52,63,18,0.806,0.481,646
user_42f0bec3310ddd8a,128,882.94,20.81,347,7,20.69,1,14,0.403,0.532,980
user_841a05fd378a2c06,185,2851.18,59.6,56,23,23.7,64,10,0.624,0.727,767
user_de482c7ed5ca67ae,93,6723.74,72.91,122,5,13.27,33,18,0.727,0.83,809
user_da4d43f295ce9263,143,6634.0,80.49,177,21,35.04,16,7,0.972,0.997,673
user_06de973bb45531d5,97,3006.11,26.9,232,3,8.46,64,10,0.331,0.249,911
user_88b54564b232405a,12,9590.51,12.5,209,5,9.56,41,6,0.978,0.354,849
user_ad3b83575249b68a,91,4863.23,86.13,98,10,24.02,66,18,0.654,0.434,593
user_826e27285307a923,154,470.6,5.88,26,13,5.35,98,7,0.735,0.868,701
user_e078af3026edb42c,158,7075.23,80.07,247,18,24.27,73,16,0.437,0.538,977
user_1e5ee5e58c8f490a,151,1079.91,63.17,85,14,37.05,71,11,0.517,0.417,310
user_c6bd343ae0007cdb,80,2636.18,8.49,182,22,34.03,80,10,0.993,0.255,854
user_30eec89ddd9c342e,33,606.81,60.89,61,3,26.18,65,15,0.068,0.015,741
user_064c3e311ef63912,42,4174.81,6.82,153,14,28.05,71,17,0.107,0.243,326
user_b6cb293891dd6274,106,8275.69,9.37,239,20,48.91,84,11,0.493,0.971,460
user_3a8f6d79cd434dc1,71,714.69,12.06,93,12,44.64,75,9,0.361,0.511,136
user_98144d79af444072,134,4112.24,43.4,169,18,21.47,29,16,0.922,0.392,759
user_b1585fdb272b3140,57,5268.9,50.67,171,22,7.94,60,6,0.697,0.446,657
user_e73cb135243c08ab,98,4136.45,69.41,95,13,33.94,19,16,0.139,0.231,124
user_6e82b8197ce29396,15,9474.47,26.93,82,7,33.1,42,3,0.149,0.524,294
user_200dd69b70a88134,59,7373.37,53.4,8,8,29.37,6,7,0.396,0.375,195
user_9869a8a3a11a3328,51,2728.57,69.26,289,4,34.49,26,4,0.556,0.634,395
user_ddfe0e8d462af661,34,2728.86,79.6,278,14,48.28,50,7,0.36,0.877,649
user_51d089cdaf0c968c,44,4352.87,92.07,211,6,45.05,5,13,0.959,0.659,44
user_d4679c618f1af07e,127,2657.29,97.83,79,6,26.26,39,16,0.519,0.161,754
user_48ce32e8ec774159,168,1472.44,93.19,186,8,5.53,26,11,0.414,0.029,760
user_a42e815c58f3977f,71,1886.72,44.12,350,14,10.22,16,4,0.523,0.642,819
user_5844a72aee9269a6,73,1878.06,2.65,83,6,24.71,52,2,0.576,0.965,514
user_86b700fab5db3797,80,4658.27,15.56,196,14,29.9,86,2,0.91,0.279,26
user_9b19f9ab816598a0,47,2600.61,47.74,108,1,29.0,48,1,0.774,0.275,755
user_a77b6cbdf6fae167,112,7250.39,30.25,356,1,47.73,67,8,0.377,0.968,591
user_e4be97ce765e6cfc,197,6799.85,14.45,295,18,7.69,62,7,0.41,0.469,713
user_cbd02d97b0731d88,186,4936.2,76.26,345,9,49.08,83,20,0.835,0.608,903
user_227445a988500528,26,6077.81,49.65,300,14,43.91,49,18,0.013,0.014,493
user_23e8b0175874e1bb,88,2080.9,71.98,190,1,10.65,44,8,0.6,0.216,236
user_560aa3e6e94314c7,102,3775.51,91.73,343,3,23.28,52,8,0.744,0.374,178
user_d18b29d80a8bd366,112,5763.81,31.7,325,14,38.55,15,16,0.493,0.896,106
user_ac1270c5058af650,150,3238.35,98.23,225,21,4.25,8,3,0.834,0.619,66
user_35bbce4007c5cd57,87,8515.48,15.38,4,5,41.54,68,16,0.68,0.918,494
user_dcb5d6e69e4ded78,189,4575.88,32.27,152,20,9.81,74,5,0.473,0.883,197
user_f138665c5aa66008,111,3768.34,66.44,69,0,10.2,77,17,0.315,0.444,333
user_db3defda18fafc0c,103,886.06,31.36,161,21,48.95,80,18,0.329,0.106,681
