user_id,session_id,login_time,pages_visited,session_duration_minutes,clicks,purchases,cart_value,device_type,browser,location
USER000001,fce4a3076d76,2026-01-15 22:54:09.919369,38,11.45,25,0,17.54,Mobile,Firefox,CA
USER000002,f87233ca9147,2026-01-16 21:54:09.919388,4,19.83,20,0,68.73,Desktop,Firefox,FR
USER000003,a063f7099fd8,2026-01-24 14:54:09.919391,42,10.47,19,1,68.65,Desktop,Edge,JP
USER000004,f77e08834dc2,2026-01-17 22:54:09.919393,18,8.98,19,1,32.04,Desktop,Edge,IN
USER000005,2238f66b4f02,2025-12-31 08:54:09.919395,44,0.79,19,2,102.81,Desktop,Firefox,DE
USER000006,08c6f6ce4a8d,2026-01-15 10:54:09.919398,48,10.07,19,2,181.93,Tablet,Safari,DE
USER000007,c7e2511aabbd,2025-12-30 11:54:09.919400,25,24.22,19,1,26.12,Desktop,Safari,JP
USER000008,5a4ad988760d,2025-12-26 00:54:09.919402,7,0.05,18,2,174.56,Mobile,Safari,AU
USER000009,7556ee35ca62,2026-01-24 08:54:09.919404,38,9.99,28,2,49.44,Tablet,Chrome,JP
USER000010,a8be70d9aaf6,2026-01-02 20:54:09.919406,28,63.96,34,2,185.81,Mobile,Edge,AU
USER000011,66a34e1b02a4,2026-01-05 07:54:09.919408,5,27.02,24,3,71.33,Desktop,Firefox,IN
USER000012,91bfa90a438f,2026-01-03 06:54:09.919410,3,28.08,21,0,69.21,Mobile,Chrome,AU
USER000013,dbf5a15c4312,2026-01-02 08:54:09.919412,44,15.49,17,1,54.43,Desktop,Safari,FR
USER000014,75cc6961a211,2026-01-13 16:54:09.919414,31,33.85,19,1,95.38,Desktop,Chrome,US
USER000015,6d174d7e13f5,2026-01-11 19:54:09.919415,47,6.32,20,0,91.51,Mobile,Firefox,AU
USER000016,64c7c59331b5,2026-01-15 08:54:09.919417,42,51.24,20,2,82.39,Mobile,Firefox,UK
USER000017,7e6c3f26a195,2026-01-12 02:54:09.919419,20,3.72,19,1,76.43,Mobile,Edge,AU
USER000018,28f81c33e23c,2026-01-13 07:54:09.919421,19,32.01,17,1,35.84,Tablet,Safari,UK
USER000019,ddff19ca81ab,2026-01-01 04:54:09.919423,48,12.52,25,1,126.67,Mobile,Safari,CA
USER000020,88e3915097a3,2026-01-19 16:54:09.919425,11,41.29,17,1,120.62,Mobile,Chrome,US
USER000021,07d4ce213e88,2026-01-17 10:54:09.919426,40,23.94,22,2,69.69,Mobile,Safari,US
USER000022,7ebff94646d5,2026-01-15 04:54:09.919428,3,18.06,16,2,21.76,Desktop,Chrome,IN
USER000023,49415c4534bb,2026-01-22 19:54:09.919430,23,5.57,23,0,36.27,Desktop,Firefox,FR
USER000024,06a709c210d6,2026-01-01 23:54:09.919432,7,30.39,24,0,140.43,Mobile,Firefox,JP
USER000025,388ebd9cf9ff,2026-01-14 14:54:09.919434,23,110.39,18,0,28.32,Mobile,Firefox,FR
USER000026,6cf7799215af,2026-01-12 07:54:09.919435,7,52.39,23,0,97.17,Desktop,Firefox,DE
USER000027,67c8a1138b25,2026-01-23 01:54:09.919437,46,1.86,24,3,112.65,Desktop,Firefox,CA
USER000028,84e677eaea00,2025-12-28 11:54:09.919464,34,14.16,24,0,58.74,Desktop,Chrome,IN
USER000029,39de2a9cdf5d,2026-01-18 10:54:09.919468,42,77.94,12,2,89.62,Mobile,Firefox,FR
USER000030,217494ded76f,2026-01-12 21:54:09.919470,19,20.98,15,3,150.95,Mobile,Chrome,UK
USER000031,ec3b26ce5815,2026-01-19 01:54:09.919472,9,32.55,27,0,76.47,Tablet,Firefox,CA
USER000032,e2de27e6438a,2026-01-13 05:54:09.919474,48,73.12,20,1,46.91,Mobile,Chrome,US
USER000033,c5f467c30bd5,2026-01-22 13:54:09.919476,18,62.1,23,3,28.18,Mobile,Chrome,JP
USER000034,501f4d29bad3,2025-12-28 08:54:09.919478,41,20.9,22,2,61.27,Desktop,Chrome,JP
USER000035,4bdda0e5832f,2026-01-14 03:54:09.919480,48,17.27,21,1,88.17,Desktop,Safari,UK
USER000036,c2c7d0d349fd,2026-01-15 18:54:09.919482,45,12.45,22,2,9.22,Desktop,Chrome,IN
USER000037,9890d3aa8905,2026-01-01 22:54:09.919483,42,38.08,26,2,105.24,Mobile,Chrome,IN
USER000038,c8d80cc8ec81,2026-01-19 19:54:09.919485,25,10.15,12,1,81.43,Desktop,Firefox,CA
USER000039,73ff4ff1bcf8,2026-01-24 16:54:09.919487,14,8.63,22,3,76.76,Mobile,Chrome,US
USER000040,4098137ecd46,2025-12-28 01:54:09.919489,44,13.21,17,1,46.14,Mobile,Chrome,FR
USER000041,12ecfd8bfe39,2026-01-09 22:54:09.919490,25,5.85,21,1,106.82,Desktop,Edge,UK
USER000042,2f65c2713758,2025-12-28 18:54:09.919493,19,35.64,17,5,68.3,Tablet,Safari,UK
USER000043,c30ccf5f237f,2025-12-29 22:54:09.919496,39,28.73,17,3,99.15,Mobile,Edge,US
USER000044,c73536a557cf,2026-01-09 00:54:09.919499,15,19.78,12,1,53.76,Desktop,Firefox,UK
USER000045,11fd54064027,2026-01-10 21:54:09.919502,16,14.84,20,0,105.56,Desktop,Safari,JP
USER000046,8a70e963442d,2026-01-21 04:54:09.919505,27,71.93,21,2,85.44,Mobile,Safari,FR
USER000047,97291c7d5366,2026-01-01 07:54:09.919509,40,0.89,14,2,317.5,Desktop,Edge,FR
USER000048,9c58f9ce454c,2026-01-13 11:54:09.919512,10,43.97,17,2,177.49,Desktop,Safari,FR
USER000049,f11cfd9ff385,2026-01-19 01:54:09.919514,4,69.66,25,3,103.89,Mobile,Edge,US
USER000050,27e6e5a9399b,2026-01-07 07:54:09.919517,19,17.74,24,3,237.2,Tablet,Chrome,AU
USER000051,fb2308486581,2025-12-29 15:54:09.919520,28,24.0,22,1,52.02,Desktop,Edge,AU
USER000052,a34a54377547,2026-01-12 04:54:09.919523,21,86.72,19,0,109.41,Tablet,Safari,IN
USER000053,1dea9142ceeb,2026-01-10 21:54:09.919526,47,7.16,17,1,58.21,Mobile,Safari,IN
USER000054,5aabf697666e,2026-01-22 07:54:09.919529,14,22.03,20,2,200.24,Desktop,Firefox,JP
USER000055,595ef85321bc,2025-12-29 01:54:09.919532,33,19.31,15,2,46.42,Mobile,Firefox,UK
USER000056,17b8b41e5c89,2026-01-24 07:54:09.919535,48,8.97,14,2,163.71,Desktop,Firefox,FR
USER000057,b98e92af6a50,2026-01-09 13:54:09.919538,10,51.21,26,1,50.98,Desktop,Firefox,UK
USER000058,bedf3ae89922,2026-01-15 09:54:09.919541,19,68.96,16,1,14.49,Mobile,Safari,US
USER000059,94e010f75337,2026-01-12 19:54:09.919544,30,45.69,17,1,114.97,Mobile,Firefox,UK
USER000060,1b1d3bd07253,2026-01-17 05:54:09.919548,22,6.52,17,1,142.8,Desktop,Edge,DE
USER000061,54390b566c4a,2026-01-13 19:54:09.919551,3,2.72,19,0,139.84,Tablet,Chrome,AU
USER000062,cf6f66962613,2026-01-24 01:54:09.919554,37,27.9,19,1,20.87,Mobile,Safari,UK
USER000063,71b57e99b211,2026-01-01 19:54:09.919557,41,1.76,24,1,105.03,Tablet,Firefox,UK
USER000064,42f6d279a73f,2025-12-27 16:54:09.919559,18,33.52,13,2,121.07,Desktop,Safari,CA
USER000065,f73791b8fe00,2025-12-30 20:54:09.919562,11,22.68,21,0,29.18,Tablet,Firefox,JP
USER000066,14f9a0cd4626,2026-01-20 05:54:09.919565,48,32.61,18,2,133.71,Desktop,Safari,UK
USER000067,84d2dd81182d,2025-12-26 09:54:09.919572,2,26.76,12,2,128.3,Desktop,Firefox,DE
USER000068,79f861689a1a,2026-01-08 10:54:09.919575,12,16.48,17,2,216.7,Mobile,Chrome,AU
USER000069,7975036cb4d7,2025-12-27 20:54:09.919578,6,6.73,18,2,6.9,Mobile,Firefox,CA
USER000070,a7bfb794e0dd,2026-01-13 18:54:09.919580,43,10.95,23,1,19.54,Mobile,Edge,JP
USER000071,857376a61e1b,2025-12-29 00:54:09.919583,40,22.3,24,1,47.1,Desktop,Safari,US
USER000072,6b9918c7116b,2025-12-28 16:54:09.919586,44,31.66,21,3,206.1,Desktop,Safari,IN
USER000073,b9afd2bf1e06,2025-12-29 23:54:09.919590,29,45.35,25,2,172.08,Mobile,Edge,US
USER000074,c1d9282b6e68,2026-01-01 05:54:09.919593,30,43.72,20,4,143.56,Desktop,Edge,AU
USER000075,f8d4fb45c735,2026-01-15 22:54:09.919596,2,108.01,15,2,139.95,Mobile,Chrome,IN
USER000076,1ee9dde3de5f,2026-01-05 21:54:09.919599,9,10.1,19,1,217.47,Desktop,Safari,US
USER000077,cb228fca0f85,2026-01-15 08:54:09.919602,47,2.21,28,0,37.17,Tablet,Chrome,JP
USER000078,6e7bb3031d66,2026-01-10 21:54:09.919606,2,12.72,19,2,157.07,Mobile,Safari,DE
USER000079,6777e90ab4b9,2026-01-13 06:54:09.919609,29,40.79,28,1,298.56,Mobile,Safari,UK
USER000080,2232894ad2a7,2026-01-16 01:54:09.919612,33,17.29,18,1,162.45,Tablet,Chrome,AU
USER000081,14eb59783a84,2025-12-30 22:54:09.919615,10,51.08,19,2,53.24,Mobile,Safari,IN
USER000082,629bc199c719,2025-12-28 21:54:09.919618,34,23.91,23,1,191.63,Desktop,Safari,CA
USER000083,35f1dc052b3d,2026-01-07 21:54:09.919621,44,79.69,10,1,149.38,Desktop,Chrome,UK
USER000084,2f965aced432,2026-01-18 02:54:09.919625,8,88.62,19,3,115.73,Mobile,Firefox,US
USER000085,2a2b26befd14,2026-01-05 17:54:09.919628,37,2.15,14,3,29.37,Desktop,Chrome,US
USER000086,83ac6e0455f2,2026-01-14 20:54:09.919631,33,18.29,14,1,63.89,Mobile,Safari,CA
USER000087,c519d3b03993,2026-01-06 05:54:09.919634,47,28.22,12,2,78.54,Desktop,Edge,DE
USER000088,2622b4baacab,2026-01-09 00:54:09.919637,6,8.87,19,3,144.11,Desktop,Firefox,JP
USER000089,0a41ec0051bf,2026-01-18 10:54:09.919640,44,15.68,10,1,93.24,Mobile,Edge,JP
USER000090,6b5cded90da1,2026-01-04 07:54:09.919643,40,33.97,26,0,69.7,Tablet,Firefox,CA
USER000091,b33a62f880ff,2026-01-20 18:54:09.919646,45,7.71,21,0,167.91,Mobile,Edge,AU
USER000092,762d6a947984,2026-01-03 14:54:09.919649,19,27.64,21,1,28.98,Tablet,Firefox,CA
USER000093,f896bc35ad41,2026-01-17 00:54:09.919652,32,35.87,22,1,36.17,Tablet,Chrome,US
USER000094,1d293a22f80b,2026-01-05 03:54:09.919655,27,2.85,22,4,88.54,Desktop,Firefox,DE
USER000095,37006cc11e39,2026-01-16 20:54:09.919658,1,20.65,18,2,55.13,Desktop,Firefox,DE
USER000096,21201dad98cf,2026-01-17 05:54:09.919661,43,9.16,12,2,183.24,Mobile,Firefox,FR
USER000097,450f5a1a0d0c,2026-01-16 16:54:09.919664,33,38.66,23,3,35.55,Mobile,Safari,CA
USER000098,116d2e81df00,2025-12-31 10:54:09.919667,40,6.31,19,3,40.91,Mobile,Edge,AU
USER000099,ebb97ee450d2,2026-01-03 19:54:09.919670,32,66.83,19,1,4.43,Tablet,Chrome,US
USER000100,d345914dd743,2026-01-17 01:54:09.919673,5,16.91,17,0,116.64,Desktop,Edge,UK
USER000101,a3fa7eaee67e,2025-12-28 02:54:09.919676,17,6.62,21,2,70.46,Desktop,Edge,JP
USER000102,10df2b7f572c,2026-01-12 17:54:09.919678,8,17.29,17,1,31.1,Mobile,Chrome,JP
USER000103,79349c6f0683,2026-01-23 20:54:09.919681,42,15.77,16,1,75.17,Desktop,Safari,JP
USER000104,0f590ece1026,2026-01-11 12:54:09.919684,34,16.81,19,2,306.73,Desktop,Firefox,DE
USER000105,56790036c9ec,2026-01-17 19:54:09.919688,9,26.42,22,3,46.8,Desktop,Safari,JP
USER000106,5723d7222c69,2026-01-17 04:54:09.919691,23,22.09,13,1,63.5,Desktop,Safari,CA
USER000107,54baa2eacbc9,2026-01-07 22:54:09.919694,35,4.87,21,2,36.28,Mobile,Firefox,FR
USER000108,af02b4108e57,2025-12-26 10:54:09.919697,7,2.03,11,1,22.56,Mobile,Edge,AU
USER000109,2338fa68fb98,2025-12-29 19:54:09.919700,15,39.22,28,2,134.35,Mobile,Firefox,AU
USER000110,e8ed6f51e1d9,2026-01-16 17:54:09.919703,20,24.61,31,0,15.02,Mobile,Chrome,IN
USER000111,44699bfab1ef,2026-01-21 18:54:09.919705,25,13.34,20,3,153.44,Desktop,Firefox,JP
USER000112,8174c5fdddbc,2026-01-18 15:54:09.919707,3,49.56,18,0,155.17,Mobile,Edge,US
USER000113,79f4884be214,2026-01-21 16:54:09.919708,46,14.73,14,2,104.87,Desktop,Safari,DE
USER000114,84e33b32143d,2026-01-06 13:54:09.919710,24,47.68,22,0,73.4,Desktop,Safari,US
USER000115,75b7abdc37d1,2026-01-14 06:54:09.919712,34,10.95,24,1,90.5,Desktop,Firefox,JP
USER000116,db5e5b73e6cf,2026-01-05 08:54:09.919714,46,2.27,22,1,13.95,Mobile,Chrome,FR
USER000117,9cf3ab27b650,2025-12-28 05:54:09.919715,22,80.93,12,1,120.98,Tablet,Edge,UK
USER000118,d60199b4e21e,2026-01-07 13:54:09.919717,11,15.05,15,1,145.29,Mobile,Safari,JP
USER000119,c53a086a58b1,2026-01-20 11:54:09.919719,48,47.21,23,1,95.11,Mobile,Firefox,UK
USER000120,77346851f3e6,2026-01-02 06:54:09.919721,8,9.82,17,2,109.42,Desktop,Chrome,UK
USER000121,2da828b59782,2026-01-18 21:54:09.919723,39,31.18,18,2,61.14,Mobile,Chrome,AU
USER000122,15eb60ae816a,2026-01-24 05:54:09.919725,43,61.98,23,0,234.94,Mobile,Safari,DE
USER000123,d623e04e09e6,2025-12-30 00:54:09.919726,35,1.28,25,2,107.78,Desktop,Safari,JP
USER000124,9c286d2d2fa2,2026-01-20 11:54:09.919728,49,53.27,13,0,112.37,Desktop,Edge,US
USER000125,39a3f1b592ff,2026-01-08 15:54:09.919730,46,25.41,20,2,163.48,Mobile,Chrome,US
USER000126,063330a9ebf6,2026-01-08 08:54:09.919732,38,28.05,19,1,101.61,Mobile,Edge,FR
USER000127,e5b39dd848be,2026-01-23 20:54:09.919733,8,22.22,17,2,229.42,Mobile,Chrome,UK
USER000128,c16cd232da30,2026-01-20 01:54:09.919735,37,62.26,18,1,90.82,Mobile,Chrome,DE
USER000129,477c4dd785a6,2026-01-24 04:54:09.919737,27,1.33,22,4,71.03,Tablet,Firefox,DE
USER000130,df128ffd936d,2025-12-28 06:54:09.919739,28,9.07,20,1,68.67,Desktop,Safari,FR
USER000131,aa888cf3f53f,2026-01-22 21:54:09.919741,40,62.57,25,1,65.13,Desktop,Chrome,CA
USER000132,34d50954c1c6,2026-01-19 02:54:09.919743,34,41.87,22,1,205.84,Desktop,Edge,DE
USER000133,e4df6d1cab58,2026-01-14 03:54:09.919744,32,0.53,27,3,158.82,Desktop,Safari,DE
USER000134,8cb4cec13d59,2026-01-21 04:54:09.919746,15,21.83,18,2,130.71,Mobile,Edge,US
USER000135,60c3dcdb0171,2026-01-13 07:54:09.919748,44,22.62,12,2,168.04,Mobile,Safari,FR
USER000136,07ae9dd5d2b6,2026-01-18 15:54:09.919750,17,15.37,21,3,293.79,Mobile,Safari,JP
USER000137,239c752b3c17,2025-12-28 23:54:09.919751,33,10.59,23,3,16.61,Desktop,Chrome,DE
USER000138,8b801a80f8dd,2025-12-30 03:54:09.919753,47,34.35,14,2,106.26,Tablet,Firefox,DE
USER000139,bea21d31898b,2026-01-24 04:54:09.919755,46,6.99,23,1,105.46,Desktop,Chrome,US
USER000140,47563daa19f0,2026-01-24 08:54:09.919757,16,48.13,22,3,125.56,Desktop,Safari,JP
USER000141,cc271414fc54,2026-01-20 05:54:09.919759,29,48.74,20,1,278.8,Mobile,Chrome,JP
USER000142,63b6f8ac6146,2026-01-01 14:54:09.919761,9,16.1,21,2,108.46,Mobile,Chrome,DE
USER000143,f8d53ec39a70,2026-01-10 07:54:09.919762,33,10.0,20,2,202.54,Desktop,Safari,US
USER000144,7a8d084a9b41,2026-01-21 02:54:09.919764,49,10.02,12,2,111.21,Desktop,Safari,CA
USER000145,50a4ec2c9ab3,2026-01-16 02:54:09.919766,29,19.75,19,2,123.77,Mobile,Chrome,AU
USER000146,131c47bda7f4,2026-01-18 19:54:09.919768,13,38.14,20,2,72.58,Desktop,Chrome,IN
USER000147,2432150f23f3,2026-01-04 06:54:09.919769,21,13.34,17,3,30.04,Desktop,Chrome,US
USER000148,a87d6a320fb3,2025-12-31 17:54:09.919771,21,28.25,14,0,269.24,Mobile,Edge,US
USER000149,5e5dedc6408a,2026-01-05 19:54:09.919773,5,14.46,19,1,117.36,Desktop,Chrome,DE
USER000150,8e3f7d01c4a8,2026-01-17 18:54:09.919775,10,10.89,22,2,124.12,Desktop,Edge,US
USER000151,32eeed58e02b,2026-01-11 15:54:09.919777,6,0.76,21,3,118.89,Desktop,Firefox,FR
USER000152,6bc56ce87829,2026-01-10 14:54:09.919782,13,0.12,23,0,176.48,Tablet,Edge,UK
USER000153,dde0576abff2,2026-01-04 07:54:09.919784,1,7.73,26,0,47.77,Tablet,Chrome,UK
USER000154,45f98457e683,2026-01-18 03:54:09.919786,20,15.65,16,0,32.46,Desktop,Firefox,CA
USER000155,c166a08ceb59,2026-01-14 08:54:09.919787,47,57.17,19,0,29.84,Desktop,Edge,JP
USER000156,25219d5daa90,2026-01-22 08:54:09.919789,46,48.06,25,3,47.35,Desktop,Edge,US
USER000157,1a7277bce160,2026-01-01 13:54:09.919791,8,9.33,26,2,7.91,Desktop,Safari,JP
USER000158,62beedd59295,2025-12-26 05:54:09.919793,10,8.41,24,2,118.75,Mobile,Firefox,FR
USER000159,ed0bd39ba5aa,2026-01-13 08:54:09.919794,9,7.74,24,1,56.99,Mobile,Safari,DE
USER000160,25720d7b1c79,2025-12-28 23:54:09.919796,49,12.43,25,2,79.5,Desktop,Firefox,DE
USER000161,b61187285617,2026-01-01 13:54:09.919798,41,20.69,27,0,167.41,Desktop,Edge,IN
USER000162,e773fa4297a2,2026-01-19 11:54:09.919800,3,17.32,22,1,57.18,Desktop,Safari,AU
USER000163,e220788faf07,2026-01-23 20:54:09.919801,11,7.39,13,1,58.86,Desktop,Chrome,CA
USER000164,ac9e1d4c9b04,2026-01-22 20:54:09.919803,12,4.19,25,0,99.0,Desktop,Edge,FR
USER000165,3fd83444b165,2026-01-20 08:54:09.919805,10,0.38,21,1,82.12,Mobile,Firefox,JP
USER000166,03acfa1a7b47,2026-01-01 12:54:09.919807,25,5.02,23,1,375.62,Mobile,Firefox,FR
USER000167,259d02ea5fce,2026-01-12 02:54:09.919808,49,36.66,18,0,21.78,Mobile,Safari,IN
USER000168,914c3b46aaa4,2026-01-20 08:54:09.919810,49,8.38,14,0,122.36,Desktop,Safari,IN
USER000169,ea94639b6a2e,2026-01-02 22:54:09.919812,25,18.97,15,2,56.35,Mobile,Firefox,DE
USER000170,ffdf7d7c8d75,2026-01-07 00:54:09.919814,11,26.84,16,0,94.79,Desktop,Edge,JP
USER000171,654880f4753f,2026-01-18 16:54:09.919816,36,65.37,20,3,85.6,Desktop,Safari,AU
USER000172,45638ce26075,2026-01-24 16:54:09.919817,39,65.91,30,0,173.25,Mobile,Chrome,DE
USER000173,6ce2e0a07983,2026-01-15 04:54:09.919819,26,41.08,17,2,114.84,Desktop,Firefox,AU
USER000174,f50965c7d0dd,2026-01-23 17:54:09.919821,14,1.07,16,3,97.32,Mobile,Chrome,UK
USER000175,351821e6d4ba,2026-01-15 01:54:09.919823,39,25.67,21,3,210.3,Mobile,Firefox,FR
USER000176,6179b74caff2,2026-01-06 12:54:09.919825,40,46.34,16,3,101.22,Tablet,Chrome,IN
USER000177,fc3e9b27a4dc,2026-01-08 07:54:09.919826,1,0.52,20,1,15.46,Tablet,Edge,UK
USER000178,a19e6c9e810e,2026-01-18 11:54:09.919828,4,23.93,21,1,154.34,Desktop,Firefox,JP
USER000179,82a618a90dcd,2026-01-09 16:54:09.919830,30,58.51,24,1,125.24,Tablet,Edge,DE
USER000180,0c7713cc35ba,2025-12-27 18:54:09.919832,12,19.28,23,0,188.79,Mobile,Safari,CA
USER000181,102fcb566f64,2026-01-12 12:54:09.919833,35,0.12,24,0,152.25,Mobile,Firefox,US
USER000182,537b576d8bc3,2026-01-15 02:54:09.919835,13,0.33,17,3,52.3,Desktop,Edge,CA
USER000183,3cd29e2fc49a,2025-12-26 13:54:09.919837,31,16.17,19,2,2.04,Mobile,Chrome,CA
USER000184,e1e81e0afe60,2026-01-08 08:54:09.919839,38,5.05,18,2,177.32,Desktop,Edge,US
USER000185,e96c261678c4,2025-12-26 10:54:09.919842,43,32.76,14,3,99.42,Mobile,Firefox,FR
USER000186,17172860705f,2026-01-19 22:54:09.919845,23,37.01,20,2,61.87,Desktop,Edge,UK
USER000187,1524dc52cc18,2026-01-03 18:54:09.919849,4,5.88,25,2,57.09,Mobile,Chrome,UK
USER000188,40129ba24537,2026-01-17 12:54:09.919852,16,65.82,19,2,111.48,Desktop,Chrome,FR
USER000189,1ce77e0edfb6,2026-01-20 01:54:09.919855,7,17.5,31,0,69.34,Desktop,Chrome,US
USER000190,2a76775c9b2e,2026-01-15 04:54:09.919858,22,4.62,21,1,33.82,Desktop,Safari,AU
USER000191,f994910e5484,2026-01-20 09:54:09.919861,29,43.35,21,3,29.27,Desktop,Firefox,CA
USER000192,80acc50a385c,2026-01-12 17:54:09.919864,11,46.82,25,3,86.12,Desktop,Chrome,DE
USER000193,9d218f1c5a59,2026-01-09 12:54:09.919867,33,30.59,16,3,50.21,Desktop,Safari,UK
USER000194,3de55b87bbc4,2026-01-21 11:54:09.919871,29,57.61,20,1,41.25,Mobile,Chrome,FR
USER000195,e7890e546557,2025-12-29 11:54:09.919874,39,40.11,21,3,231.22,Mobile,Edge,DE
USER000196,2918ac836c43,2026-01-10 12:54:09.919877,12,64.16,18,0,45.39,Mobile,Firefox,IN
USER000197,8df66b71f571,2026-01-19 16:54:09.919880,7,17.07,18,0,128.73,Desktop,Edge,US
USER000198,3e5bb76eecb4,2026-01-09 08:54:09.919883,39,41.3,25,1,139.07,Desktop,Safari,DE
USER000199,69483c269855,2026-01-21 03:54:09.919886,42,249.01,23,1,38.16,Desktop,Edge,JP
USER000200,11d193603445,2026-01-22 21:54:09.919888,48,38.72,30,1,39.25,Tablet,Edge,DE
USER000201,af6a78615e8e,2025-12-29 22:54:09.919889,26,3.64,23,1,33.99,Mobile,Chrome,JP
USER000202,612c9f608d8d,2026-01-18 07:54:09.919892,40,21.91,19,0,53.74,Desktop,Edge,CA
USER000203,1318d127c8e8,2026-01-17 03:54:09.919893,9,26.55,28,1,124.57,Desktop,Chrome,US
USER000204,81cd5adcbf25,2026-01-06 11:54:09.919895,41,5.74,22,2,88.66,Mobile,Chrome,DE
USER000205,c000367dbff3,2026-01-02 02:54:09.919897,34,98.82,18,2,179.25,Mobile,Firefox,UK
USER000206,64b29c7aa07c,2026-01-10 11:54:09.919899,45,5.79,22,0,143.91,Mobile,Safari,US
USER000207,041f83aa2e38,2025-12-30 03:54:09.919900,13,5.86,20,1,153.0,Mobile,Safari,UK
USER000208,c0796e621da9,2026-01-17 00:54:09.919902,36,74.01,16,2,199.58,Desktop,Safari,FR
USER000209,c8c3ea78f91e,2025-12-26 18:54:09.919904,25,18.78,21,2,86.86,Desktop,Chrome,FR
USER000210,4c912e49fe41,2026-01-06 14:54:09.919906,24,1.96,29,1,113.99,Desktop,Safari,IN
USER000211,467bded0d1c1,2026-01-18 08:54:09.919907,44,27.35,26,2,167.16,Desktop,Chrome,AU
USER000212,c70b1f370936,2025-12-27 06:54:09.919909,17,27.63,18,3,189.84,Desktop,Firefox,FR
USER000213,c59b4e042978,2025-12-26 10:54:09.919911,2,2.0,23,0,121.94,Mobile,Safari,DE
USER000214,035375994a62,2026-01-11 21:54:09.919913,13,107.83,15,1,17.74,Desktop,Chrome,US
USER000215,9ef4347f2f95,2025-12-29 02:54:09.919915,31,23.56,24,1,302.93,Desktop,Safari,FR
USER000216,629e89d4d6d3,2026-01-12 12:54:09.919916,29,24.62,17,2,85.33,Desktop,Safari,UK
USER000217,d4d38df9ed5d,2026-01-09 21:54:09.919918,28,22.03,25,0,62.17,Desktop,Firefox,DE
USER000218,396d481b9d32,2026-01-20 07:54:09.919920,27,28.3,31,1,46.95,Desktop,Edge,FR
USER000219,5e5bbaff2b5a,2026-01-13 04:54:09.919922,15,9.21,22,1,147.65,Mobile,Safari,JP
USER000220,643e263a564d,2026-01-03 10:54:09.919923,31,10.16,23,3,123.81,Mobile,Firefox,JP
USER000221,5e434db99237,2025-12-27 12:54:09.919925,40,21.48,22,2,47.61,Desktop,Safari,CA
USER000222,c403dc48f27b,2026-01-09 00:54:09.919927,15,49.3,14,2,18.97,Mobile,Safari,UK
USER000223,ee34c2849f23,2026-01-13 10:54:09.919929,33,1.53,14,2,47.14,Desktop,Safari,IN
USER000224,be5b71473493,2026-01-21 11:54:09.919931,20,27.75,26,0,155.39,Mobile,Safari,IN
USER000225,df05bc61156d,2026-01-24 15:54:09.919933,42,49.32,13,3,91.44,Desktop,Edge,IN
USER000226,82bfc93121e0,2026-01-18 09:54:09.919934,12,5.12,21,2,24.89,Desktop,Edge,UK
USER000227,d8018d873aec,2025-12-27 18:54:09.919936,37,0.45,35,1,44.11,Mobile,Safari,IN
USER000228,d52f55289848,2026-01-18 11:54:09.919938,9,11.25,18,2,81.98,Desktop,Safari,AU
USER000229,c375567f55d1,2026-01-11 02:54:09.919940,23,26.61,24,2,102.32,Desktop,Firefox,CA
USER000230,2bd15062b177,2026-01-18 10:54:09.919941,8,4.46,14,3,63.48,Desktop,Firefox,AU
USER000231,9715e07a8b3a,2026-01-08 02:54:09.919943,32,16.66,22,0,108.69,Desktop,Chrome,JP
USER000232,4ac70af5a24b,2026-01-05 16:54:09.919945,48,24.11,21,4,143.96,Desktop,Edge,FR
USER000233,49e850329978,2026-01-04 08:54:09.919947,14,27.41,24,3,69.12,Mobile,Safari,CA
USER000234,b3acbcf1538a,2026-01-21 21:54:09.919949,27,9.62,15,1,210.56,Mobile,Edge,UK
USER000235,7bd779415483,2026-01-19 22:54:09.919951,25,15.33,17,0,40.55,Mobile,Firefox,AU
USER000236,0fa7c21dd203,2025-12-31 02:54:09.919953,13,45.2,22,0,32.62,Desktop,Edge,DE
USER000237,b0f3cd6dd07c,2026-01-06 12:54:09.919955,21,85.02,19,4,198.61,Desktop,Edge,CA
USER000238,3b24b7ce8ee6,2026-01-12 20:54:09.919957,45,59.39,15,2,5.35,Desktop,Safari,UK
USER000239,f2b579f2c08c,2026-01-18 13:54:09.919959,31,24.92,20,1,52.5,Desktop,Safari,US
USER000240,7b0e71326c7c,2026-01-20 21:54:09.919961,37,15.84,20,1,62.51,Mobile,Firefox,CA
USER000241,8ced4e1be700,2026-01-10 23:54:09.919963,48,12.15,17,1,143.26,Desktop,Safari,CA
USER000242,433f4e7d128c,2026-01-19 07:54:09.919965,43,4.0,15,2,19.32,Mobile,Firefox,FR
USER000243,abfe7eb907c7,2026-01-16 23:54:09.919967,5,3.38,21,1,106.84,Desktop,Firefox,DE
USER000244,536d2c5e3bc9,2026-01-08 07:54:09.919968,13,34.98,20,3,91.39,Desktop,Chrome,FR
USER000245,75294561765b,2026-01-09 16:54:09.919970,28,9.02,15,2,273.2,Desktop,Chrome,IN
USER000246,5a694637f41d,2026-01-11 03:54:09.919972,43,8.82,23,2,41.82,Desktop,Chrome,CA
USER000247,1279bfe8152a,2026-01-03 15:54:09.919974,25,189.52,23,1,128.39,Desktop,Edge,JP
USER000248,904a81ae9d02,2026-01-06 15:54:09.919976,35,6.24,26,0,73.6,Desktop,Chrome,CA
USER000249,cc40c3a5cf24,2026-01-04 05:54:09.919977,47,4.81,14,1,88.14,Desktop,Safari,IN
USER000250,8ea95d69705d,2025-12-26 03:54:09.919979,39,3.12,17,1,50.33,Mobile,Safari,DE
USER000251,3cd15729d5db,2026-01-07 02:54:09.919981,7,26.01,13,1,139.64,Mobile,Chrome,DE
USER000252,d7a8eef04050,2025-12-30 01:54:09.919983,38,29.65,21,3,161.3,Desktop,Edge,JP
USER000253,606482b91856,2025-12-28 14:54:09.919985,32,13.63,24,1,107.93,Desktop,Firefox,JP
USER000254,e29b3b7f3448,2026-01-10 12:54:09.919986,3,23.0,18,1,434.97,Mobile,Edge,AU
USER000255,2fcd5e0c5644,2026-01-18 20:54:09.919988,45,46.59,17,1,64.92,Tablet,Edge,UK
USER000256,12b6df6afe12,2025-12-27 20:54:09.919990,39,51.13,11,1,146.14,Mobile,Firefox,UK
USER000257,bf4650f698c1,2026-01-14 06:54:09.919992,37,95.04,23,5,222.02,Desktop,Firefox,AU
USER000258,95ba78d66d55,2026-01-08 09:54:09.919994,22,52.16,22,1,124.03,Mobile,Firefox,UK
USER000259,bd0f92fd0c00,2026-01-06 21:54:09.919996,8,24.96,19,1,170.29,Mobile,Safari,CA
USER000260,e04293d0a846,2026-01-01 07:54:09.919998,17,5.94,13,2,240.12,Desktop,Firefox,AU
USER000261,7796137b5f5f,2026-01-03 12:54:09.919999,27,3.15,28,1,128.1,Mobile,Firefox,AU
USER000262,4c3c6d24f4c7,2026-01-01 18:54:09.920001,33,1.68,19,1,162.59,Desktop,Edge,UK
USER000263,61409a02a0b7,2026-01-01 23:54:09.920003,46,32.95,19,0,42.38,Tablet,Edge,US
USER000264,b36e23003d1a,2026-01-03 17:54:09.920005,17,49.44,18,1,4.56,Mobile,Chrome,JP
USER000265,b0d5f3e3fd28,2026-01-02 00:54:09.920007,42,21.32,26,0,129.33,Mobile,Edge,UK
USER000266,4fb7c0392204,2026-01-01 20:54:09.920008,12,1.69,20,0,67.53,Mobile,Firefox,FR
USER000267,a8ca6acf754b,2026-01-14 22:54:09.920010,48,23.0,21,2,75.87,Desktop,Safari,US
USER000268,24a38e58c1db,2026-01-08 08:54:09.920012,46,82.35,22,0,68.25,Mobile,Edge,AU
USER000269,670e5e165514,2026-01-21 04:54:09.920014,27,27.31,18,2,90.8,Mobile,Edge,US
USER000270,a3ead219d451,2025-12-30 23:54:09.920016,48,49.73,10,2,102.63,Mobile,Firefox,CA
USER000271,c62eb3660c9b,2026-01-06 18:54:09.920018,8,48.31,28,2,144.61,Mobile,Edge,DE
USER000272,3a3b8ed21548,2026-01-02 06:54:09.920020,23,80.7,19,1,121.56,Mobile,Edge,US
USER000273,d27329fbe1c2,2025-12-31 02:54:09.920022,42,44.12,26,0,163.6,Tablet,Firefox,FR
USER000274,a365406801cb,2025-12-26 03:54:09.920024,49,41.31,21,2,299.03,Mobile,Edge,DE
USER000275,27197107271d,2026-01-15 09:54:09.920026,29,8.0,31,2,70.33,Mobile,Safari,CA
USER000276,5cb0930ec149,2025-12-25 18:54:09.920027,20,1.85,21,2,120.84,Desktop,Chrome,FR
USER000277,ea71e94ef23f,2026-01-21 00:54:09.920029,16,21.87,12,0,17.05,Mobile,Edge,IN
USER000278,bcdab4afa345,2026-01-14 17:54:09.920031,17,3.99,22,3,74.32,Desktop,Safari,DE
USER000279,ace514375c44,2026-01-09 07:54:09.920033,16,98.26,20,0,28.45,Desktop,Edge,IN
USER000280,1315864c6354,2026-01-24 15:54:09.920035,19,10.27,16,1,85.66,Desktop,Chrome,CA
USER000281,ea60a10fa8e4,2026-01-16 01:54:09.920036,8,57.51,22,1,72.74,Mobile,Firefox,DE
USER000282,c2ff04477773,2026-01-24 00:54:09.920038,38,14.71,19,0,111.29,Mobile,Chrome,DE
USER000283,88f426999b31,2026-01-09 06:54:09.920040,38,11.71,22,1,56.64,Mobile,Edge,UK
USER000284,f33cb2d9b54e,2025-12-31 22:54:09.920042,29,82.07,22,2,9.81,Desktop,Chrome,FR
USER000285,513fe4101eec,2026-01-04 12:54:09.920044,41,13.54,17,2,39.82,Mobile,Chrome,JP
USER000286,3a3729c78f93,2026-01-19 01:54:09.920046,36,14.84,25,3,53.06,Mobile,Firefox,FR
USER000287,e5280a9e06b3,2026-01-20 01:54:09.920048,26,3.36,22,1,156.14,Desktop,Edge,US
USER000288,767d52f50b1e,2026-01-22 04:54:09.920052,31,33.3,17,2,48.77,Desktop,Chrome,IN
USER000289,3013f0cdc189,2026-01-09 20:54:09.920055,44,10.23,16,0,287.5,Desktop,Chrome,IN
USER000290,65762228abb4,2026-01-09 08:54:09.920058,12,26.43,25,1,153.92,Mobile,Firefox,FR
USER000291,6ff7f84143cc,2026-01-18 19:54:09.920061,17,26.85,15,0,34.59,Mobile,Safari,FR
USER000292,9e40f2f917d8,2026-01-12 04:54:09.920065,15,38.1,24,1,55.18,Desktop,Edge,DE
USER000293,45effd01bfd4,2026-01-05 02:54:09.920068,9,41.02,22,1,156.99,Tablet,Safari,IN
USER000294,e01f175a931c,2026-01-18 14:54:09.920071,39,21.67,16,1,54.49,Desktop,Safari,AU
USER000295,50fa66a5c392,2026-01-01 05:54:09.920074,42,12.06,25,2,36.94,Desktop,Firefox,JP
USER000296,4278b36d42d0,2026-01-06 18:54:09.920077,48,54.5,19,3,44.68,Desktop,Firefox,UK
USER000297,ce725b60c18b,2026-01-14 09:54:09.920080,12,11.13,20,1,72.34,Desktop,Edge,JP
USER000298,328a1aa156bb,2026-01-15 18:54:09.920083,32,21.25,18,4,36.41,Desktop,Safari,US
USER000299,8448561cb7fa,2026-01-15 04:54:09.920086,25,15.39,22,2,117.51,Desktop,Chrome,JP
USER000300,238d502ecbb5,2026-01-22 08:54:09.920090,39,57.95,12,1,332.6,Mobile,Safari,UK
USER000301,bf47d8bae1c3,2026-01-18 20:54:09.920093,18,16.96,30,2,86.86,Desktop,Firefox,US
USER000302,b2e19e6fb8bb,2026-01-19 17:54:09.920095,15,14.64,23,0,108.88,Mobile,Chrome,CA
USER000303,43f3a3fca65b,2025-12-26 01:54:09.920098,32,35.12,15,3,62.21,Mobile,Chrome,DE
USER000304,1c0588da81af,2025-12-25 17:54:09.920101,6,27.67,18,2,334.05,Desktop,Firefox,FR
USER000305,76e71bc43578,2026-01-18 15:54:09.920104,44,3.4,14,4,46.02,Mobile,Chrome,FR
USER000306,47d8b10023fc,2026-01-08 15:54:09.920107,43,21.29,22,2,85.65,Desktop,Safari,AU
USER000307,03c7340aa7bc,2026-01-23 15:54:09.920109,35,39.89,20,2,109.97,Mobile,Firefox,JP
USER000308,5f694ece4635,2025-12-26 01:54:09.920112,34,145.13,16,2,47.74,Tablet,Edge,IN
USER000309,03843a52b068,2026-01-06 15:54:09.920116,38,29.76,14,1,92.08,Desktop,Firefox,IN
USER000310,4fc082f2f887,2026-01-08 21:54:09.920119,5,13.88,25,1,156.86,Tablet,Edge,UK
USER000311,eecda220b3a0,2026-01-22 10:54:09.920122,18,7.69,26,1,52.62,Mobile,Edge,UK
USER000312,a1b425c258c6,2025-12-25 19:54:09.920125,16,61.87,27,1,23.21,Tablet,Firefox,UK
USER000313,ec77f1842ada,2026-01-20 05:54:09.920128,8,50.55,22,1,151.51,Mobile,Firefox,IN
USER000314,c50be995d82b,2025-12-27 11:54:09.920131,25,7.99,25,3,122.36,Desktop,Edge,FR
USER000315,b09e71a61210,2025-12-30 22:54:09.920135,32,6.72,14,2,82.65,Mobile,Edge,IN
USER000316,6e32174f4482,2026-01-21 14:54:09.920138,26,37.67,19,4,51.9,Desktop,Chrome,UK
USER000317,214fdca9c5b4,2026-01-04 09:54:09.920141,22,11.35,26,2,7.0,Desktop,Firefox,DE
USER000318,4deccb953fac,2025-12-30 09:54:09.920145,31,10.98,17,2,202.42,Desktop,Firefox,US
USER000319,baea2a76ecb4,2026-01-18 00:54:09.920148,43,4.96,21,3,40.49,Desktop,Chrome,FR
USER000320,1016c508c3d5,2026-01-23 11:54:09.920151,10,9.19,18,1,45.01,Mobile,Firefox,DE
USER000321,a1800290635d,2026-01-18 11:54:09.920155,12,16.73,17,3,45.2,Mobile,Chrome,CA
USER000322,15208e8456ad,2026-01-09 03:54:09.920158,28,39.6,24,1,164.77,Tablet,Chrome,JP
USER000323,11371e56dec6,2026-01-18 17:54:09.920161,6,12.3,18,1,241.02,Desktop,Firefox,DE
USER000324,7df110ccd7be,2026-01-21 09:54:09.920164,20,11.95,26,1,46.73,Tablet,Safari,JP
USER000325,1de036674af0,2026-01-14 07:54:09.920167,5,10.06,19,2,36.27,Tablet,Edge,DE
USER000326,724b7c809c04,2026-01-21 11:54:09.920169,23,19.52,18,2,76.05,Desktop,Firefox,CA
USER000327,9dd0ddc312e3,2026-01-24 05:54:09.920171,9,5.98,23,1,55.03,Desktop,Safari,DE
USER000328,2a4601796f36,2025-12-31 11:54:09.920172,29,19.94,20,1,33.85,Mobile,Chrome,US
USER000329,4701125f09f2,2026-01-06 23:54:09.920174,16,36.54,20,3,194.5,Mobile,Safari,FR
USER000330,219cf36a876a,2026-01-18 08:54:09.920176,46,0.91,20,2,139.87,Mobile,Firefox,JP
USER000331,4b0f53babb36,2026-01-16 23:54:09.920178,22,0.29,25,1,24.78,Mobile,Firefox,AU
USER000332,e69c1a4baa4e,2026-01-04 16:54:09.920180,8,2.34,12,2,107.72,Desktop,Safari,IN
USER000333,eab867c2ad76,2026-01-18 18:54:09.920182,20,23.01,20,2,101.23,Desktop,Firefox,CA
USER000334,7eaad5b469d3,2026-01-02 05:54:09.920183,14,57.82,19,3,144.13,Mobile,Edge,JP
USER000335,a0c262cd7f47,2025-12-25 22:54:09.920185,39,0.15,18,1,27.12,Desktop,Safari,FR
USER000336,afd1f3560e4f,2026-01-11 23:54:09.920187,37,82.78,24,0,185.36,Mobile,Chrome,UK
USER000337,44d5b7ba5489,2026-01-04 16:54:09.920189,34,3.37,9,1,70.53,Mobile,Safari,JP
USER000338,438324379d20,2026-01-07 04:54:09.920191,11,55.35,17,1,132.47,Mobile,Safari,US
USER000339,94487eb61f46,2026-01-10 08:54:09.920193,40,19.78,13,3,33.53,Tablet,Safari,AU
USER000340,e6522df4b6b0,2026-01-05 19:54:09.920195,33,32.31,22,1,55.98,Desktop,Safari,US
USER000341,f8e2b8db4d5a,2025-12-28 05:54:09.920196,31,21.44,19,3,47.37,Mobile,Chrome,JP
USER000342,1892a3dda7d0,2025-12-26 02:54:09.920198,44,19.45,21,1,14.54,Mobile,Chrome,US
USER000343,27ddc37e2de6,2026-01-24 04:54:09.920200,34,54.04,19,4,34.26,Tablet,Chrome,UK
USER000344,5b85e16cae21,2026-01-12 12:54:09.920202,7,42.3,22,0,45.31,Mobile,Safari,AU
USER000345,fd08334f5ca5,2026-01-20 00:54:09.920204,49,19.81,17,3,75.21,Desktop,Edge,IN
USER000346,74d4cdb4ae8c,2026-01-18 02:54:09.920205,23,3.55,13,3,137.78,Tablet,Edge,US
USER000347,d15e528e8863,2026-01-22 04:54:09.920207,46,3.68,13,3,185.23,Mobile,Chrome,UK
USER000348,cee35ae15170,2025-12-28 08:54:09.920209,7,48.51,23,0,160.07,Desktop,Edge,CA
USER000349,69bf0559aee3,2026-01-23 09:54:09.920212,25,22.61,36,1,168.81,Mobile,Edge,UK
USER000350,fbebcf65022d,2025-12-29 23:54:09.920215,3,19.71,19,2,219.89,Mobile,Edge,DE
USER000351,1b155eeaccf5,2026-01-17 08:54:09.920217,38,34.24,26,0,90.14,Mobile,Edge,JP
USER000352,0b735e94e021,2026-01-03 06:54:09.920219,20,58.74,21,0,172.7,Desktop,Edge,FR
USER000353,dc8f684e14b6,2026-01-17 21:54:09.920220,34,29.74,16,1,57.01,Mobile,Firefox,JP
USER000354,e10d0bec89b9,2026-01-24 06:54:09.920223,49,43.17,22,1,85.54,Mobile,Chrome,JP
USER000355,af905aa47d0a,2026-01-07 20:54:09.920224,44,43.48,15,2,81.23,Mobile,Safari,UK
USER000356,5a7e5575c492,2026-01-06 16:54:09.920226,44,13.21,23,0,116.2,Desktop,Edge,UK
USER000357,2b785f00903e,2025-12-26 17:54:09.920228,30,9.61,16,1,80.24,Desktop,Firefox,UK
USER000358,9f139b339640,2026-01-05 08:54:09.920230,17,48.46,21,1,40.69,Mobile,Safari,JP
USER000359,322b90df78c1,2026-01-01 02:54:09.920232,10,14.2,14,2,54.31,Mobile,Firefox,IN
USER000360,0b0fc405045b,2026-01-13 17:54:09.920234,35,70.1,23,0,69.12,Desktop,Edge,US
USER000361,06f55d88f7f9,2025-12-31 08:54:09.920236,20,2.17,29,1,13.13,Desktop,Edge,IN
USER000362,eeeb9d4a0d83,2026-01-03 08:54:09.920237,18,1.8,12,3,205.2,Desktop,Edge,AU
USER000363,d4035befce90,2026-01-11 16:54:09.920239,45,78.52,27,5,102.79,Mobile,Edge,UK
USER000364,6a333c5b5bd9,2026-01-15 01:54:09.920241,44,31.36,19,4,117.91,Desktop,Safari,UK
USER000365,257e1ddceab4,2026-01-06 16:54:09.920243,27,14.32,17,3,152.69,Desktop,Safari,DE
USER000366,de385f28aec3,2026-01-18 01:54:09.920245,49,42.2,21,1,151.94,Desktop,Firefox,DE
USER000367,c0b556eefbc6,2026-01-13 03:54:09.920247,36,33.47,19,2,48.45,Mobile,Chrome,CA
USER000368,004d6a5cd004,2026-01-20 19:54:09.920248,23,22.73,20,1,126.37,Desktop,Edge,CA
USER000369,01dc87314411,2026-01-02 11:54:09.920250,32,3.12,25,2,128.3,Desktop,Firefox,DE
USER000370,37e0af4ad744,2026-01-08 15:54:09.920252,10,50.17,22,1,84.47,Tablet,Firefox,AU
USER000371,4a8ae53598e7,2026-01-19 09:54:09.920254,11,60.3,21,2,37.34,Desktop,Firefox,CA
USER000372,b3ced0911931,2026-01-15 17:54:09.920256,38,5.67,31,1,107.64,Desktop,Edge,FR
USER000373,bae46162b6e2,2026-01-07 15:54:09.920258,6,57.02,17,0,276.29,Tablet,Edge,FR
USER000374,48d6ce289e29,2025-12-29 08:54:09.920259,41,63.07,23,2,70.81,Desktop,Firefox,AU
USER000375,1b869363da49,2026-01-22 08:54:09.920261,47,23.92,17,0,74.23,Mobile,Edge,DE
USER000376,1e412b831cb1,2026-01-15 09:54:09.920263,34,32.03,19,1,102.36,Desktop,Firefox,CA
USER000377,ea195092c562,2026-01-08 00:54:09.920265,36,14.45,25,0,186.75,Mobile,Safari,UK
USER000378,bbafc525d32a,2026-01-16 21:54:09.920267,37,9.93,22,1,15.15,Desktop,Edge,DE
USER000379,5d7863557001,2025-12-31 21:54:09.920268,17,38.4,22,0,235.6,Mobile,Safari,CA
USER000380,12ecac44fa6b,2025-12-29 22:54:09.920272,40,59.39,19,3,13.0,Desktop,Chrome,AU
USER000381,a8fc895cbaa5,2026-01-21 10:54:09.920275,40,31.85,19,1,287.7,Desktop,Edge,FR
USER000382,19495331eb14,2025-12-26 04:54:09.920278,12,21.5,24,1,94.16,Mobile,Chrome,JP
USER000383,520ca7d25187,2026-01-04 18:54:09.920282,21,5.19,23,1,30.96,Tablet,Firefox,AU
USER000384,7e4b2e1f434c,2026-01-04 09:54:09.920285,40,1.65,16,2,69.5,Desktop,Edge,JP
USER000385,a7d7fb3f221e,2026-01-11 09:54:09.920288,19,17.7,21,2,9.04,Mobile,Edge,CA
USER000386,239c42ec4d08,2025-12-27 21:54:09.920291,3,1.52,23,2,66.91,Desktop,Edge,AU
USER000387,4c1ca0b46659,2025-12-28 08:54:09.920295,18,25.27,25,2,80.5,Mobile,Chrome,CA
USER000388,9c1cdb8d69c9,2026-01-07 11:54:09.920298,19,14.47,21,3,123.77,Desktop,Chrome,CA
USER000389,44874e303a51,2026-01-08 12:54:09.920301,47,42.46,25,3,105.13,Mobile,Firefox,JP
USER000390,c86cd2652172,2026-01-17 17:54:09.920305,6,10.94,17,2,43.18,Desktop,Safari,AU
USER000391,e2d6057d2149,2026-01-22 10:54:09.920308,16,26.97,20,1,92.93,Desktop,Safari,US
USER000392,e73ae9b10181,2026-01-08 21:54:09.920311,8,23.15,19,2,76.74,Desktop,Chrome,UK
USER000393,4b1d265a1cd2,2025-12-28 03:54:09.920314,48,0.14,26,1,24.1,Desktop,Edge,DE
USER000394,c269de9cd262,2026-01-06 15:54:09.920317,18,2.25,23,2,57.85,Tablet,Safari,FR
USER000395,ebb61dc2c8a4,2026-01-16 10:54:09.920321,48,10.29,17,2,130.41,Tablet,Safari,UK
USER000396,b8035246af88,2026-01-13 05:54:09.920324,43,64.17,23,2,101.3,Mobile,Chrome,DE
USER000397,2c81ebee24a9,2026-01-20 02:54:09.920327,39,4.77,14,3,28.94,Desktop,Firefox,DE
USER000398,37ae6b82a055,2026-01-20 07:54:09.920330,49,37.23,27,0,83.33,Desktop,Chrome,FR
USER000399,a3dcef088746,2026-01-21 10:54:09.920333,49,108.77,24,0,30.23,Mobile,Chrome,UK
USER000400,caa35d45a8f1,2026-01-09 06:54:09.920336,12,46.9,15,1,68.44,Tablet,Edge,FR
USER000401,988cf7842a10,2025-12-30 00:54:09.920339,45,8.35,18,3,65.89,Desktop,Chrome,CA
USER000402,03026f2256aa,2026-01-10 10:54:09.920343,10,71.7,14,2,94.09,Mobile,Edge,FR
USER000403,afb60e68de63,2026-01-23 13:54:09.920346,7,2.93,19,2,87.01,Tablet,Firefox,JP
USER000404,36c39959ec99,2026-01-14 12:54:09.920349,46,18.94,15,2,30.36,Mobile,Edge,JP
USER000405,b48267cd7424,2026-01-12 17:54:09.920353,1,65.56,16,2,56.6,Desktop,Firefox,AU
USER000406,fb1be7baf9f3,2026-01-17 19:54:09.920356,49,30.76,16,3,35.17,Desktop,Firefox,US
USER000407,5d1b08bd81af,2026-01-01 15:54:09.920359,36,16.01,14,2,75.56,Desktop,Firefox,US
USER000408,294d641e6af2,2026-01-20 04:54:09.920362,21,10.39,12,2,31.16,Mobile,Chrome,US
USER000409,233d6484b1d5,2026-01-21 23:54:09.920365,37,14.1,17,2,154.85,Desktop,Edge,UK
USER000410,1966638400c2,2026-01-15 17:54:09.920369,24,21.34,23,1,55.58,Desktop,Safari,JP
USER000411,ca0f655f0748,2025-12-30 06:54:09.920372,25,11.53,18,2,348.14,Mobile,Chrome,UK
USER000412,a27b44d19146,2026-01-24 06:54:09.920375,7,104.18,19,1,96.57,Desktop,Firefox,CA
USER000413,f5e8893b9a23,2026-01-11 13:54:09.920378,42,81.13,19,0,24.11,Desktop,Safari,IN
USER000414,6c8945a4ff43,2026-01-16 17:54:09.920381,17,61.36,16,2,25.96,Mobile,Chrome,US
USER000415,a7f69e90573a,2026-01-01 05:54:09.920385,29,16.44,18,1,200.67,Mobile,Safari,CA
USER000416,af992df3ec38,2026-01-16 03:54:09.920388,30,35.26,21,4,23.32,Mobile,Firefox,JP
USER000417,f277a17990d1,2025-12-28 12:54:09.920391,7,69.94,19,1,192.46,Desktop,Safari,IN
USER000418,d30138891d25,2026-01-23 08:54:09.920393,33,57.0,14,1,123.51,Mobile,Safari,US
USER000419,8b66c08217d2,2026-01-14 11:54:09.920395,7,16.05,24,1,95.01,Mobile,Firefox,UK
USER000420,cb21fcef9143,2026-01-13 06:54:09.920397,24,3.58,19,0,193.99,Desktop,Safari,IN
USER000421,54d5066bf732,2026-01-21 02:54:09.920399,11,2.36,22,1,151.31,Mobile,Chrome,AU
USER000422,07018d5d337e,2025-12-31 10:54:09.920400,9,25.82,14,1,72.69,Desktop,Safari,AU
USER000423,791e252c38d8,2025-12-31 15:54:09.920402,12,30.87,18,0,14.04,Desktop,Edge,AU
USER000424,2ac3abb7ea06,2026-01-22 20:54:09.920404,35,56.88,17,1,125.31,Desktop,Chrome,FR
USER000425,f45cb3b6b8c8,2025-12-31 16:54:09.920406,4,10.38,21,1,34.75,Desktop,Safari,AU
USER000426,0863511fcbbf,2026-01-04 02:54:09.920408,36,5.5,18,2,37.59,Desktop,Edge,DE
USER000427,c67019123bfa,2026-01-22 19:54:09.920409,28,14.29,17,0,70.74,Mobile,Edge,US
USER000428,e3d5e3d21fcf,2026-01-22 16:54:09.920411,13,13.09,21,2,49.3,Desktop,Edge,AU
USER000429,1d61eb08948b,2026-01-11 07:54:09.920413,23,4.26,20,2,77.36,Tablet,Safari,IN
USER000430,91cc23b9b7df,2026-01-20 18:54:09.920415,19,33.47,14,1,66.71,Mobile,Firefox,JP
USER000431,866becc9ceef,2026-01-11 13:54:09.920416,42,21.32,21,3,89.09,Desktop,Edge,DE
USER000432,7051ac526a75,2026-01-24 09:54:09.920418,37,38.31,19,2,117.63,Desktop,Firefox,DE
USER000433,a40854ebd9ee,2026-01-09 12:54:09.920420,39,13.05,19,2,218.36,Mobile,Chrome,DE
USER000434,08b2e6707414,2026-01-12 16:54:09.920422,24,11.82,23,1,136.85,Mobile,Firefox,CA
USER000435,fa482baab126,2026-01-07 18:54:09.920424,16,19.19,17,2,111.93,Desktop,Firefox,IN
USER000436,61f80db23861,2026-01-03 09:54:09.920426,33,62.97,18,2,60.97,Desktop,Firefox,CA
USER000437,0052575e9a9c,2026-01-16 10:54:09.920427,12,1.23,22,1,53.57,Mobile,Firefox,DE
USER000438,18f06da2d9b2,2026-01-11 07:54:09.920429,34,49.02,27,1,11.03,Desktop,Firefox,FR
USER000439,7b47bddb37d3,2026-01-08 01:54:09.920431,7,13.81,23,1,63.91,Mobile,Chrome,AU
USER000440,19ac5f2a7fe8,2026-01-09 13:54:09.920433,11,57.85,26,2,126.61,Mobile,Chrome,JP
USER000441,8ffb4ac02640,2026-01-19 05:54:09.920435,31,48.62,22,1,19.04,Desktop,Firefox,US
USER000442,2d4674ec7fba,2025-12-25 18:54:09.920437,29,12.87,20,2,71.67,Desktop,Firefox,IN
USER000443,733e2ccac87c,2025-12-26 23:54:09.920465,13,35.51,13,0,87.63,Desktop,Edge,FR
USER000444,dde25e8cc379,2026-01-20 14:54:09.920469,31,5.22,24,2,106.15,Mobile,Chrome,UK
USER000445,0ed7288d2d00,2026-01-10 14:54:09.920472,2,67.98,22,1,117.02,Desktop,Safari,CA
USER000446,d93e9ecd73af,2026-01-07 08:54:09.920474,39,15.55,16,1,152.54,Desktop,Chrome,AU
USER000447,d75680ac4cbd,2026-01-03 06:54:09.920476,15,18.24,15,2,24.13,Mobile,Safari,AU
USER000448,9cfbca576205,2026-01-20 10:54:09.920478,11,36.7,17,0,96.85,Desktop,Edge,UK
USER000449,2b0d0090163c,2026-01-03 07:54:09.920480,34,51.58,16,0,82.7,Desktop,Firefox,UK
USER000450,aa697e6d1a42,2026-01-18 08:54:09.920482,39,8.09,16,1,11.19,Mobile,Edge,IN
USER000451,838e809a93c0,2026-01-23 17:54:09.920484,4,32.48,18,2,208.8,Desktop,Firefox,AU
USER000452,d1ed6d07af00,2025-12-30 16:54:09.920486,11,14.93,14,3,150.04,Tablet,Chrome,UK
USER000453,22d0742e0333,2026-01-08 10:54:09.920487,29,13.8,14,3,35.41,Mobile,Firefox,AU
USER000454,2962e5c26ef3,2026-01-04 09:54:09.920489,2,35.14,18,1,51.08,Desktop,Safari,FR
USER000455,bb9d2311d9c6,2025-12-30 17:54:09.920491,16,14.69,21,0,58.5,Desktop,Safari,IN
USER000456,b19c9d11df6c,2026-01-23 03:54:09.920493,39,12.74,21,2,205.1,Desktop,Edge,JP
USER000457,71fc8514eef2,2026-01-12 08:54:09.920495,13,54.22,13,2,126.58,Mobile,Chrome,UK
USER000458,99f917ff26d0,2026-01-17 20:54:09.920497,37,3.2,24,1,122.67,Desktop,Safari,FR
USER000459,4c92c611a6fd,2026-01-18 06:54:09.920499,17,33.8,30,0,87.43,Tablet,Edge,FR
USER000460,6d08f15f4370,2025-12-26 15:54:09.920501,21,8.58,18,1,157.59,Mobile,Chrome,UK
USER000461,c662a6d70c8a,2026-01-04 23:54:09.920503,44,0.47,24,2,8.05,Desktop,Chrome,IN
USER000462,0d69ef14ddbb,2026-01-21 09:54:09.920504,19,5.47,16,1,70.31,Mobile,Edge,AU
USER000463,6546af075773,2025-12-29 01:54:09.920506,7,27.99,15,2,156.34,Desktop,Safari,JP
USER000464,6121a423e210,2026-01-20 18:54:09.920508,38,37.05,19,1,149.84,Mobile,Safari,DE
USER000465,e3cab9232e4e,2026-01-14 20:54:09.920510,8,0.64,17,0,201.95,Mobile,Edge,AU
USER000466,3b5c3b33b984,2026-01-15 13:54:09.920512,13,1.11,18,1,162.69,Desktop,Safari,US
USER000467,629d1952ca21,2025-12-26 16:54:09.920514,37,69.85,19,1,43.12,Desktop,Edge,UK
USER000468,a81d3d02daa0,2025-12-27 20:54:09.920515,2,2.28,27,0,26.86,Mobile,Safari,CA
USER000469,886d0a8197f1,2026-01-18 17:54:09.920517,41,67.38,10,0,103.94,Mobile,Safari,IN
USER000470,1a52aeee698e,2026-01-17 21:54:09.920519,11,7.77,18,1,212.14,Tablet,Edge,UK
USER000471,886fe1bcd63b,2026-01-03 08:54:09.920521,24,40.41,23,0,59.33,Desktop,Edge,US
USER000472,2ceddf87738f,2026-01-02 17:54:09.920523,6,11.12,22,1,100.36,Desktop,Safari,FR
USER000473,8ed90238f352,2025-12-29 18:54:09.920525,26,58.72,22,3,195.51,Desktop,Edge,CA
USER000474,1f355fcd8775,2025-12-27 22:54:09.920527,7,36.16,18,1,39.12,Mobile,Safari,CA
USER000475,4f80ae9472d7,2026-01-02 10:54:09.920529,39,15.42,24,2,212.83,Desktop,Firefox,AU
USER000476,15a634f11678,2026-01-10 04:54:09.920530,19,2.38,16,1,20.29,Desktop,Chrome,DE
USER000477,c90838c10918,2026-01-05 15:54:09.920532,6,39.58,15,1,101.89,Mobile,Chrome,AU
USER000478,b00502d44c3b,2026-01-19 03:54:09.920534,43,28.78,18,0,131.05,Mobile,Safari,IN
USER000479,8ddf8b7ea83f,2026-01-10 06:54:09.920536,29,0.09,20,1,143.28,Desktop,Chrome,CA
USER000480,91282dc42455,2026-01-12 08:54:09.920538,43,0.28,27,1,20.87,Desktop,Safari,JP
USER000481,3487219aeade,2026-01-09 09:54:09.920540,39,49.63,17,0,109.96,Mobile,Edge,JP
USER000482,3cc7c492eb2c,2025-12-29 03:54:09.920541,2,9.01,21,2,42.74,Desktop,Firefox,CA
USER000483,f188a65ff8e1,2026-01-06 08:54:09.920543,19,30.33,25,1,102.76,Desktop,Chrome,JP
USER000484,2e0c1aa222d1,2026-01-23 01:54:09.920545,4,18.17,25,1,77.37,Desktop,Chrome,JP
USER000485,1100f62dbe28,2025-12-26 14:54:09.920547,6,59.73,22,0,11.75,Mobile,Edge,DE
USER000486,cb80c6b3a96d,2026-01-08 05:54:09.920549,49,74.65,21,2,180.82,Mobile,Firefox,IN
USER000487,1686cf3effb6,2026-01-14 13:54:09.920551,37,172.41,16,2,72.12,Desktop,Firefox,UK
USER000488,4a8b7a9cb533,2026-01-15 20:54:09.920552,28,5.01,23,1,238.66,Desktop,Firefox,DE
USER000489,15df2b993d3b,2025-12-29 16:54:09.920554,30,59.63,24,1,74.12,Mobile,Edge,FR
USER000490,51de17406292,2025-12-29 20:54:09.920556,7,9.28,27,1,119.95,Tablet,Chrome,AU
USER000491,06231accf440,2026-01-21 13:54:09.920558,9,26.81,27,0,60.76,Mobile,Chrome,JP
USER000492,b05cf03c75dc,2026-01-18 05:54:09.920560,25,21.14,19,2,85.61,Tablet,Firefox,UK
USER000493,da00c8b3c308,2025-12-31 13:54:09.920562,33,0.54,13,2,114.88,Mobile,Edge,AU
USER000494,68d7e363c96a,2025-12-28 23:54:09.920563,1,80.99,16,0,19.84,Mobile,Edge,JP
USER000495,444655927074,2026-01-03 12:54:09.920565,6,2.45,20,0,45.2,Desktop,Edge,DE
USER000496,c915c078827c,2026-01-20 14:54:09.920567,18,34.96,16,2,170.8,Desktop,Firefox,UK
USER000497,c9fbc716ded5,2026-01-24 02:54:09.920569,10,46.11,21,1,197.53,Desktop,Edge,DE
USER000498,5662f857ff6b,2026-01-18 15:54:09.920571,28,47.58,24,0,54.45,Mobile,Firefox,FR
USER000499,027f1abe43f6,2026-01-11 13:54:09.920573,11,4.37,28,2,122.29,Tablet,Firefox,US
USER000500,ede3f2c9308c,2026-01-01 09:54:09.920575,33,17.8,12,1,162.57,Mobile,Firefox,CA
